place_id,kgmid,name,main_category,categories,rating,reviews,phone,website,address,detailed_address,coordinates,link,menu,order_online_links,featured_image,price_range,hours
ChIJ1Q9YG9VN4DsRd8WihchnHR0,/g/1vcl26y3,Mahalaxmi Juice & Fast Food Corner.,Restaurant,"[""Restaurant""]",4.4,16506,096646 42747,,"I-1, MUKTANAND NAGAR, SOCIETY, New Rander Rd, nr. Sardar Vallabhbhai Patel Bridge, ROAD, Adajan, Surat, Gujarat 395009","{""ward"":""Opposite Krishna Complex, Near Gujarat Gas Circle, ROAD, Adajan"",""street"":""I-1, MUKTANAND NAGAR, SOCIETY, New Rander Rd, nr. Sardar Vallabhbhai Patel Bridge"",""city"":""Surat"",""postal_code"":""395009"",""state"":""Gujarat"",""country_code"":""IN""}","{""latitude"":21.1947953,""longitude"":72.80175679999999}",https://www.google.com/maps/place/Mahalaxmi+Juice+%26+Fast+Food+Corner./data=!4m7!3m6!1s0x3be04dd51b580fd5:0x1d1d67c885a2c577!8m2!3d21.1947953!4d72.8017568!16s%2Fg%2F1vcl26y3!19sChIJ1Q9YG9VN4DsRd8WihchnHR0?authuser=0&rclk=1&hl=en,,[],https://lh3.googleusercontent.com/gps-cs-s/AHRPTWnlMI_syfNhZZslSr3GGaams4iN5n2wQpEntLIvOp9J10BRV1vj4TfVQUYE6i7RJo2od5aUzF4AphJRltXzxq0xaU-9jVDP4pBsUrS06YnFn-W7fJw5twe3dBuNtYFSDWTPbpQ-=w1920-h1080-k-no,,"[{""day"":""Monday"",""times"":[""11 am-12 am""]},{""day"":""Tuesday"",""times"":[""11 am-12 am""]},{""day"":""Wednesday"",""times"":[""11 am-12 am""]},{""day"":""Thursday"",""times"":[""11 am-12 am""]},{""day"":""Friday"",""times"":[""11 am-12 am""]},{""day"":""Saturday"",""times"":[""11 am-12 am""]},{""day"":""Sunday"",""times"":[""11 am-12 am""]}]"
ChIJj506osxN4DsR5-WDQ7s6aXc,/g/1q5gjdxrz,McDonald's,Fast food restaurant,"[""Fast food restaurant"",""Breakfast restaurant"",""Coffee shop"",""Dessert shop"",""Family restaurant"",""Meal delivery"",""Restaurant""]",4.2,11385,089283 04168,https://mcdelivery.co.in/restaurants/surat/109/order-food-online-in-McDonalds-millionaire-adajan,"S No 3, GF, Millionaire Business Park, Subhash Chandra Bose Marg, Adajan, Surat, Gujarat 395009","{""ward"":""TGB, Adajan Gam, Adajan"",""street"":""S No 3, GF, Millionaire Business Park, Subhash Chandra Bose Marg"",""city"":""Surat"",""postal_code"":""395009"",""state"":""Gujarat"",""country_code"":""IN""}","{""latitude"":21.193998699999998,""longitude"":72.7870322}",https://www.google.com/maps/place/McDonald's/data=!4m7!3m6!1s0x3be04dcca23a9d8f:0x77693abb4383e5e7!8m2!3d21.1939987!4d72.7870322!16s%2Fg%2F1q5gjdxrz!19sChIJj506osxN4DsR5-WDQ7s6aXc?authuser=0&hl=en&g_ep=EgoyMDI2MDgxOS4wIJJjKgBIAVAD&rclk=1,,[],https://lh3.googleusercontent.com/gps-cs-s/AHRPTWkBJhpBi6bmQ9BrxJHegfntCSQE9BXfLxFH1S9UBAprDH3U9P25pbn1OkdiwuBeF3mzYMbdNUUlyi7Wm8_Sjk-A1jcavmKiX-FO65C77f0k-sHJslaBsGdUYZBrDhUQQOwJrHbj=w1920-h1080-k-no,,"[{""day"":""Monday"",""times"":[""11 am-4 am""]},{""day"":""Tuesday"",""times"":[""11 am-4 am""]},{""day"":""Wednesday"",""times"":[""11 am-4 am""]},{""day"":""Thursday"",""times"":[""11 am-4 am""]},{""day"":""Friday"",""times"":[""11 am-4 am""]},{""day"":""Saturday"",""times"":[""11 am-4 am""]},{""day"":""Sunday"",""times"":[""11 am-4 am""]}]"
ChIJk-5_CaVN4DsR4-N9rK17U3o,/g/1pp2vbbbb,De' Villa Garden Restro Lounge,Modern Indian restaurant,"[""Modern Indian restaurant"",""Chinese noodle restaurant"",""Continental restaurant"",""Garden"",""Restaurant""]",4.3,8912,081288 70440,https://de-villa-garden.grexa.site/,"L.P Savani Sports Complex Adajan, Hazira Rd, Bhatha, Surat, Gujarat 394510","{""ward"":""Bhatha"",""street"":""L.P Savani Sports Complex Adajan, Hazira Rd"",""city"":""Surat"",""postal_code"":""394510"",""state"":""Gujarat"",""country_code"":""IN""}","{""latitude"":21.179795799999997,""longitude"":72.76613569999999}",https://www.google.com/maps/place/De'+Villa+Garden+Restro+Lounge/data=!4m7!3m6!1s0x3be04da5097fee93:0x7a537badac7de3e3!8m2!3d21.1797958!4d72.7661357!16s%2Fg%2F1pp2vbbbb!19sChIJk-5_CaVN4DsR4-N9rK17U3o?authuser=0&rclk=1,"{""link"":""https://www.devilla.co.in/menu/page-46318304"",""source"":""devilla.co.in""}","[{""link"":""https://www.swiggy.com/restaurants/de-villa-garden-restro-lounge-gam-adajan-surat-676279/dineout?is_retargeting=true&media_source=GoogleReserve&utm_campaign=GoogleMap&utm_source=GoogleReserve"",""source"":""swiggy.com""},{""link"":""https://www.district.in/dining/surat/de-villa-garden-restro-lounge-pal-gam/book?utm_source=rwg"",""source"":""district.in""},{""link"":""https://www.zomato.com/surat/de-villa-garden-restro-lounge-pal-gam/book?utm_source=rwg"",""source"":""zomato.com""},{""link"":""https://www.eazydiner.com/surat/de-villa-garden-restro-lounge-adajan-surat-704088"",""source"":""eazydiner.com""}]",https://lh3.googleusercontent.com/gps-cs-s/AHRPTWknmkncm-wtWTDq20TEKf005rsgwPWIIM8PYn12way9Et7PpZoCFv6ir8dLikOnWc1Ny1OAXLD-9-VU1JVtVPuB1t8z8-5-qEnZ0SQvmkiw9XS3O2x8oMqz4fdzTTN3cWQ5ky5H63-0ZM8=w1920-h1080-k-no,,[]
ChIJA-mkaXdO4DsRQILwPJ_rZOw,/g/1hc2sx4bh,Mysore Cafe,South Indian restaurant,"[""South Indian restaurant"",""Breakfast restaurant"",""Indian restaurant"",""Vegetarian restaurant""]",4.3,7889,0261 246 3767,,"Daruwalla Building Besides Athwa Petrol Pump, Athwalines, Surat, Gujarat 395001","{""ward"":""Athwalines, Athwa Gate"",""street"":""Daruwalla Building Besides Athwa Petrol Pump"",""city"":""Surat"",""postal_code"":""395001"",""state"":""Gujarat"",""country_code"":""IN""}","{""latitude"":21.1850958,""longitude"":72.8085801}",https://www.google.com/maps/place/Mysore+Cafe/data=!4m7!3m6!1s0x3be04e7769a4e903:0xec64eb9f3cf08240!8m2!3d21.1850958!4d72.8085801!16s%2Fg%2F1hc2sx4bh!19sChIJA-mkaXdO4DsRQILwPJ_rZOw?authuser=0&rclk=1&hl=en,,[],https://lh3.googleusercontent.com/gps-cs-s/AHRPTWmTH4IfepaonF7-KEk4AegZCY9z5SHEFyTNBdXM0cYO1oGp1_We_T-sGjPAvQhZur8SrHPKs1VxtKVo0Tya_Z7LGVwp6JW_fqpStnYk7sEp6jLRaWfRKkcaKJDqlPsDkRESThdKzlwPxSw=w1920-h1080-k-no,1-200,"[{""day"":""Monday"",""times"":[""8 am-10:30 pm""]},{""day"":""Tuesday"",""times"":[""8 am-10:30 pm""]},{""day"":""Wednesday"",""times"":[""8 am-10:30 pm""]},{""day"":""Thursday"",""times"":[""8 am-10:30 pm""]},{""day"":""Friday"",""times"":[""8 am-10:30 pm""]},{""day"":""Saturday"",""times"":[""8 am-10:30 pm""]},{""day"":""Sunday"",""times"":[""8 am-10:30 pm""]}]"
ChIJo9ACkm5N4DsRFX7TXc9YKQU,/g/11f6ng9y72,Burger King,Fast food restaurant,"[""Fast food restaurant"",""Family restaurant"",""Food court"",""Takeout restaurant"",""Restaurant""]",4.5,6665,086574 21530,https://stores.burgerking.in/burger-king-fast-food-restaurant-adajan-surat-179235/Home?utm_source=locator&utm_medium=googleplaces,"GF, Valentina Business Hub, S No 4 & 5, LP Savani Rd, Adajan Gam, Adajan, Surat, Gujarat 395009","{""ward"":""Adajan Gam, Adajan"",""street"":""GF, Valentina Business Hub, S No 4 & 5, LP Savani Rd"",""city"":""Surat"",""postal_code"":""395009"",""state"":""Gujarat"",""country_code"":""IN""}","{""latitude"":21.1893018,""longitude"":72.7900008}",https://www.google.com/maps/place/Burger+King/data=!4m7!3m6!1s0x3be04d6e9202d0a3:0x52958cf5dd37e15!8m2!3d21.1893018!4d72.7900008!16s%2Fg%2F11f6ng9y72!19sChIJo9ACkm5N4DsRFX7TXc9YKQU?authuser=0&hl=en&g_ep=EgoyMDI2MDgxOS4wIJJjKgBIAVAD&rclk=1,,"[{""link"":""https://www.swiggy.com/restaurants/burger-king-gam-adajan-surat-907945/dineout?is_retargeting=true&media_source=GoogleReserve&utm_campaign=GoogleMap&utm_source=GoogleReserve"",""source"":""swiggy.com""}]",https://lh3.googleusercontent.com/gps-cs-s/AHRPTWltqkovCd2iqy7k3HDEqXKD0LM6ukYfns8y5FctR7hnXZhbs9uY6NROW2mCsrFgLKPJ_B1yfyRz8fhdBj_RpCSwGlBlg2NKtbeRF6m3D2ctmqlyJUjGRctPtmHqX7oJC2sMLbVJ1cy7wg=w1920-h1080-k-no,200-400,"[{""day"":""Monday"",""times"":[""9 am-5 am""]},{""day"":""Tuesday"",""times"":[""9 am-5 am""]},{""day"":""Wednesday"",""times"":[""9 am-5 am""]},{""day"":""Thursday"",""times"":[""9 am-5 am""]},{""day"":""Friday"",""times"":[""9 am-5 am""]},{""day"":""Saturday"",""times"":[""9 am-5 am""]},{""day"":""Sunday"",""times"":[""9 am-5 am""]}]"
ChIJ-1xs09xN4DsRwYvpnlo4Wwo,/g/11f7q113pk,Lemon Grass Garden Restaurant,Punjabi restaurant,"[""Punjabi restaurant"",""Chinese restaurant"",""Restaurant"",""Vegetarian restaurant""]",4.2,6422,063563 73333,https://lemongrassgardenrestaurant.com/,"Pal Lake, to, Gaurav Path Road, Surat, Gujarat 394510","{""ward"":""Pal Gam"",""street"":""Pal Lake, to, Gaurav Path Road"",""city"":""Surat"",""postal_code"":""394510"",""state"":""Gujarat"",""country_code"":""IN""}","{""latitude"":21.1982101,""longitude"":72.77217499999999}",https://www.google.com/maps/place/Lemon+Grass+Garden+Restaurant/data=!4m7!3m6!1s0x3be04ddcd36c5cfb:0xa5b385a9ee98bc1!8m2!3d21.1982101!4d72.772175!16s%2Fg%2F11f7q113pk!19sChIJ-1xs09xN4DsRwYvpnlo4Wwo?authuser=0&rclk=1,,"[{""link"":""https://www.swiggy.com/restaurants/lemon-grass-garden-restaurant-gam-adajan-surat-392378/dineout?is_retargeting=true&media_source=GoogleReserve&utm_campaign=GoogleMap&utm_source=GoogleReserve"",""source"":""swiggy.com""}]",https://lh3.googleusercontent.com/gps-cs-s/AHRPTWkcVoorMf5ywAEr-3QUSzvH-I60b31qF2ChmPZMcmA6jiSOyfHBFIGm-cTD5eYOoWbELLdEeY2U11yqmJnQoWz7SmpPIQeF_DS79cdglGn5ZZXLBr-8EM1yp7Q-JMq2tsVv9Cww=w1920-h1080-k-no,200-400,"[{""day"":""Monday"",""times"":[""11 am-3 pm"",""6:30-11 pm""]},{""day"":""Tuesday"",""times"":[""11 am-3 pm"",""6:30-11 pm""]},{""day"":""Wednesday"",""times"":[""11 am-3 pm"",""6:30-11 pm""]},{""day"":""Thursday"",""times"":[""11 am-3 pm"",""6:30-11 pm""]},{""day"":""Friday"",""times"":[""11 am-3 pm"",""6:30-11 pm""]},{""day"":""Saturday"",""times"":[""11 am-3 pm"",""6:30-11 pm""]},{""day"":""Sunday"",""times"":[""11 am-3 pm"",""6:30-11 pm""]}]"
ChIJN7D7xXFO4DsRiVPofOzoJoA,/g/1tct75fk,Sasumaa Gujarati Thali,Vegetarian restaurant,"[""Vegetarian restaurant"",""Gujarati restaurant""]",4.1,6255,076986 52652,https://www.sasumaarestaurant.com/,"Mangal Deep Complex, Ring Rd, opp. Vanita Vishram Ground, Vijay Nagar, Majura Gate, Surat, Gujarat 395001","{""ward"":""Vijay Nagar, Majura Gate"",""street"":""Mangal Deep Complex, Ring Rd, opp. Vanita Vishram Ground"",""city"":""Surat"",""postal_code"":""395001"",""state"":""Gujarat"",""country_code"":""IN""}","{""latitude"":21.183059999999998,""longitude"":72.8149145}",https://www.google.com/maps/place/Sasumaa+Gujarati+Thali/data=!4m7!3m6!1s0x3be04e71c5fbb037:0x8026e8ec7ce85389!8m2!3d21.18306!4d72.8149145!16s%2Fg%2F1tct75fk!19sChIJN7D7xXFO4DsRiVPofOzoJoA?authuser=0&rclk=1&hl=en,,"[{""link"":""https://www.swiggy.com/restaurants/sasumaa-gujrati-thali-nanpura-athwa-surat-71104/dineout?is_retargeting=true&media_source=GoogleReserve&utm_campaign=GoogleMap&utm_source=GoogleReserve"",""source"":""swiggy.com""}]",https://lh3.googleusercontent.com/gps-cs-s/AHRPTWntT1Z4s_JCO8jncAuRWHaMJWAgaV8x19Og3YxwrFGxR3TtF2t78Bq4kPsTbF_weCOOJwPdIRJaDPepPg8_EfblnwcCEnc554LRgB4WWjkp2anGnVnjZg85maWHARv_jMNHKu8=w1920-h1080-k-no,200-400,"[{""day"":""Monday"",""times"":[""11:30 am-3:30 pm"",""7-10:30 pm""]},{""day"":""Tuesday"",""times"":[""11:30 am-3:30 pm"",""7-10:30 pm""]},{""day"":""Wednesday"",""times"":[""11:30 am-3:30 pm"",""7-10:30 pm""]},{""day"":""Thursday"",""times"":[""11:30 am-3:30 pm"",""7-10:30 pm""]},{""day"":""Friday"",""times"":[""11:30 am-3:30 pm"",""7-10:30 pm""]},{""day"":""Saturday"",""times"":[""11:30 am-3:30 pm"",""7-10:30 pm""]},{""day"":""Sunday"",""times"":[""11:30 am-3:30 pm"",""7-10:30 pm""]}]"
ChIJ88IfAdVN4DsRQEpl7CKSVWs,/g/1tk_mr6b,Vijay Dairy Products,Dairy store,"[""Dairy store"",""Sweet shop"",""Dairy Products Supplier""]",4.7,6163,098794 92000,https://vijaydairy.com/,"B/1-2, Gujarat Gas Cir, Vishal Nagar Society, Adajan, Surat, Gujarat 395009","{""ward"":""Maitry Society, Vishal Nagar Society, Adajan Gam, Adajan"",""street"":""B/1-2, Gujarat Gas Cir"",""city"":""Surat"",""postal_code"":""395009"",""state"":""Gujarat"",""country_code"":""IN""}","{""latitude"":21.1934534,""longitude"":72.8017868}",https://www.google.com/maps/place/Vijay+Dairy+Products/data=!4m7!3m6!1s0x3be04dd5011fc2f3:0x6b559222ec654a40!8m2!3d21.1934534!4d72.8017868!16s%2Fg%2F1tk_mr6b!19sChIJ88IfAdVN4DsRQEpl7CKSVWs?authuser=0&hl=en&g_ep=EgoyMDI2MDgxOS4wIJJjKgBIAVAD&rclk=1,,[],https://lh3.googleusercontent.com/gps-cs-s/AHRPTWmmrzV9r_iehbDFFm3pFDkMEsXT1w0r7NnOEPKzY-KmWdlNk-tGcs0ZzpoRm0tsTDITDNkOBmI0tVXXcriM92MdWj7x1Y4Fm6P71GrVMjehRXA1Vsayj84cPQ0C97ppgPj3wECNPHpHkKIV=w1920-h1080-k-no,,"[{""day"":""Monday"",""times"":[""7 am-9 pm""]},{""day"":""Tuesday"",""times"":[""7 am-9 pm""]},{""day"":""Wednesday"",""times"":[""7 am-9 pm""]},{""day"":""Thursday"",""times"":[""7 am-9 pm""]},{""day"":""Friday"",""times"":[""7 am-9 pm""]},{""day"":""Saturday"",""times"":[""7 am-9 pm""]},{""day"":""Sunday"",""times"":[""7 am-9 pm""]}]"
ChIJP5Tc0MdN4DsRJYNj70Q2vsw,/g/11h9r3lxcf,Royal Dine Pal RTO | Restaurant | Banquet,Punjabi restaurant,"[""Punjabi restaurant"",""Asian restaurant"",""Chinese restaurant"",""Italian restaurant"",""Mexican restaurant"",""Vegetarian restaurant""]",4.3,5801,072029 44440,https://www.royaldinesurat.com/palrto.html,"1st Floor Marvella Business Hub, Hazira Rd, opp. New RTO, Adajan Gam, Pal Gam, Surat, Gujarat 394510","{""ward"":""Adajan Gam, Pal Gam"",""street"":""1st Floor Marvella Business Hub, Hazira Rd, opp. New RTO"",""city"":""Surat"",""postal_code"":""394510"",""state"":""Gujarat"",""country_code"":""IN""}","{""latitude"":21.183106,""longitude"":72.78311099999999}",https://www.google.com/maps/place/Royal+Dine+Pal+RTO+%7C+Restaurant+%7C+Banquet/data=!4m7!3m6!1s0x3be04dc7d0dc943f:0xccbe3644ef638325!8m2!3d21.183106!4d72.783111!16s%2Fg%2F11h9r3lxcf!19sChIJP5Tc0MdN4DsRJYNj70Q2vsw?authuser=0&rclk=1&hl=en,,"[{""link"":""https://www.swiggy.com/restaurants/royal-dine-restaurant-and-banquet-gam-adajan-surat-73026/dineout?is_retargeting=true&media_source=GoogleReserve&utm_campaign=GoogleMap&utm_source=GoogleReserve"",""source"":""swiggy.com""},{""link"":""https://www.zomato.com/surat/royal-dine-restaurant-banquet-pal-gam/book?utm_source=rwg"",""source"":""zomato.com""},{""link"":""https://www.district.in/dining/surat/royal-dine-restaurant-banquet-pal-gam/book?utm_source=rwg"",""source"":""district.in""}]",https://lh3.googleusercontent.com/gps-cs-s/AHRPTWmSNZFqJSGgYalfHxEAUvkdv-yGCPR2KvFeEcylm7I5cvrIMfq6K2gIYQ6ILQY_qOb5iqE-8qmxCqKaSAY-3u-eoRlXa2HFKSPYqjsTW-_fwLmE3JgVF8KU4qQ-upj2GDzjJ0Cs=w1920-h1080-k-no,200-400,"[{""day"":""Monday"",""times"":[""11 am-3 pm"",""6:45-10:45 pm""]},{""day"":""Tuesday"",""times"":[""11 am-3 pm"",""6:45-10:45 pm""]},{""day"":""Wednesday"",""times"":[""11 am-3 pm"",""6:45-10:45 pm""]},{""day"":""Thursday"",""times"":[""11 am-3 pm"",""6:45-10:45 pm""]},{""day"":""Friday"",""times"":[""11 am-3 pm"",""6:45-10:45 pm""]},{""day"":""Saturday"",""times"":[""11 am-3 pm"",""6:45-10:45 pm""]},{""day"":""Sunday"",""times"":[""11 am-3 pm"",""6:45-10:45 pm""]}]"
ChIJiZAxdDFM4DsRX69Mi10EZtQ,/g/1260z363n,Mahesh Pavbhaji,Dessert restaurant,"[""Dessert restaurant""]",4.4,5507,096622 86901,,"Shop 1-2 Garden View Appartment, Chatrapati Shivaji Marg, Surat, Gujarat 395009","{""ward"":""Adajan Gam, Adajan"",""street"":""Shop 1-2 Garden View Appartment, Chatrapati Shivaji Marg"",""city"":""Surat"",""postal_code"":""395009"",""state"":""Gujarat"",""country_code"":""IN""}","{""latitude"":21.202441,""longitude"":72.789227}",https://www.google.com/maps/place/Mahesh+Pavbhaji/data=!4m7!3m6!1s0x3be04c3174319089:0xd466045d8b4caf5f!8m2!3d21.202441!4d72.789227!16s%2Fg%2F1260z363n!19sChIJiZAxdDFM4DsRX69Mi10EZtQ?authuser=0&hl=en&g_ep=EgoyMDI2MDgxOS4wIJJjKgBIAVAD&rclk=1,,"[{""link"":""https://www.swiggy.com/restaurants/mahesh-pav-bhaji-gam-adajan-surat-64656/dineout?is_retargeting=true&media_source=GoogleReserve&utm_campaign=GoogleMap&utm_source=GoogleReserve"",""source"":""swiggy.com""}]",https://lh3.googleusercontent.com/gps-cs-s/AHRPTWniC8gD20goSQ9wMcKI2J6rVqunfYRbsFNJwuhEA9fCUQsZABIT6fkEgvO5zKBO-mhSSH1DlTrVlWMuCkhfF7Vloe1Y4iU3fEKYCk4p5xVTZTvTMPvLkTe4Z4GQFTdf8jF3xllX=w1920-h1080-k-no,200-400,"[{""day"":""Monday"",""times"":[""12 pm-1 am""]},{""day"":""Tuesday"",""times"":[""12 pm-1 am""]},{""day"":""Wednesday"",""times"":[""12 pm-1 am""]},{""day"":""Thursday"",""times"":[""12 pm-1 am""]},{""day"":""Friday"",""times"":[""12 pm-1 am""]},{""day"":""Saturday"",""times"":[""12 pm-1 am""]},{""day"":""Sunday"",""times"":[""12 pm-1 am""]}]"
ChIJo3SgQ8hN4DsRs997-K5Gf4g,/g/11cp1y35f5,3Seventy Kitchen,North Indian restaurant,"[""North Indian restaurant"",""Chinese restaurant"",""Continental restaurant"",""Vegetarian restaurant""]",4.2,5472,080001 00370,http://www.3seventy.in/,"Galleria St, Near Sanjeev Kumar Auditorium, Adajan Gam, Pal Gam, Surat, Gujarat 394510","{""ward"":""Adajan Gam, Pal Gam"",""street"":""Galleria St, Near Sanjeev Kumar Auditorium"",""city"":""Surat"",""postal_code"":""394510"",""state"":""Gujarat"",""country_code"":""IN""}","{""latitude"":21.185026999999998,""longitude"":72.78267199999999}",https://www.google.com/maps/place/3Seventy+Kitchen/data=!4m7!3m6!1s0x3be04dc843a074a3:0x887f46aef87bdfb3!8m2!3d21.185027!4d72.782672!16s%2Fg%2F11cp1y35f5!19sChIJo3SgQ8hN4DsRs997-K5Gf4g?authuser=0&rclk=1&hl=en,,"[{""link"":""https://www.swiggy.com/restaurants/3seventy-kitchen-adajan-gam-koramangala-surat-1013520/dineout?is_retargeting=true&media_source=GoogleReserve&utm_campaign=GoogleMap&utm_source=GoogleReserve"",""source"":""swiggy.com""}]",https://lh3.googleusercontent.com/gps-cs-s/AHRPTWlyDeMZll22yHRflTB4IUIQuvm7BCyrM9JbOmScvouYzw8Wx7DhbIX_kq5yw8WGf7B8sacV0xkSxz4uGM8ydjHosWhm8gnFjTeKGN27kTJ3FLR9pNkTDxSZq90N_ZQ2bictqpJlcSHwW23X=w1920-h1080-k-no,,"[{""day"":""Monday"",""times"":[""11:30 am-3 pm"",""6-11 pm""]},{""day"":""Tuesday"",""times"":[""11:30 am-3 pm"",""6-11 pm""]},{""day"":""Wednesday"",""times"":[""11:30 am-3 pm"",""6-11 pm""]},{""day"":""Thursday"",""times"":[""11:30 am-3 pm"",""6-11 pm""]},{""day"":""Friday"",""times"":[""11:30 am-3 pm"",""6-11 pm""]},{""day"":""Saturday"",""times"":[""11:30 am-3 pm"",""6-11 pm""]},{""day"":""Sunday"",""times"":[""11:30 am-3 pm"",""6-11 pm""]}]"
ChIJ71GJQMFN4DsRXW5i420e2eA,/g/11gnf2mt75,McDonald's,Fast food restaurant,"[""Fast food restaurant"",""Breakfast restaurant"",""Coffee shop"",""Dessert shop"",""Family restaurant"",""Meal delivery"",""Restaurant""]",4.4,4870,088282 19128,https://mcdelivery.co.in/restaurants/surat/303/order-food-online-in-McDonalds-randerroad-randerroad,"Ground Floor, Umeshwar Complex Rushabh Char Rasta Rander, Road, Adajan, Surat, Gujarat 395009","{""ward"":""Suryapur Society, Adajan"",""street"":""Ground Floor, Umeshwar Complex Rushabh Char Rasta Rander, Road"",""city"":""Surat"",""postal_code"":""395009"",""state"":""Gujarat"",""country_code"":""IN""}","{""latitude"":21.2001197,""longitude"":72.8041592}",https://www.google.com/maps/place/McDonald's/data=!4m7!3m6!1s0x3be04dc1408951ef:0xe0d91e6de3626e5d!8m2!3d21.2001197!4d72.8041592!16s%2Fg%2F11gnf2mt75!19sChIJ71GJQMFN4DsRXW5i420e2eA?authuser=0&hl=en&g_ep=EgoyMDI2MDgxOS4wIJJjKgBIAVAD&rclk=1,"{""link"":""https://mcdelivery.co.in/"",""source"":""mcdelivery.co.in""}",[],https://lh3.googleusercontent.com/gps-cs-s/AHRPTWkaEkd_REiMeYTLmP2eglKPvXoHHRsi9HwKgXY6w6AKeC7b43f2fT9AVYE2bZ8YL6b0Ts1so2ornoav0-DuezDONLuiQ00pv0YziUEmgoseSWVrp-LsrZP_AzJT0NpEUOqxnjq2uZdTjqo=w1920-h1080-k-no,"200-1,200","[{""day"":""Monday"",""times"":[""11 am-4 am""]},{""day"":""Tuesday"",""times"":[""11 am-4 am""]},{""day"":""Wednesday"",""times"":[""11 am-4 am""]},{""day"":""Thursday"",""times"":[""11 am-4 am""]},{""day"":""Friday"",""times"":[""11 am-4 am""]},{""day"":""Saturday"",""times"":[""11 am-4 am""]},{""day"":""Sunday"",""times"":[""11 am-4 am""]}]"
ChIJ59fSsUhM4DsReBuikMn1DF4,/g/11cmb15zfj,Royal Dine Restaurant Palanpore,Punjabi restaurant,"[""Punjabi restaurant"",""Family restaurant"",""Soup shop"",""Vegetarian restaurant""]",4.2,4723,097237 07786,https://royaldinesurat.com/,"1st Floor Royal Platinum, Palanpur Canal Rd, above Bank of Baroda, Palanpur, Surat, Gujarat 395009","{""ward"":""Palanpur"",""street"":""1st Floor Royal Platinum, Palanpur Canal Rd, above Bank of Baroda"",""city"":""Surat"",""postal_code"":""395009"",""state"":""Gujarat"",""country_code"":""IN""}","{""latitude"":21.204929399999997,""longitude"":72.7753097}",https://www.google.com/maps/place/Royal+Dine+Restaurant+Palanpore/data=!4m7!3m6!1s0x3be04c48b1d2d7e7:0x5e0cf5c990a21b78!8m2!3d21.2049294!4d72.7753097!16s%2Fg%2F11cmb15zfj!19sChIJ59fSsUhM4DsReBuikMn1DF4?authuser=0&rclk=1&hl=en,,[],https://lh3.googleusercontent.com/gps-cs-s/AHRPTWkKMz_IWG7QFIYJXYoSj2b2o5M29pwYpegrkDwsiXtG4cfESHBqjiErExuuQDpxkPVaX8UDwvs80Eo_L5_VoYR6jZLA2K_dFYNWBLU6dwiaXS9PmZHLXMj5Fg-xIHHfcnkA5X77dA=w1920-h1080-k-no,200-400,"[{""day"":""Monday"",""times"":[""11 am-3 pm"",""7-10:45 pm""]},{""day"":""Tuesday"",""times"":[""11 am-3 pm"",""7-10:45 pm""]},{""day"":""Wednesday"",""times"":[""11 am-3 pm"",""7-10:45 pm""]},{""day"":""Thursday"",""times"":[""11 am-3 pm"",""7-10:45 pm""]},{""day"":""Friday"",""times"":[""11 am-3 pm"",""7-10:45 pm""]},{""day"":""Saturday"",""times"":[""11 am-3 pm"",""7-10:45 pm""]},{""day"":""Sunday"",""times"":[""11 am-3 pm"",""7-10:45 pm""]}]"
ChIJDblNTMxN4DsRfREM5QRv048,/g/11bcf0njx4,Coffee King - Adajan Gam,Coffee shop,"[""Coffee shop"",""Cafe"",""Continental restaurant"",""Fast food restaurant"",""Pasta shop"",""Pizza restaurant"",""Restaurant"",""Vegetarian restaurant""]",4.4,4447,074050 21433,http://coffeeking.in/,"1,2, 5QRR+H35 Abhinandan Heights, LP Savani Rd, opposite Wings Hospital, nr. Madhuvan Circle, Hariom Nagar Society,Adajan Gam, Adajan Gam, Adajan, Surat, Gujarat 395009","{""ward"":""Hariom Nagar Society,Adajan Gam, Adajan Gam, Adajan"",""street"":""1,2, 5QRR+H35 Abhinandan Heights, LP Savani Rd, opposite Wings Hospital, nr. Madhuvan Circle"",""city"":""Surat"",""postal_code"":""395009"",""state"":""Gujarat"",""country_code"":""IN""}","{""latitude"":21.1916728,""longitude"":72.790094}",https://www.google.com/maps/place/Coffee+King/data=!4m7!3m6!1s0x3be04dcc4c4db90d:0x8fd36f04e50c117d!8m2!3d21.1916728!4d72.790094!16s%2Fg%2F11bcf0njx4!19sChIJDblNTMxN4DsRfREM5QRv048?authuser=0&rclk=1&hl=en,"{""link"":""https://coffeeking.petpooja.com/"",""source"":""coffeeking.petpooja.com""}","[{""link"":""http://www.dineout.com/"",""source"":""dineout.com""},{""link"":""https://www.eazydiner.com/surat/coffee-king-adajan-surat-685769"",""source"":""eazydiner.com""}]",https://lh3.googleusercontent.com/gps-cs-s/AHRPTWndGsXDvYHFCwKr1FgNpp3P4EPXzgBLRdIHzjmaU_5irC0KfAF3PjRRPSidEs5j065YkLrxFZZVw4BhkuosM-g4G7kJwQ690Nkdvx9n0kvLAfeP-PxD4rYaARK_rpOIIx4x500t=w1920-h1080-k-no,200-400,"[{""day"":""Monday"",""times"":[""11 am-11 pm""]},{""day"":""Tuesday"",""times"":[""11 am-11 pm""]},{""day"":""Wednesday"",""times"":[""11 am-11 pm""]},{""day"":""Thursday"",""times"":[""11 am-11 pm""]},{""day"":""Friday"",""times"":[""11 am-11 pm""]},{""day"":""Saturday"",""times"":[""11 am-11 pm""]},{""day"":""Sunday"",""times"":[""11 am-11 pm""]}]"
ChIJaaPMfc5N4DsRfqcLABXE9AM,/g/11c1thtrbj,People's Dine,Vegetarian restaurant,"[""Vegetarian restaurant"",""Banquet hall"",""Chinese restaurant"",""Continental restaurant"",""Mexican restaurant"",""Punjabi restaurant""]",4.2,4303,097147 24440,http://peoplesdine.com/,"101, White Orchid, Subhash Chandra Bose Marg, near Shell petrol pump, Adajan, Surat, Gujarat 395009","{""ward"":""Adajan Gam, Adajan"",""street"":""101, White Orchid, Subhash Chandra Bose Marg, near Shell petrol pump"",""city"":""Surat"",""postal_code"":""395009"",""state"":""Gujarat"",""country_code"":""IN""}","{""latitude"":21.1895371,""longitude"":72.78962059999999}",https://www.google.com/maps/place/People's+Dine/data=!4m7!3m6!1s0x3be04dce7dcca369:0x3f4c415000ba77e!8m2!3d21.1895371!4d72.7896206!16s%2Fg%2F11c1thtrbj!19sChIJaaPMfc5N4DsRfqcLABXE9AM?authuser=0&rclk=1,,"[{""link"":""https://www.zomato.com/peoplesdine/order?ref=google_place_action"",""source"":""zomato.com""}]",https://lh3.googleusercontent.com/gps-cs-s/AHRPTWkhsENCQlUB_w48U0MLQstZSPv5HtzxnvfyHDBrDbqa01xW3UJBvraIkYJkKzHnal3x0bj-7UhxqpPtLSHLz3tFn7TaIgiIHqACbfnHh-Ros4-FYjPMDWi06UDIeP30PZ6VjTE=w1920-h1080-k-no,200-400,"[{""day"":""Monday"",""times"":[""11 am-3 pm"",""7-10:45 pm""]},{""day"":""Tuesday"",""times"":[""11 am-3 pm"",""7-10:45 pm""]},{""day"":""Wednesday"",""times"":[""11 am-3 pm"",""7-10:45 pm""]},{""day"":""Thursday"",""times"":[""11 am-3 pm"",""7-10:45 pm""]},{""day"":""Friday"",""times"":[""11 am-3 pm"",""7-10:45 pm""]},{""day"":""Saturday"",""times"":[""11 am-3 pm"",""7-10:45 pm""]},{""day"":""Sunday"",""times"":[""11 am-3 pm"",""7-10:45 pm""]}]"
ChIJl2LdHv1N4DsRANVZOJfyQMk,/g/11rgdpr3qh,AllinOne Pizza,Pizza restaurant,"[""Pizza restaurant""]",4.6,4295,088664 94679,,"La Victoria, 101-105, Galaxy Cir, Adajan Gam, Pal Gam, Surat, Gujarat 394510","{""ward"":""Adajan Gam, Pal Gam"",""street"":""La Victoria, 101-105, Galaxy Cir"",""city"":""Surat"",""postal_code"":""394510"",""state"":""Gujarat"",""country_code"":""IN""}","{""latitude"":21.189736,""longitude"":72.7793525}",https://www.google.com/maps/place/AllinOne+Pizza/data=!4m7!3m6!1s0x3be04dfd1edd6297:0xc940f2973859d500!8m2!3d21.189736!4d72.7793525!16s%2Fg%2F11rgdpr3qh!19sChIJl2LdHv1N4DsRANVZOJfyQMk?authuser=0&hl=en&g_ep=EgoyMDI2MDgxOS4wIJJjKgBIAVAD&rclk=1,,[],https://lh3.googleusercontent.com/gps-cs-s/AHRPTWmgnZvW2is5fzWR90aUHXp-KjqVYDNOYprZtl400c_9yqX_RxfIrACE3LIshn1LfwOHVhB7fQmebUgYXLs5JYkahn_ZF_DVgWBzpDItbFimVAepp6QAxTMv6GTSkdzy3yIHKmga=w1920-h1080-k-no,200-400,"[{""day"":""Monday"",""times"":[""11 am-11 pm""]},{""day"":""Tuesday"",""times"":[""11 am-11 pm""]},{""day"":""Wednesday"",""times"":[""11 am-11 pm""]},{""day"":""Thursday"",""times"":[""11 am-11 pm""]},{""day"":""Friday"",""times"":[""11 am-11 pm""]},{""day"":""Saturday"",""times"":[""11 am-11 pm""]},{""day"":""Sunday"",""times"":[""11 am-11 pm""]}]"
ChIJHcepOlFO4DsRZNxuX3ltR84,/g/1tlbs5ll,Kansar-Gujarati Thali,Gujarati restaurant,"[""Gujarati restaurant"",""Vegetarian restaurant""]",4.1,4189,0261 246 2121,,"Office Wing-A, President Plaza, 101-104, Ring Rd, near Old R T O, Nanpura, Surat, Gujarat 395001","{""ward"":""Nanpura"",""street"":""Office Wing-A, President Plaza, 101-104, Ring Rd, near Old R T O"",""city"":""Surat"",""postal_code"":""395001"",""state"":""Gujarat"",""country_code"":""IN""}","{""latitude"":21.1833392,""longitude"":72.81437939999999}",https://www.google.com/maps/place/Kansar-Gujarati+Thali/data=!4m7!3m6!1s0x3be04e513aa9c71d:0xce476d795f6edc64!8m2!3d21.1833392!4d72.8143794!16s%2Fg%2F1tlbs5ll!19sChIJHcepOlFO4DsRZNxuX3ltR84?authuser=0&rclk=1&hl=en,,"[{""link"":""https://www.swiggy.com/restaurants/kansar-gujarati-thali-nanpura-athwa-surat-66162/dineout?is_retargeting=true&media_source=GoogleReserve&utm_campaign=GoogleMap&utm_source=GoogleReserve"",""source"":""swiggy.com""}]",https://lh3.googleusercontent.com/gps-cs-s/AHRPTWk414Ip73A36pts4iExVJ90UwC1R8Af1IXHLLIW7zDQ3ZJsJTaEN9C4wVup9JVnEFvqlUDjy3tJ5Wc3m_-GxYmjkJ6v4YYc-5lrOWcJLh8exkk4NlezYUSO_WhFJT8WqFYNqJUe=w1920-h1080-k-no,200-400,"[{""day"":""Monday"",""times"":[""11 am-3 pm"",""7-10:30 pm""]},{""day"":""Tuesday"",""times"":[""11 am-3 pm"",""7-10:30 pm""]},{""day"":""Wednesday"",""times"":[""11 am-3 pm"",""7-10:30 pm""]},{""day"":""Thursday"",""times"":[""11 am-3 pm"",""7-10:30 pm""]},{""day"":""Friday"",""times"":[""11 am-3 pm"",""7-10:30 pm""]},{""day"":""Saturday"",""times"":[""11 am-3 pm"",""7-10:30 pm""]},{""day"":""Sunday"",""times"":[""11 am-3 pm"",""7-10:30 pm""]}]"
ChIJQfpIlzlN4DsRQGkokf_O4do,/g/11b76drpz7,Levvel 5 Restaurant,Restaurant,"[""Restaurant""]",4.4,4155,097279 55853,http://www.levvel5delicacy.com/,"5th Floor, Royal Trade Centre, opp. Star Bazar, above Fashion Factory, Jalaram Society, Adajan Gam, Adajan, Surat, Gujarat 395009","{""ward"":""Jalaram Society, Adajan Gam, Adajan"",""street"":""5th Floor, Royal Trade Centre, opp. Star Bazar, above Fashion Factory"",""city"":""Surat"",""postal_code"":""395009"",""state"":""Gujarat"",""country_code"":""IN""}","{""latitude"":21.1860371,""longitude"":72.79435409999999}",https://www.google.com/maps/place/Levvel+5+Restaurant+%26+Levvel+5+Delicacy+(Ready+To+Eat)/data=!4m7!3m6!1s0x3be04d399748fa41:0xdae1ceff91286940!8m2!3d21.1860371!4d72.7943541!16s%2Fg%2F11b76drpz7!19sChIJQfpIlzlN4DsRQGkokf_O4do?authuser=0&rclk=1&hl=en,"{""link"":""https://dinein.petpooja.com/qr/kts9vgao/01"",""source"":""dinein.petpooja.com""}","[{""link"":""https://www.swiggy.com/restaurants/levvel-5-terrace-restro-adajan-gam-koramangala-surat-1041081/dineout?is_retargeting=true&media_source=GoogleReserve&utm_campaign=GoogleMap&utm_source=GoogleReserve"",""source"":""swiggy.com""},{""link"":""https://www.eazydiner.com/surat/levvel-5-terrace-restro-adajan-surat-697921"",""source"":""eazydiner.com""}]",https://lh3.googleusercontent.com/gps-cs-s/AHRPTWn0cpvlMCWVXAKRqRuMaIRu2IsBN4qmlX3qugBZZFAww6N5SRTvZgYfQMRkB0CiKvrcsc3wBbSyAYt2RSbpOiu1BdkKdBVFD4oXs2X4P7q0PkiRMYPWcA4F3qxAXLcNU_Eg4LlD=w1920-h1080-k-no,"400-1,600","[{""day"":""Monday"",""times"":[""11:30 am-11 pm""]},{""day"":""Tuesday"",""times"":[""11:30 am-11 pm""]},{""day"":""Wednesday"",""times"":[""11:30 am-11 pm""]},{""day"":""Thursday"",""times"":[""11:30 am-11 pm""]},{""day"":""Friday"",""times"":[""11:30 am-11 pm""]},{""day"":""Saturday"",""times"":[""11:30 am-11 pm""]},{""day"":""Sunday"",""times"":[""11:30 am-11 pm""]}]"
ChIJ2ZrfeipM4DsRkHaYMRypFkk,/g/11gd9phfdt,Mahalaxmi Juice & Fast Food Corner,Fast food restaurant,"[""Fast food restaurant"",""Breakfast restaurant""]",4.4,4110,079908 45899,,"Ghanshyam Society, Adajan Patiya, Surat, Gujarat 395009","{""ward"":""Ghanshyam Society, Adajan Patiya"",""street"":null,""city"":""Surat"",""postal_code"":""395009"",""state"":""Gujarat"",""country_code"":""IN""}","{""latitude"":21.200346,""longitude"":72.80373879999999}",https://www.google.com/maps/place/Mahalaxmi+Juice+%26+Fast+Food+Corner/data=!4m7!3m6!1s0x3be04c2a7adf9ad9:0x4916a91c31987690!8m2!3d21.200346!4d72.8037388!16s%2Fg%2F11gd9phfdt!19sChIJ2ZrfeipM4DsRkHaYMRypFkk?authuser=0&hl=en&g_ep=EgoyMDI2MDgxOS4wIJJjKgBIAVAD&rclk=1,,[],https://lh3.googleusercontent.com/gps-cs-s/AHRPTWkhDJRNeM2Zq9EnhukjduvZpBR1vkTeNJu9CNAG5awa9GdqAShhT_sXEV0uha3ffajXT-IsKZ7xW_lerc01YfAYnvD1rQVjA6qyf0U2Tf02nUS29Yvvn2WdywkKSDi6Tjptx4K9=w1920-h1080-k-no,1-200,"[{""day"":""Monday"",""times"":[""11 am-12 am""]},{""day"":""Tuesday"",""times"":[""11 am-12 am""]},{""day"":""Wednesday"",""times"":[""11 am-12 am""]},{""day"":""Thursday"",""times"":[""11 am-12 am""]},{""day"":""Friday"",""times"":[""11 am-12 am""]},{""day"":""Saturday"",""times"":[""11 am-12 am""]},{""day"":""Sunday"",""times"":[""11 am-12 am""]}]"
ChIJP4BwcC5M4DsR7DMUx9HE-74,/g/126300wwt,Glorious Restaurant,Punjabi restaurant,"[""Punjabi restaurant"",""Asian restaurant"",""Banquet hall"",""Chinese restaurant"",""Family restaurant"",""Indian restaurant"",""Meal delivery"",""Takeout restaurant"",""Restaurant"",""Vegetarian restaurant""]",4.1,3998,075675 37333,,"1st Floor, Madhav Complex, Honey Park Rd, Opposite Prime Market, Adajan, Surat, Gujarat 395009","{""ward"":""Adajan"",""street"":""1st Floor, Madhav Complex, Honey Park Rd, Opposite Prime Market"",""city"":""Surat"",""postal_code"":""395009"",""state"":""Gujarat"",""country_code"":""IN""}","{""latitude"":21.202405,""longitude"":72.7945514}",https://www.google.com/maps/place/Glorious+Restaurant/data=!4m7!3m6!1s0x3be04c2e7070803f:0xbefbc4d1c71433ec!8m2!3d21.202405!4d72.7945514!16s%2Fg%2F126300wwt!19sChIJP4BwcC5M4DsR7DMUx9HE-74?authuser=0&rclk=1&hl=en,,[],https://lh3.googleusercontent.com/gps-cs-s/AHRPTWnQOzkjXrYt1cBuMkwBln1zPgqkj0qymRod927kyzXsl1nxDnUrxqEN2Pq__D_FQr5eJZMXs5_35EfkcXfARSGd4O9Gd9p_2ic96KgP5yiMzopQsiWhFOcDmqi9myq-ow_a_2Ih=w1920-h1080-k-no,,"[{""day"":""Monday"",""times"":[""11:30 am-3 pm"",""6:30-11 pm""]},{""day"":""Tuesday"",""times"":[""11:30 am-3 pm"",""6:30-11 pm""]},{""day"":""Wednesday"",""times"":[""11:30 am-3 pm"",""6:30-11 pm""]},{""day"":""Thursday"",""times"":[""11:30 am-3 pm"",""6:30-11 pm""]},{""day"":""Friday"",""times"":[""11:30 am-3 pm"",""6:30-11 pm""]},{""day"":""Saturday"",""times"":[""11:30 am-3 pm"",""6:30-11 pm""]},{""day"":""Sunday"",""times"":[""11:30 am-3 pm"",""6:30-11 pm""]}]"
ChIJgeNVP9BN4DsRfFMkSoPLG1c,/g/124sxn9qc,Wok On Fire,Chinese restaurant,"[""Chinese restaurant"",""Vegetarian restaurant""]",4.4,3913,072030 66666,http://www.wokonfire.in/,"Adajan Rd, Guru Ram Pavan Bhumi, Adajan Gam, Adajan, Surat, Gujarat 395009","{""ward"":""Guru Ram Pavan Bhumi, Adajan Gam, Adajan"",""street"":""Adajan Rd"",""city"":""Surat"",""postal_code"":""395009"",""state"":""Gujarat"",""country_code"":""IN""}","{""latitude"":21.186507499999998,""longitude"":72.79412769999999}",https://www.google.com/maps/place/Wok+On+Fire/data=!4m7!3m6!1s0x3be04dd03f55e381:0x571bcb834a24537c!8m2!3d21.1865075!4d72.7941277!16s%2Fg%2F124sxn9qc!19sChIJgeNVP9BN4DsRfFMkSoPLG1c?authuser=0&rclk=1&hl=en,"{""link"":""https://drive.google.com/file/d/1LEUVJXB-5S5ap-wIby7eEDtL4GrNLmGH/view?usp=sharing"",""source"":""drive.google.com""}","[{""link"":""https://www.swiggy.com/restaurants/wok-on-fire-pal-road-adajan-surat-66086/dineout?is_retargeting=true&media_source=GoogleReserve&utm_campaign=GoogleMap&utm_source=GoogleReserve"",""source"":""swiggy.com""},{""link"":""https://www.zomato.com/surat/wok-on-fire-adajan-gam/book?utm_source=rwg"",""source"":""zomato.com""},{""link"":""https://www.district.in/dining/surat/wok-on-fire-adajan-gam/book?utm_source=rwg"",""source"":""district.in""}]",https://lh3.googleusercontent.com/gps-cs-s/AHRPTWn58JdTPD5z3K-hs-w-XC4ulvlQGRSBDynEZskGkrPusjJH29HaK-9SuKaYC4GstXVPCjatzoHWDwOw06MN-ak13x-7oVh3q7a-NnXwdRI57-elw_dhYaKUkHOwC_okqMIXLH020Q=w1920-h1080-k-no,"200-1,200","[{""day"":""Monday"",""times"":[""12 pm-12 am""]},{""day"":""Tuesday"",""times"":[""12 pm-12 am""]},{""day"":""Wednesday"",""times"":[""12 pm-12 am""]},{""day"":""Thursday"",""times"":[""12 pm-12 am""]},{""day"":""Friday"",""times"":[""12 pm-12 am""]},{""day"":""Saturday"",""times"":[""12 pm-12 am""]},{""day"":""Sunday"",""times"":[""12 pm-12 am""]}]"
ChIJTc5RasxN4DsRHsx1uudoPkE,/g/1q5bmmh_f,"Domino's Pizza | Trinity Business Park, Surat",Pizza restaurant,"[""Pizza restaurant"",""Italian restaurant"",""Pizza delivery"",""Pizza takeaway"",""Restaurant""]",4,3861,1800 208 1234,https://dominos.co.in/,"Ground Floor, Trinity Business Park, Revenue Survey No. 34/1 Shop No, G - 3, Surat, Gujarat 395009","{""ward"":""Adajan Gam, Adajan"",""street"":""Ground Floor, Trinity Business Park, Revenue Survey No. 34/1 Shop No, G - 3"",""city"":""Surat"",""postal_code"":""395009"",""state"":""Gujarat"",""country_code"":""IN""}","{""latitude"":21.1912766,""longitude"":72.7879182}","https://www.google.com/maps/place/Domino's+Pizza+%7C+Trinity+Business+Park,+Surat/data=!4m7!3m6!1s0x3be04dcc6a51ce4d:0x413e68e7ba75cc1e!8m2!3d21.1912766!4d72.7879182!16s%2Fg%2F1q5bmmh_f!19sChIJTc5RasxN4DsRHsx1uudoPkE?authuser=0&hl=en&g_ep=EgoyMDI2MDgxOS4wIJJjKgBIAVAD&rclk=1","{""link"":""https://m.dominos.co.in/menu?src=local_gmb&utm_source=Google_GMB&utm_medium=GMB_SEO_urls_menu"",""source"":""m.dominos.co.in""}",[],https://lh3.googleusercontent.com/gps-cs-s/AHRPTWmdn_l5J4CnFRONbeF3x5SJM7d0AInVfu3KzKjRRMvhDo2rirQY6xXRR57u63OPoZ44GCYMh6Q9V6Vg3dKIwjdJEjJS-gl3QxPKZMLj0OseYAt9gl142POTHl4uLg7UPTvisjJ-3mjfpd2U=w1920-h1080-k-no,200-400,"[{""day"":""Monday"",""times"":[""11 am-11 pm""]},{""day"":""Tuesday"",""times"":[""11 am-11 pm""]},{""day"":""Wednesday"",""times"":[""11 am-11 pm""]},{""day"":""Thursday"",""times"":[""11 am-11 pm""]},{""day"":""Friday"",""times"":[""11 am-11 pm""]},{""day"":""Saturday"",""times"":[""11 am-11 pm""]},{""day"":""Sunday"",""times"":[""11 am-11 pm""]}]"
ChIJAUVBatRN4DsRc_ft5sOdEO4,/g/11bv3twrc6,Radhe Dhokla,Takeout restaurant,"[""Takeout restaurant"",""Breakfast restaurant"",""Chinese takeaway"",""Food and beverage consultant"",""Food manufacturer"",""Gujarati restaurant"",""Indian takeaway""]",4.5,3493,097266 06566,https://radhedhokla.in/,"Shop No. 23, Darshan Park Society Chandrashekhar Azad Marg Opp. Patel Pragati Mandal Ni Wadi, Adajan, Surat, Gujarat 395009","{""ward"":""Jogani Nagar, Adajan"",""street"":""Shop No. 23, Darshan Park Society Chandrashekhar Azad Marg Opp. Patel Pragati Mandal Ni Wadi"",""city"":""Surat"",""postal_code"":""395009"",""state"":""Gujarat"",""country_code"":""IN""}","{""latitude"":21.2038644,""longitude"":72.7894489}",https://www.google.com/maps/place/Radhe+Dhokla/data=!4m7!3m6!1s0x3be04dd46a414501:0xee109dc3e6edf773!8m2!3d21.2038644!4d72.7894489!16s%2Fg%2F11bv3twrc6!19sChIJAUVBatRN4DsRc_ft5sOdEO4?authuser=0&rclk=1&hl=en,"{""link"":""https://radhedhokla.in/outlets/adajan-gam-surat/"",""source"":""radhedhokla.in""}",[],https://lh3.googleusercontent.com/gps-cs-s/AHRPTWnk9hySDMNzGOquG3KPSlnLAGN3qAYN1et_jyys0OuX3u1S7J1xY5VLvqbKY56Bv2UHSY0Bg_YXOG27NSBFE481dsSniEUZo3RLPaDi-ARcvAp_TuuzyGSIS2NGhzRq1bbXI1vvMNx2P2E=w1920-h1080-k-no,1-200,"[{""day"":""Monday"",""times"":[""7 am-11 pm""]},{""day"":""Tuesday"",""times"":[""7 am-11 pm""]},{""day"":""Wednesday"",""times"":[""7 am-11 pm""]},{""day"":""Thursday"",""times"":[""7 am-11 pm""]},{""day"":""Friday"",""times"":[""7 am-11 pm""]},{""day"":""Saturday"",""times"":[""7 am-11 pm""]},{""day"":""Sunday"",""times"":[""7 am-11 pm""]}]"
ChIJI_KU8Q9N4DsRThuBy05zXbo,/g/11tghpwg97,Spice Petals - a Fleet Restro & Banquet,Fine dining restaurant,"[""Fine dining restaurant"",""Banquet hall"",""Continental restaurant"",""Italian restaurant"",""Mexican restaurant"",""North Indian restaurant"",""Punjabi restaurant"",""Restaurant"",""Vegetarian restaurant""]",4.6,3456,093718 39999,https://www.instagram.com/spice_petals?igsh=MWh6am1kdTJqdHJ1Nw==,"Gaurav Path Road, Pal Gam, Surat, Gujarat 394510","{""ward"":""Pal Gam"",""street"":""Gaurav Path Road"",""city"":""Surat"",""postal_code"":""394510"",""state"":""Gujarat"",""country_code"":""IN""}","{""latitude"":21.1970585,""longitude"":72.76992849999999}",https://www.google.com/maps/place/Spice+Petals+-+a+Fleet+Restro+%26+Banquet/data=!4m7!3m6!1s0x3be04d0ff194f223:0xba5d734ecb811b4e!8m2!3d21.1970585!4d72.7699285!16s%2Fg%2F11tghpwg97!19sChIJI_KU8Q9N4DsRThuBy05zXbo?authuser=0&rclk=1,"{""link"":""https://ugc.production.linktr.ee/e8a7995d-e6d8-4d92-a4f0-f4d0bb8b100f_SPICE-PETAL---PAL-MENU-NOVEMBER-2023-compressed--1-.pdf"",""source"":""ugc.production.linktr.ee""}","[{""link"":""https://www.swiggy.com/restaurants/spice-petals-pal-gam-adajan-surat-828208/dineout?is_retargeting=true&media_source=GoogleReserve&utm_campaign=GoogleMap&utm_source=GoogleReserve"",""source"":""swiggy.com""},{""link"":""https://www.zomato.com/surat/spice-petals-pal-gam/book?utm_source=rwg"",""source"":""zomato.com""},{""link"":""https://www.district.in/dining/surat/spice-petals-pal-gam/book?utm_source=rwg"",""source"":""district.in""}]",https://lh3.googleusercontent.com/gps-cs-s/AHRPTWn0EOBYKIR2HmcTxqyVpIBRMw2GjXTCJCtXQN7e7766Vn1k4tYx--1y28sgidXD3K4TNROj5h7GvTnyswKwMUde9kogdrvJ3qLYu75aBGHeN5as-0p4hdPfwJmc2aPmXVptdrkXu7OgZjOl=w1920-h1080-k-no,400-600,"[{""day"":""Monday"",""times"":[""11 am-11 pm""]},{""day"":""Tuesday"",""times"":[""11 am-11 pm""]},{""day"":""Wednesday"",""times"":[""11 am-11 pm""]},{""day"":""Thursday"",""times"":[""11 am-11 pm""]},{""day"":""Friday"",""times"":[""11 am-11 pm""]},{""day"":""Saturday"",""times"":[""11 am-11 pm""]},{""day"":""Sunday"",""times"":[""11 am-11 pm""]}]"
ChIJpUw4LGVO4DsR7brMEr5hpXI,/g/1vxfymlw,Kailash Sweets & Snacks,Sweet shop,"[""Sweet shop"",""Dry Fruit Store"",""Fast food restaurant"",""Indian sweets shop""]",4.2,3417,0261 246 3688,https://www.kailashsweets.com/,"Shreenathji Apartment, Timaliawad, Nanpura, Surat, Gujarat 395001","{""ward"":""Timaliawad, Nanpura"",""street"":""Shreenathji Apartment"",""city"":""Surat"",""postal_code"":""395001"",""state"":""Gujarat"",""country_code"":""IN""}","{""latitude"":21.187095799999998,""longitude"":72.814016}",https://www.google.com/maps/place/Kailash+Sweets+%26+Snacks/data=!4m7!3m6!1s0x3be04e652c384ca5:0x72a561be12ccbaed!8m2!3d21.1870958!4d72.814016!16s%2Fg%2F1vxfymlw!19sChIJpUw4LGVO4DsR7brMEr5hpXI?authuser=0&hl=en&g_ep=EgoyMDI2MDgxOS4wIJJjKgBIAVAD&rclk=1,,[],https://lh3.googleusercontent.com/gps-cs-s/AHRPTWkHz8vF5nSM84ksq6P__Zwyog7-jMd-vZahKJqYn9XgEsBKCE0sTvIZW_UJxs3Kufs-6zLUEpstJTAMZTd9F8JneGidcsklAfEXi1Sx9BwmTWL1pYlyEl1K4s0lP5ifjvXANsyl7XLwcqZ7=w1920-h1080-k-no,,"[{""day"":""Monday"",""times"":[""7 am-10 pm""]},{""day"":""Tuesday"",""times"":[""7 am-10 pm""]},{""day"":""Wednesday"",""times"":[""7 am-10 pm""]},{""day"":""Thursday"",""times"":[""7 am-10 pm""]},{""day"":""Friday"",""times"":[""7 am-10 pm""]},{""day"":""Saturday"",""times"":[""7 am-10 pm""]},{""day"":""Sunday"",""times"":[""7 am-10 pm""]}]"
ChIJJRqPQ7RN4DsRux7TaHdQZqk,/g/11c2nnjr10,The Tasty Garden Restaurant & Banquet Hall,Punjabi restaurant,"[""Punjabi restaurant"",""Banquet hall"",""Cake decorating equipment shop"",""Chinese restaurant"",""Family restaurant"",""Italian restaurant"",""Mexican restaurant"",""Party planner"",""Restaurant"",""Vegetarian restaurant""]",4.1,3335,093769 37621,,"near shree bharti residancy pal gam galaxy circle, Green City Rd, Pal Gam, Surat, Gujarat 394510","{""ward"":""Pal Gam"",""street"":""near shree bharti residancy pal gam galaxy circle, Green City Rd"",""city"":""Surat"",""postal_code"":""394510"",""state"":""Gujarat"",""country_code"":""IN""}","{""latitude"":21.1904435,""longitude"":72.7765387}",https://www.google.com/maps/place/The+Tasty+Garden+Restaurant+%26+Banquet+Hall/data=!4m7!3m6!1s0x3be04db4438f1a25:0xa966507768d31ebb!8m2!3d21.1904435!4d72.7765387!16s%2Fg%2F11c2nnjr10!19sChIJJRqPQ7RN4DsRux7TaHdQZqk?authuser=0&hl=en&g_ep=EgoyMDI2MDgxOS4wIJJjKgBIAVAD&rclk=1,,"[{""link"":""https://www.swiggy.com/restaurants/the-tasty-garden-restaurant-pal-gam-adajan-surat-891622/dineout?is_retargeting=true&media_source=GoogleReserve&utm_campaign=GoogleMap&utm_source=GoogleReserve"",""source"":""swiggy.com""},{""link"":""https://www.district.in/dining/surat/the-tasty-garden-restaurant-adajan-gam/book?utm_source=rwg"",""source"":""district.in""},{""link"":""https://www.zomato.com/surat/the-tasty-garden-restaurant-adajan-gam/book?utm_source=rwg"",""source"":""zomato.com""},{""link"":""https://www.eazydiner.com/surat/the-tasty-garden-restaurant-pal-gam-surat-695541"",""source"":""eazydiner.com""}]",https://lh3.googleusercontent.com/gps-cs-s/AHRPTWk7uPvZYWuzpP5WOa3fcQX9SYRzOgCVRZijty1SQgyWjSPXw5Upxgy_BcuPjFE6L1xxTbzewEZChnEVWWyygLXQSKhVpq2pStdutfMx9maJJjCT326lLMb-tgjVq6EFP6hzEM0=w1920-h1080-k-no,200-400,"[{""day"":""Monday"",""times"":[""11 am-3 pm"",""6:30-11 pm""]},{""day"":""Tuesday"",""times"":[""11 am-3 pm"",""6:30-11 pm""]},{""day"":""Wednesday"",""times"":[""11 am-3 pm"",""6:30-11 pm""]},{""day"":""Thursday"",""times"":[""11 am-3 pm"",""6:30-11 pm""]},{""day"":""Friday"",""times"":[""11 am-3 pm"",""6:30-11 pm""]},{""day"":""Saturday"",""times"":[""11 am-3 pm"",""6:30-11 pm""]},{""day"":""Sunday"",""times"":[""11 am-3 pm"",""6:30-11 pm""]}]"
ChIJe_7KrchN4DsR1o3bAf0MzyY,/g/124yg8x9h,Bay Leaf,North Indian restaurant,"[""North Indian restaurant"",""European restaurant"",""Vegetarian restaurant""]",4.1,3283,081400 15000,https://www.facebook.com/BayleafRestaurantSurat?mibextid=ZbWKwL,"Kratos Club, Gaurav Path Road, Adajan, Pal Gam, Surat, Gujarat 394510","{""ward"":""Adajan, Pal Gam"",""street"":""Kratos Club, Gaurav Path Road"",""city"":""Surat"",""postal_code"":""394510"",""state"":""Gujarat"",""country_code"":""IN""}","{""latitude"":21.186875,""longitude"":72.77251489999999}",https://www.google.com/maps/place/Bay+Leaf/data=!4m7!3m6!1s0x3be04dc8adcafe7b:0x26cf0cfd01db8dd6!8m2!3d21.186875!4d72.7725149!16s%2Fg%2F124yg8x9h!19sChIJe_7KrchN4DsR1o3bAf0MzyY?authuser=0&rclk=1,,"[{""link"":""https://www.zomato.com/surat/bayleaf-the-restaurant-pal-gam/book?utm_source=rwg"",""source"":""zomato.com""},{""link"":""https://www.district.in/dining/surat/bayleaf-the-restaurant-pal-gam/book?utm_source=rwg"",""source"":""district.in""}]",https://lh3.googleusercontent.com/gps-cs-s/AHRPTWm612yi67fCB-Qs3V2eAZYkAw-TH51kHbEdmI1e1A3k5mjkxDQz7z0yatNpb4Um3gmNK8RzjO8dyErGKZrZeJAhqLtINYD0VuGty4woMwgCrRS_vrSN_tdSCDyiBzqPYC7M8zus=w1920-h1080-k-no,200-600,"[{""day"":""Monday"",""times"":[""11:30 am-3 pm"",""7-11 pm""]},{""day"":""Tuesday"",""times"":[""11:30 am-3 pm"",""7-11 pm""]},{""day"":""Wednesday"",""times"":[""11:30 am-3 pm"",""7-11 pm""]},{""day"":""Thursday"",""times"":[""11:30 am-3 pm"",""7-11 pm""]},{""day"":""Friday"",""times"":[""11:30 am-3 pm"",""7-11 pm""]},{""day"":""Saturday"",""times"":[""11:30 am-3 pm"",""7-11 pm""]},{""day"":""Sunday"",""times"":[""11:30 am-3 pm"",""7-11 pm""]}]"
ChIJv11JMC1M4DsRiI_YNHTeWDg,/g/1q5blq_55,Shah Jamnadas C. Ghariwala Adajan outlet,Sweet shop,"[""Sweet shop"",""Confectionery store"",""Dessert shop""]",4.5,3252,090168 88592,https://www.jamnadasghariwala.com/,"Royal Residency, 19-24, Anand Mahal Rd, opp. Mahalaxmi Mataji Temple, Chatrapati Shivaji Nagar, Adajan Gam, Adajan, Surat, Gujarat 395009","{""ward"":""Chatrapati Shivaji Nagar, Adajan Gam, Adajan"",""street"":""Royal Residency, 19-24, Anand Mahal Rd, opp. Mahalaxmi Mataji Temple"",""city"":""Surat"",""postal_code"":""395009"",""state"":""Gujarat"",""country_code"":""IN""}","{""latitude"":21.1968691,""longitude"":72.7941736}",https://www.google.com/maps/place/Shah+Jamnadas+C.+Ghariwala+Adajan+outlet/data=!4m7!3m6!1s0x3be04c2d30495dbf:0x3858de7434d88f88!8m2!3d21.1968691!4d72.7941736!16s%2Fg%2F1q5blq_55!19sChIJv11JMC1M4DsRiI_YNHTeWDg?authuser=0&hl=en&g_ep=EgoyMDI2MDgxOS4wIJJjKgBIAVAD&rclk=1,,[],https://lh3.googleusercontent.com/gps-cs-s/AHRPTWmKElLsElkPj-YAbkkLl7smFjXds4brdYUBCSBgpKDsx4pAQA2nuubgbgTF-tIKiRNXexdYTgg4M9ZQ8vqZNMVo_0NOy7XxhdUXEmrQMoQHYOa9w00bxWr69riYYb3tuc-Uj1hUi2MBz-Zj=w1920-h1080-k-no,,"[{""day"":""Monday"",""times"":[""9 am-9 pm""]},{""day"":""Tuesday"",""times"":[""9 am-9 pm""]},{""day"":""Wednesday"",""times"":[""9 am-9 pm""]},{""day"":""Thursday"",""times"":[""9 am-9 pm""]},{""day"":""Friday"",""times"":[""9 am-9 pm""]},{""day"":""Saturday"",""times"":[""9 am-9 pm""]},{""day"":""Sunday"",""times"":[""9 am-7 pm""]}]"
ChIJmSOiCE9N4DsRfE2bHaU0Uac,/g/11svb554s_,Mad Over Grills,Barbecue restaurant,"[""Barbecue restaurant""]",4.4,3065,076986 76086,,"Green City Road, Opp Bharti Royal Residency Near Indian Petrol Pump, Galaxy Circle, Adajan, Pal Gam, Surat, Gujarat 394510","{""ward"":""Pal Gam"",""street"":""Green City Road, Opp Bharti Royal Residency Near Indian Petrol Pump, Galaxy Circle, Adajan"",""city"":""Surat"",""postal_code"":""394510"",""state"":""Gujarat"",""country_code"":""IN""}","{""latitude"":21.1899341,""longitude"":72.7768356}",https://www.google.com/maps/place/Mad+Over+Grills/data=!4m7!3m6!1s0x3be04d4f08a22399:0xa75134a51d9b4d7c!8m2!3d21.1899341!4d72.7768356!16s%2Fg%2F11svb554s_!19sChIJmSOiCE9N4DsRfE2bHaU0Uac?authuser=0&rclk=1,,[],https://lh3.googleusercontent.com/gps-cs-s/AHRPTWl3SGowl6-bof0SpLGEyaRCc1XatsVqVLmqsPcf6VSxPzvi6oIu6xfIJEjJzSDGLLTyygehNsn7f97ePp8wqzBztlXUbmLzLC7IS_FinZMpUDB8iuNm8UXUzNy0lIjkmD8a6Wc7Kk3Nhza1=w1920-h1080-k-no,200-400,"[{""day"":""Monday"",""times"":[""12:30-2:30 pm"",""6:30-10:30 pm""]},{""day"":""Tuesday"",""times"":[""12:30-2:30 pm"",""6:30-10:30 pm""]},{""day"":""Wednesday"",""times"":[""12:30-2:30 pm"",""6:30-10:30 pm""]},{""day"":""Thursday"",""times"":[""12:30-2:30 pm"",""6:30-10:30 pm""]},{""day"":""Friday"",""times"":[""12:30-2:30 pm"",""6:30-10:30 pm""]},{""day"":""Saturday"",""times"":[""12:30-2:30 pm"",""6:30-10:30 pm""]},{""day"":""Sunday"",""times"":[""12:30-2:30 pm"",""6:30-10:30 pm""]}]"
ChIJM5EE60lN4DsR6MeDmZ4jkG8,/g/11flc31mtd,Royal Dine Restaurant & Banquet,Continental restaurant,"[""Continental restaurant"",""Banquet hall"",""Barbecue restaurant"",""Chinese restaurant"",""Indian restaurant"",""Italian restaurant"",""Mexican restaurant"",""North Indian restaurant"",""Punjabi restaurant"",""Thai restaurant""]",4.3,3026,072839 44440,https://www.royaldinesurat.com/gauravpath.html,"Opp Madhav Atria, Nr Bagban Kratos Circle Green city Road, Gaurav Path Road, Pal Gam, Surat, Gujarat 394510","{""ward"":""Pal Gam"",""street"":""Opp Madhav Atria, Nr Bagban Kratos Circle Green city Road, Gaurav Path Road"",""city"":""Surat"",""postal_code"":""394510"",""state"":""Gujarat"",""country_code"":""IN""}","{""latitude"":21.1902391,""longitude"":72.772998}",https://www.google.com/maps/place/Royal+Dine+Restaurant+%26+Banquet/data=!4m7!3m6!1s0x3be04d49eb049133:0x6f90239e9983c7e8!8m2!3d21.1902391!4d72.772998!16s%2Fg%2F11flc31mtd!19sChIJM5EE60lN4DsR6MeDmZ4jkG8?authuser=0&rclk=1&hl=en,,"[{""link"":""https://tinyurl.com/2bfse2gh"",""source"":""tinyurl.com""},{""link"":""https://www.district.in/dining/surat/royal-dine-gauravpath-pal-gam/book?utm_source=rwg"",""source"":""district.in""},{""link"":""https://www.swiggy.com/restaurants/royal-dine-restaurant-gauravpath-pal-gam-adajan-surat-600784/dineout?is_retargeting=true&media_source=GoogleReserve&utm_campaign=GoogleMap&utm_source=GoogleReserve"",""source"":""swiggy.com""},{""link"":""https://www.eazydiner.com/surat/royal-dine-pal-gam-surat-705446"",""source"":""eazydiner.com""},{""link"":""https://www.zomato.com/surat/royal-dine-gauravpath-pal-gam/book?utm_source=rwg"",""source"":""zomato.com""}]",https://lh3.googleusercontent.com/gps-cs-s/AHRPTWlzDVRNiOhSlaDix0uhHSH-w7KZFr4m7TALTfVm_yWdRZwu08koTQ2BWN5Z53p6DTrAOPVMep9eBNZQD6cMOFjLwKv04sLJxfBlTrwi_UlqtO4irpiC-1K0Hu9SkgNm-pMDiuHpPtfVEXw=w1920-h1080-k-no,400-600,"[{""day"":""Monday"",""times"":[""11 am-2 pm"",""7-11 pm""]},{""day"":""Tuesday"",""times"":[""11 am-2 pm"",""7-11 pm""]},{""day"":""Wednesday"",""times"":[""11 am-2 pm"",""7-11 pm""]},{""day"":""Thursday"",""times"":[""11 am-2 pm"",""7-11 pm""]},{""day"":""Friday"",""times"":[""11 am-2 pm"",""7-11 pm""]},{""day"":""Saturday"",""times"":[""11 am-2 pm"",""7-11 pm""]},{""day"":""Sunday"",""times"":[""11 am-2 pm"",""7-11 pm""]}]"
ChIJIzgODDZM4DsR_bfds8hqpPs,/g/11btwrx560,Shree Ganesh Alupuri & Rasawala Khaman,Fast food restaurant,"[""Fast food restaurant"",""Breakfast restaurant"",""Indian restaurant""]",4.2,2983,074058 50400,,"14, Mahalaxmi Square, LP Savani Cir, near L.P, Adajan, Surat, Gujarat 394510","{""ward"":""Adajan"",""street"":""14, Mahalaxmi Square, LP Savani Cir, near L.P"",""city"":""Surat"",""postal_code"":""394510"",""state"":""Gujarat"",""country_code"":""IN""}","{""latitude"":21.2018664,""longitude"":72.78187609999999}",https://www.google.com/maps/place/Shree+Ganesh+Alupuri+%26+Rasawala+Khaman/data=!4m7!3m6!1s0x3be04c360c0e3823:0xfba46ac8b3ddb7fd!8m2!3d21.2018664!4d72.7818761!16s%2Fg%2F11btwrx560!19sChIJIzgODDZM4DsR_bfds8hqpPs?authuser=0&hl=en&g_ep=EgoyMDI2MDgxOS4wIJJjKgBIAVAD&rclk=1,,[],https://lh3.googleusercontent.com/gps-cs-s/AHRPTWkcta5hVlIRV14ri6SroXL515A0Ahyt9EBj2ZAFWaEok6K4jTgMdFUzp29j-YmDbvTPMTMt9QhwSqkQuO-zVEcUhrOCh88HD8JWZzeeD6VbLJhtWd5erKxk44JtGe0CqZ6-joyJ9MxzVHF1=w1920-h1080-k-no,1-200,"[{""day"":""Monday"",""times"":[""8 am-7 pm""]},{""day"":""Tuesday"",""times"":[""8 am-7 pm""]},{""day"":""Wednesday"",""times"":[""8 am-7 pm""]},{""day"":""Thursday"",""times"":[""8 am-7 pm""]},{""day"":""Friday"",""times"":[""8 am-7 pm""]},{""day"":""Saturday"",""times"":[""8 am-7 pm""]},{""day"":""Sunday"",""times"":[""8 am-2:30 pm""]}]"
ChIJuVzVQTZM4DsRubYrEn-Jn_w,/g/11bwn4s60h,"Ajay's Cafe L P Savani Road, Surat",Fast food restaurant,"[""Fast food restaurant""]",4.3,2924,095123 62436,http://www.ajays.co.in/,"Shop No.8, Mahalaxmi Square, LP Savani Cir, L.P.Savani, Surat, Gujarat 395009","{""ward"":""L.P.Savani"",""street"":""Shop No.8, Mahalaxmi Square, LP Savani Cir"",""city"":""Surat"",""postal_code"":""395009"",""state"":""Gujarat"",""country_code"":""IN""}","{""latitude"":21.201745499999998,""longitude"":72.7818478}","https://www.google.com/maps/place/Ajay's+L+P+Savani,+Adajan,+Surat/data=!4m7!3m6!1s0x3be04c3641d55cb9:0xfc9f897f122bb6b9!8m2!3d21.2017455!4d72.7818478!16s%2Fg%2F11bwn4s60h!19sChIJuVzVQTZM4DsRubYrEn-Jn_w?authuser=0&rclk=1&hl=en","{""link"":""http://ajays.co.in/menu.php"",""source"":""ajays.co.in""}",[],https://lh3.googleusercontent.com/gps-cs-s/AHRPTWnHWi7Ha1l2Ns2yiOt2sFKQSCH003tlvKSjnuPCV2lMDdWVsCTHE55Zi4sYpw6_7PchpvYfQzJtZZmUVaR6Ucj95mQtQTI7WS653CFySlUvJ8WUZ4J3nR_4KOoj2TFHe2b6ttehcM3e02k=w1920-h1080-k-no,1-200,"[{""day"":""Monday"",""times"":[""10:30 am-10:30 pm""]},{""day"":""Tuesday"",""times"":[""10:30 am-10:30 pm""]},{""day"":""Wednesday"",""times"":[""10:30 am-10:30 pm""]},{""day"":""Thursday"",""times"":[""10:30 am-10:30 pm""]},{""day"":""Friday"",""times"":[""10:30 am-10:30 pm""]},{""day"":""Saturday"",""times"":[""10:30 am-10:30 pm""]},{""day"":""Sunday"",""times"":[""10:30 am-10:30 pm""]}]"
ChIJfUHQbtFN4DsRdO2a4uBincU,/g/124yg5wzr,Kshitij Restaurant & Banquet,North Indian restaurant,"[""North Indian restaurant"",""Chinese restaurant"",""Continental restaurant"",""Punjabi restaurant"",""Vegetarian restaurant""]",4.1,2896,099242 94440,,"1st Floor, Western Corridor Adajan Gam Char Rasta, Hazira - Adajan Rd, Adajan, Surat, Gujarat 395009","{""ward"":""Jalaram Society, Adajan Gam, Adajan"",""street"":""1st Floor, Western Corridor Adajan Gam Char Rasta, Hazira - Adajan Rd"",""city"":""Surat"",""postal_code"":""395009"",""state"":""Gujarat"",""country_code"":""IN""}","{""latitude"":21.189618,""longitude"":72.796555}",https://www.google.com/maps/place/Kshitij+Restaurant+%26+Banquet/data=!4m7!3m6!1s0x3be04dd16ed0417d:0xc59d62e0e29aed74!8m2!3d21.189618!4d72.796555!16s%2Fg%2F124yg5wzr!19sChIJfUHQbtFN4DsRdO2a4uBincU?authuser=0&rclk=1&hl=en,,"[{""link"":""https://www.swiggy.com/restaurants/kshitij-restaurant-gam-adajan-surat-76890/dineout?is_retargeting=true&media_source=GoogleReserve&utm_campaign=GoogleMap&utm_source=GoogleReserve"",""source"":""swiggy.com""}]",https://lh3.googleusercontent.com/gps-cs-s/AHRPTWl17bQGG-3RfGi8g0awriDaTmI5BWJRl_3RvAFxWOrYVPlaq9e_QglJEi8uOkV-0jJnlD1p-wev-Zmjv48s7APaH8LI8tqJnnr11sIxKNstm30WwLyMSPrBocDmUiRjK3ilhKE=w1920-h1080-k-no,200-400,"[{""day"":""Monday"",""times"":[""11:30 am-3 pm"",""7-10:45 pm""]},{""day"":""Tuesday"",""times"":[""11:30 am-3 pm"",""7-10:45 pm""]},{""day"":""Wednesday"",""times"":[""11:30 am-3 pm"",""7-10:45 pm""]},{""day"":""Thursday"",""times"":[""11:30 am-3 pm"",""7-10:45 pm""]},{""day"":""Friday"",""times"":[""11:30 am-3 pm"",""7-10:45 pm""]},{""day"":""Saturday"",""times"":[""11:30 am-3 pm"",""7-10:45 pm""]},{""day"":""Sunday"",""times"":[""11:30 am-3 pm"",""7-10:45 pm""]}]"
ChIJecaggdRN4DsRzFRGFMlWXOU,/g/1261y_qf6,Shree Sainath Snacks & Juices,South Indian restaurant,"[""South Indian restaurant"",""Fast food restaurant"",""Snack bar"",""Vegetarian restaurant""]",4.4,2782,087993 07099,,"Shop No. G, 81 To 82, Anand Mahal Rd, Behind Bulka Bhavan School, Laxmi Krupa Society, Muktanand Nagar, Adajan, Surat, Gujarat 395009","{""ward"":""Behind Bulka Bhavan School, Laxmi Krupa Society, Muktanand Nagar, Adajan"",""street"":""Shop No. G, 81 To 82, Anand Mahal Rd"",""city"":""Surat"",""postal_code"":""395009"",""state"":""Gujarat"",""country_code"":""IN""}","{""latitude"":21.1938875,""longitude"":72.79813759999999}",https://www.google.com/maps/place/Shree+Sainath+Snacks+%26+Juices/data=!4m7!3m6!1s0x3be04dd481a0c679:0xe55c56c9144654cc!8m2!3d21.1938875!4d72.7981376!16s%2Fg%2F1261y_qf6!19sChIJecaggdRN4DsRzFRGFMlWXOU?authuser=0&rclk=1&hl=en,,[],https://lh3.googleusercontent.com/gps-cs-s/AHRPTWnNWmeuGl_iLM_Xlec-IKkaF_MsWDA0a4VBfjQxqndVvO4oW0fTc-YK5ULLrs9bDwR4x62p0QnmCHGCBDOBrdNYGjeQ2w-FC_3mwUrUX2_0-4LATb-U7hYXfad65XxyfADDcV--8WJyquz5=w1920-h1080-k-no,1-200,[]
ChIJv5d15NxN4DsRHco-iZgj_FA,/g/126368scq,Anil Vadapav,Fast food restaurant,"[""Fast food restaurant"",""Breakfast restaurant"",""Indian restaurant""]",4.3,2702,097124 59999,,"Ambika Niketan Road, Vijay Park Society, Ambika Niketan, Athwa, Surat, Gujarat 395007","{""ward"":""Vijay Park Society, Ambika Niketan, Athwa"",""street"":""Ambika Niketan Road"",""city"":""Surat"",""postal_code"":""395007"",""state"":""Gujarat"",""country_code"":""IN""}","{""latitude"":21.1763257,""longitude"":72.7944338}",https://www.google.com/maps/place/Anil+Vadapav/data=!4m7!3m6!1s0x3be04ddce47597bf:0x50fc2398893eca1d!8m2!3d21.1763257!4d72.7944338!16s%2Fg%2F126368scq!19sChIJv5d15NxN4DsRHco-iZgj_FA?authuser=0&hl=en&g_ep=EgoyMDI2MDgxOS4wIJJjKgBIAVAD&rclk=1,,[],https://lh3.googleusercontent.com/gps-cs-s/AHRPTWnDz3WkjMmBg4PdPfOqMVOdpg3IMWg6i_WBi3a4Mf-z0P2CKmNXP2KaEjaSqn_lSjdjifz5pXtYX-lj3Z2T-6htidsxmHkYbejjZk-kFR_uv0MBbIfZ03teKbp6-GrrOxMDwrvgBqNbRKAf=w1920-h1080-k-no,1-200,"[{""day"":""Monday"",""times"":[""7 am-9:30 pm""]},{""day"":""Tuesday"",""times"":[""7 am-9:30 pm""]},{""day"":""Wednesday"",""times"":[""7 am-9:30 pm""]},{""day"":""Thursday"",""times"":[""7 am-9:30 pm""]},{""day"":""Friday"",""times"":[""7 am-9:30 pm""]},{""day"":""Saturday"",""times"":[""7 am-9:30 pm""]},{""day"":""Sunday"",""times"":[""7 am-9:30 pm""]}]"
ChIJ1Z0CNdZN4DsRySUevq0HaoU,/g/11f3y29vg5,Premvati Upahar Gruh,Vegetarian restaurant,"[""Vegetarian restaurant"",""Restaurant""]",4.5,2698,,,"Janak Park Society, Adajan Gam, Adajan, Surat, Gujarat 395009","{""ward"":""Janak Park Society, Adajan Gam, Adajan"",""street"":null,""city"":""Surat"",""postal_code"":""395009"",""state"":""Gujarat"",""country_code"":""IN""}","{""latitude"":21.1884493,""longitude"":72.8027883}",https://www.google.com/maps/place/Premvati+Upahar+Gruh/data=!4m7!3m6!1s0x3be04dd635029dd5:0x856a07adbe1e25c9!8m2!3d21.1884493!4d72.8027883!16s%2Fg%2F11f3y29vg5!19sChIJ1Z0CNdZN4DsRySUevq0HaoU?authuser=0&rclk=1&hl=en,,[],https://lh3.googleusercontent.com/gps-cs-s/AHRPTWmBz1wDX33KjR9ORXRwNX4sYApuhKLRMeSEhCSsl_blRr37AMgGEuuKEfN8l1ijwqGW9Blrc9TAa_fn6TyX0CYsCzpsc9rkSzLd9vSJHo1szsxeDH3a8MlpwGlnVHeWFk46eNIPwfzCn3E=w1920-h1080-k-no,1-200,"[{""day"":""Monday"",""times"":[""10 am-2 pm"",""5-10 pm""]},{""day"":""Tuesday"",""times"":[""10 am-2 pm"",""5-10 pm""]},{""day"":""Wednesday"",""times"":[""10 am-2 pm"",""5-10 pm""]},{""day"":""Thursday"",""times"":[""10 am-2 pm"",""5-10 pm""]},{""day"":""Friday"",""times"":[""10 am-2 pm"",""5-10 pm""]},{""day"":""Saturday"",""times"":[""10 am-2 pm"",""5-10 pm""]},{""day"":""Sunday"",""times"":[""10 am-2 pm"",""5-10 pm""]}]"
ChIJhQzr63dO4DsRjcnTGy-TDiI,/g/11cphq_h9g,Mahesh Pavbhaji,Fast food restaurant,"[""Fast food restaurant"",""Indian restaurant""]",4,2622,098983 50690,,"Chopati, Athwalines, Athwa, Surat, Gujarat 395001","{""ward"":""Ram Nagar, Athwalines, Athwa"",""street"":""Chopati"",""city"":""Surat"",""postal_code"":""395001"",""state"":""Gujarat"",""country_code"":""IN""}","{""latitude"":21.1848568,""longitude"":72.8088314}",https://www.google.com/maps/place/Mahesh+Pavbhaji/data=!4m7!3m6!1s0x3be04e77ebeb0c85:0x220e932f1bd3c98d!8m2!3d21.1848568!4d72.8088314!16s%2Fg%2F11cphq_h9g!19sChIJhQzr63dO4DsRjcnTGy-TDiI?authuser=0&hl=en&g_ep=EgoyMDI2MDgxOS4wIJJjKgBIAVAD&rclk=1,,[],https://lh3.googleusercontent.com/gps-cs-s/AHRPTWkfkfSC8hIRSIH2GfghlchjmNndgXFxDcaiJfQ94qsTpbOCtXROqKahHU_fhXwePYsB10x_GeW45nj35JNXIgNzO_bSPEM3hboI9GEf9U1s3EnHU5fpY8etF8O2cbTqV4K2gWxV=w1920-h1080-k-no,1-200,"[{""day"":""Monday"",""times"":[""12 pm-1 am""]},{""day"":""Tuesday"",""times"":[""12 pm-1 am""]},{""day"":""Wednesday"",""times"":[""12 pm-1 am""]},{""day"":""Thursday"",""times"":[""12 pm-1 am""]},{""day"":""Friday"",""times"":[""12 pm-1 am""]},{""day"":""Saturday"",""times"":[""12 pm-1 am""]},{""day"":""Sunday"",""times"":[""12 pm-1 am""]}]"
ChIJC_eGP7pN4DsRgtODmx-FQz8,/g/11kqh6gtj9,Girnar Multi-Cuisine Restaurant & Banquets,Gujarati restaurant,"[""Gujarati restaurant"",""Banquet hall"",""Continental restaurant"",""Food court"",""Italian restaurant"",""Korean restaurant"",""Mexican restaurant"",""North Indian restaurant"",""Punjabi restaurant""]",4.3,2582,098511 75175,,"FP 42/1, TP15, near Pal Lake Garden, Pal Gam, Surat, Gujarat 394510","{""ward"":""Pal Gam"",""street"":""FP 42/1, TP15, near Pal Lake Garden"",""city"":""Surat"",""postal_code"":""394510"",""state"":""Gujarat"",""country_code"":""IN""}","{""latitude"":21.1973502,""longitude"":72.7775491}",https://www.google.com/maps/place/Girnar+Multi-Cuisine+Restaurant+%26+Banquets/data=!4m7!3m6!1s0x3be04dba3f86f70b:0x3f43851f9b83d382!8m2!3d21.1973502!4d72.7775491!16s%2Fg%2F11kqh6gtj9!19sChIJC_eGP7pN4DsRgtODmx-FQz8?authuser=0&rclk=1&hl=en,,"[{""link"":""https://www.swiggy.com/restaurants/girnar-multicuisine-restaurant-pal-gam-adajan-surat-853803/dineout?is_retargeting=true&media_source=GoogleReserve&utm_campaign=GoogleMap&utm_source=GoogleReserve"",""source"":""swiggy.com""},{""link"":""https://www.district.in/dining/surat/girnar-multi-cuisine-restaurant-adajan-gam/book?utm_source=rwg"",""source"":""district.in""},{""link"":""https://www.zomato.com/surat/girnar-multi-cuisine-restaurant-adajan-gam/book?utm_source=rwg"",""source"":""zomato.com""},{""link"":""https://www.eazydiner.com/surat/girnar-multicuisine-restaurant-pal-gam-surat-696862"",""source"":""eazydiner.com""}]",https://lh3.googleusercontent.com/gps-cs-s/AHRPTWlgDkziskjdYqB60IbPBM7bKFzZAVJAjeaHXWP-lMFnjSfrIAemts4_RWD8UOR48cvT9waJ_I2qzZ-JRXlLeY-B3zjWiGLh60HU0NTqJEPGAuqscCpTNgRvtkKwXC5MxkmfS2fHUA=w1920-h1080-k-no,400-600,"[{""day"":""Monday"",""times"":[""11:30 am-3:30 pm"",""6:30-11 pm""]},{""day"":""Tuesday"",""times"":[""11:30 am-3:30 pm"",""6:30-11 pm""]},{""day"":""Wednesday"",""times"":[""11:30 am-3:30 pm"",""6:30-11 pm""]},{""day"":""Thursday"",""times"":[""11:30 am-3:30 pm"",""6:30-11 pm""]},{""day"":""Friday"",""times"":[""11:30 am-3:30 pm"",""6:30-11 pm""]},{""day"":""Saturday"",""times"":[""11:30 am-3:30 pm"",""6:30-11 pm""]},{""day"":""Sunday"",""times"":[""11:30 am-3:30 pm"",""6:30-11 pm""]}]"
ChIJm8doa8xN4DsRQMaPJSR7Jog,/g/1q67c2k3l,Coffee Culture - The Ristorante Lounge,Cafe,"[""Cafe"",""Coffee shop"",""Restaurant""]",4.1,2576,089807 12121,http://www.coffeeculture.co.in/,"Guru Ram Pavan Bhumi, 101, First Floor, Valentina Business Hub, 27, LP Savani Rd, Adajan, Surat, Gujarat 395009","{""ward"":""Adajan Gam, Adajan"",""street"":""Guru Ram Pavan Bhumi, 101, First Floor, Valentina Business Hub, 27, LP Savani Rd"",""city"":""Surat"",""postal_code"":""395009"",""state"":""Gujarat"",""country_code"":""IN""}","{""latitude"":21.1892073,""longitude"":72.79001219999999}",https://www.google.com/maps/place/Coffee+Culture+-+The+Ristorante+Lounge/data=!4m7!3m6!1s0x3be04dcc6b68c79b:0x88267b24258fc640!8m2!3d21.1892073!4d72.7900122!16s%2Fg%2F1q67c2k3l!19sChIJm8doa8xN4DsRQMaPJSR7Jog?authuser=0&hl=en&g_ep=EgoyMDI2MDgxOS4wIJJjKgBIAVAD&rclk=1,,"[{""link"":""http://zoma.to/r/3800023"",""source"":""zoma.to""},{""link"":""https://www.zomato.com/surat/coffee-culture-the-ristorante-lounge-adajan-gam/book?utm_source=rwg"",""source"":""zomato.com""},{""link"":""https://www.swiggy.com/restaurants/coffee-culture-gam-adajan-surat-66215/dineout?is_retargeting=true&media_source=GoogleReserve&utm_campaign=GoogleMap&utm_source=GoogleReserve"",""source"":""swiggy.com""},{""link"":""https://www.district.in/dining/surat/coffee-culture-the-ristorante-lounge-adajan-gam/book?utm_source=rwg"",""source"":""district.in""}]",https://lh3.googleusercontent.com/gps-cs-s/AHRPTWlYdBzzRLXiMjdyrXpazFQDkFVIuP5lPx-Yt-tZaHo6-7gWPmdCThGyUponDMa9rviXkU6F5uhsGuBjNAFT7VEOCgtlXAzLqd16P7DToNlWSNVoC3fxcjadb42RaLO2rOjhiBaA=w1920-h1080-k-no,200-400,"[{""day"":""Monday"",""times"":[""12-11:30 pm""]},{""day"":""Tuesday"",""times"":[""12-11:30 pm""]},{""day"":""Wednesday"",""times"":[""12-11:30 pm""]},{""day"":""Thursday"",""times"":[""12-11:30 pm""]},{""day"":""Friday"",""times"":[""12-11:30 pm""]},{""day"":""Saturday"",""times"":[""12-11:30 pm""]},{""day"":""Sunday"",""times"":[""12-11:30 pm""]}]"
ChIJky9egDVM4DsRbZlsUH0w5tE,/g/11c60gd1x4,Simply Madras,South Indian restaurant,"[""South Indian restaurant"",""Breakfast restaurant"",""Vegetarian restaurant""]",4.1,2322,070432 77776,https://simplymadras.in/,"G8, Western Arena Near Madhuvan Circle Green City Road Pal, Adajan, Surat, Gujarat 395009","{""ward"":""Adajan Gam, Adajan"",""street"":""G8, Western Arena Near Madhuvan Circle Green City Road Pal"",""city"":""Surat"",""postal_code"":""395009"",""state"":""Gujarat"",""country_code"":""IN""}","{""latitude"":21.1903804,""longitude"":72.7855189}",https://www.google.com/maps/place/Simply+Madras/data=!4m7!3m6!1s0x3be04c35805e2f93:0xd1e6307d506c996d!8m2!3d21.1903804!4d72.7855189!16s%2Fg%2F11c60gd1x4!19sChIJky9egDVM4DsRbZlsUH0w5tE?authuser=0&rclk=1,,[],https://lh3.googleusercontent.com/gps-cs-s/AHRPTWkXRCkJd8GWlOaj1XhIg-cI7FBBG_us0htV5CX3zdD4tv-t_9sS1guIucakvASXXFthhKTk1cuXwBgF4qN22PuBrc-TUJswtOwd0KTN10kviVjo-vS5qKqz7bo6eE-0MyUxcLDO=w1920-h1080-k-no,200-400,"[{""day"":""Monday"",""times"":[""12:30-3:30 pm"",""6:30-10:30 pm""]},{""day"":""Tuesday"",""times"":[""9 am-3:30 pm"",""6:30-10:30 pm""]},{""day"":""Wednesday"",""times"":[""9 am-3:30 pm"",""6:30-10:30 pm""]},{""day"":""Thursday"",""times"":[""9 am-3:30 pm"",""6:30-10:30 pm""]},{""day"":""Friday"",""times"":[""9 am-3:30 pm"",""6:30-10:30 pm""]},{""day"":""Saturday"",""times"":[""9 am-3:30 pm"",""6:30-10:30 pm""]},{""day"":""Sunday"",""times"":[""8:30 am-3:30 pm"",""6:30-10:30 pm""]}]"
ChIJrbEPcS5M4DsRnPfeEI9tbDw,/g/1261ydh3y,Raju Chacha Vadapav,Fast food restaurant,"[""Fast food restaurant""]",4.4,2280,098241 95613,,"Varday Residency, to, LP Savani Rd, near jalaram temple TGB, TGB, Adajan Gam, Adajan, Surat, Gujarat 395009","{""ward"":""TGB, Adajan Gam, Adajan"",""street"":""Varday Residency, to, LP Savani Rd, near jalaram temple TGB"",""city"":""Surat"",""postal_code"":""395009"",""state"":""Gujarat"",""country_code"":""IN""}","{""latitude"":21.1953043,""longitude"":72.7853569}",https://www.google.com/maps/place/Raju+Chacha+Vadapav/data=!4m7!3m6!1s0x3be04c2e710fb1ad:0x3c6c6d8f10def79c!8m2!3d21.1953043!4d72.7853569!16s%2Fg%2F1261ydh3y!19sChIJrbEPcS5M4DsRnPfeEI9tbDw?authuser=0&hl=en&g_ep=EgoyMDI2MDgxOS4wIJJjKgBIAVAD&rclk=1,,[],https://lh3.googleusercontent.com/gps-cs-s/AHRPTWnWFyhLMt8XJ35wv_pQMJ6r93wX4hkUBVj3l7scGc43aMXIIfTPNsF_OquNSd8V-AMXWut1WY1eDBllgyujq5dYaAPHk6H4zsxGOFkz2kS2iVBYovrDqSrf_IUFHVxLZoV76xuFgkYULSI=w1920-h1080-k-no,1-200,[]
ChIJJd-cO9BN4DsRgEfDnKV2ZgQ,/g/1tdlsr6_,Dil Se Re Restaurant,Punjabi restaurant,"[""Punjabi restaurant"",""Vegetarian restaurant""]",4,2271,093283 13367,,"2nd, Imperial Mall, Hazira - Adajan Rd, above Star Bazar, Adajan Gam, Adajan, Surat, Gujarat 395009","{""ward"":""Adajan Gam, Adajan"",""street"":""2nd, Imperial Mall, Hazira - Adajan Rd, above Star Bazar"",""city"":""Surat"",""postal_code"":""395009"",""state"":""Gujarat"",""country_code"":""IN""}","{""latitude"":21.1862206,""longitude"":72.7930837}",https://www.google.com/maps/place/Dil+Se+Re+Restaurant/data=!4m7!3m6!1s0x3be04dd03b9cdf25:0x46676a59cc34780!8m2!3d21.1862206!4d72.7930837!16s%2Fg%2F1tdlsr6_!19sChIJJd-cO9BN4DsRgEfDnKV2ZgQ?authuser=0&rclk=1&hl=en,,"[{""link"":""https://www.swiggy.com/restaurants/dil-se-re-gam-adajan-surat-85352/dineout?is_retargeting=true&media_source=GoogleReserve&utm_campaign=GoogleMap&utm_source=GoogleReserve"",""source"":""swiggy.com""},{""link"":""https://www.district.in/dining/surat/dil-se-re-5-adajan-gam/book?utm_source=rwg"",""source"":""district.in""},{""link"":""https://www.eazydiner.com/surat/dil-se-re-restaurant-adajan-surat-699319"",""source"":""eazydiner.com""},{""link"":""https://www.zomato.com/surat/dil-se-re-5-adajan-gam/book?utm_source=rwg"",""source"":""zomato.com""}]",https://lh3.googleusercontent.com/gps-cs-s/AHRPTWnzNJPnlkzpHGRUvNfM1VwArhtk4zVnuLBsKL56jlKoGLVUJJXWlsS6YrnsObF7AZq8Q7L1oScjHFXTqHTVlz1lHsTAy1En-rHHmcy7oG-u5iURPql0pAYNuXispLFWF87hJVc=w1920-h1080-k-no,200-600,"[{""day"":""Monday"",""times"":[""11 am-3 pm"",""7-11 pm""]},{""day"":""Tuesday"",""times"":[""11 am-3 pm"",""7-11 pm""]},{""day"":""Wednesday"",""times"":[""11 am-3 pm"",""7-11 pm""]},{""day"":""Thursday"",""times"":[""11 am-3 pm"",""7-11 pm""]},{""day"":""Friday"",""times"":[""11 am-3 pm"",""7-11 pm""]},{""day"":""Saturday"",""times"":[""11 am-3 pm"",""7-11 pm""]},{""day"":""Sunday"",""times"":[""11 am-3 pm"",""7-11 pm""]}]"
ChIJWcVo5R9N4DsRcHQPDk2rBuE,/g/11vynljn42,V - The Restaurant,Restaurant,"[""Restaurant""]",4.9,2249,097120 89000,https://www.vijaydairy.com/,"Punit Nagar Society, Rander Rd, Shree Rang Society, Shree Punit Nagar Society, Dindayal Society, Sima Nagar, Surat, Gujarat 395005","{""ward"":""Shree Rang Society, Shree Punit Nagar Society, Dindayal Society, Sima Nagar"",""street"":""Punit Nagar Society, Rander Rd"",""city"":""Surat"",""postal_code"":""395005"",""state"":""Gujarat"",""country_code"":""IN""}","{""latitude"":21.2123475,""longitude"":72.79230199999999}",https://www.google.com/maps/place/V+-+The+Restaurant/data=!4m7!3m6!1s0x3be04d1fe568c559:0xe106ab4d0e0f7470!8m2!3d21.2123475!4d72.792302!16s%2Fg%2F11vynljn42!19sChIJWcVo5R9N4DsRcHQPDk2rBuE?authuser=0&rclk=1,,[],https://lh3.googleusercontent.com/gps-cs-s/AHRPTWl58P4KUmFweTGYhclWcAtOFG4frPnOWll_mOhfoBgU1ioZ4sBeIbzcG7m26KH-nMEgH-QgGCBnFPjuuS3oe5_58vwf1RsUQeJbVEDCLmnMHD2DyJL3MC9963mf5GUNimZcsrk_gA=w1920-h1080-k-no,200-400,"[{""day"":""Monday"",""times"":[""11 am-11 pm""]},{""day"":""Tuesday"",""times"":[""11 am-11 pm""]},{""day"":""Wednesday"",""times"":[""11 am-11 pm""]},{""day"":""Thursday"",""times"":[""11 am-11 pm""]},{""day"":""Friday"",""times"":[""11 am-11 pm""]},{""day"":""Saturday"",""times"":[""11 am-11 pm""]},{""day"":""Sunday"",""times"":[""11 am-11 pm""]}]"
ChIJ7YOM8NNN4DsRYWKSfF4CBUw,/g/11fylzdbc9,Megh Malhar Dhosa Bhulka Bhavan,South Indian restaurant,"[""South Indian restaurant""]",4,2094,094283 95265,https://www.facebook.com/Malhar-Dhosa-Surat-1419500721670698/?ref=bookmarks,"Akshar Jyot Complex, near bhulka Bhavan school, opp. Jalaram Hero, Adajan Gam, Adajan, Surat, Gujarat 395009","{""ward"":""Adajan Gam, Adajan"",""street"":""Akshar Jyot Complex, near bhulka Bhavan school, opp. Jalaram Hero"",""city"":""Surat"",""postal_code"":""395009"",""state"":""Gujarat"",""country_code"":""IN""}","{""latitude"":21.1918035,""longitude"":72.7982246}",https://www.google.com/maps/place/Megh+Malhar+Dhosa+Bhulka+Bhavan/data=!4m7!3m6!1s0x3be04dd3f08c83ed:0x4c05025e7c926261!8m2!3d21.1918035!4d72.7982246!16s%2Fg%2F11fylzdbc9!19sChIJ7YOM8NNN4DsRYWKSfF4CBUw?authuser=0&rclk=1&hl=en,,"[{""link"":""https://www.swiggy.com/restaurants/malhar-dhosa-patiya-adajan-surat-66270/dineout?is_retargeting=true&media_source=GoogleReserve&utm_campaign=GoogleMap&utm_source=GoogleReserve"",""source"":""swiggy.com""}]",https://lh3.googleusercontent.com/gps-cs-s/AHRPTWnRiAJMiLuAa4aYK7eiXiUeLWbhRgh_QDbkpnDpnccodKOuy0am1WJJXPtMrgUp85GGd4DrMNxd3UA-NbKdp_-hkKby422QVj4wvB2wUE7txAl3L8f5vr-qhDKt2UnJd1rlhy98HA=w1920-h1080-k-no,1-200,"[{""day"":""Monday"",""times"":[""5-11:50 pm""]},{""day"":""Tuesday"",""times"":[""5-11:50 pm""]},{""day"":""Wednesday"",""times"":[""5-11:50 pm""]},{""day"":""Thursday"",""times"":[""5-11:50 pm""]},{""day"":""Friday"",""times"":[""5-11:50 pm""]},{""day"":""Saturday"",""times"":[""5-11:50 pm""]},{""day"":""Sunday"",""times"":[""5-11:50 pm""]}]"
ChIJge7F739O4DsRZDRnc5vzSyc,/g/1tdc_46z,Way Wait Restaurant,Punjabi restaurant,"[""Punjabi restaurant""]",4.1,2075,072850 55696,,"Kalpana Society-2, Opposite Vivekanand Bridge, Road, Adajan, Surat, Gujarat 395009","{""ward"":""Krishna Nagar Society, Kalpana Society Part-2, Choksi Wadi, Adajan"",""street"":""Kalpana Society-2, Opposite Vivekanand Bridge, Road"",""city"":""Surat"",""postal_code"":""395009"",""state"":""Gujarat"",""country_code"":""IN""}","{""latitude"":21.1964266,""longitude"":72.8048893}",https://www.google.com/maps/place/Way+Wait+Restaurant/data=!4m7!3m6!1s0x3be04e7fefc5ee81:0x274bf39b73673464!8m2!3d21.1964266!4d72.8048893!16s%2Fg%2F1tdc_46z!19sChIJge7F739O4DsRZDRnc5vzSyc?authuser=0&rclk=1&hl=en,,[],https://lh3.googleusercontent.com/gps-cs-s/AHRPTWm2PwhEuNspNsf09QzHtdX2evCKckrk3mhpTH4bK1MDzjIkghUtbfMtWY4gRXeDl0UCZ8so7AuqWQntbRToHZum01Bjmrd406ET-8Zi_NZdA85TKQmUiM6O0ayb8jLcaWbTGo_gqtjqY10=w1920-h1080-k-no,1-200,"[{""day"":""Monday"",""times"":[""11 am-4 pm"",""7-11 pm""]},{""day"":""Tuesday"",""times"":[""11 am-4 pm"",""7-11 pm""]},{""day"":""Wednesday"",""times"":[""11 am-4 pm"",""7-11 pm""]},{""day"":""Thursday"",""times"":[""11 am-4 pm"",""7-11 pm""]},{""day"":""Friday"",""times"":[""11 am-4 pm"",""7-11 pm""]},{""day"":""Saturday"",""times"":[""11 am-4 pm"",""7-11 pm""]},{""day"":""Sunday"",""times"":[""11 am-4 pm"",""7-11 pm""]}]"
ChIJo_GJa8xN4DsRdb4jEiskL0A,/g/11cn9fzhx3,Kansar Gujarati Thali,Gujarati restaurant,"[""Gujarati restaurant"",""Restaurant"",""Vegetarian restaurant""]",4.1,2035,090999 70970,,"2nd floor, Trinity Business Park, 202, Subhash Chandra Bose Marg, TGB, Adajan Gam, Adajan, Surat, Gujarat 395009","{""ward"":""TGB, Adajan Gam, Adajan"",""street"":""2nd floor, Trinity Business Park, 202, Subhash Chandra Bose Marg"",""city"":""Surat"",""postal_code"":""395009"",""state"":""Gujarat"",""country_code"":""IN""}","{""latitude"":21.1914049,""longitude"":72.7878946}",https://www.google.com/maps/place/Kansar+Gujarati+Thali/data=!4m7!3m6!1s0x3be04dcc6b89f1a3:0x402f242b1223be75!8m2!3d21.1914049!4d72.7878946!16s%2Fg%2F11cn9fzhx3!19sChIJo_GJa8xN4DsRdb4jEiskL0A?authuser=0&rclk=1&hl=en,,"[{""link"":""https://www.swiggy.com/restaurants/kansar-gujarati-thali-gam-adajan-surat-848839/dineout?is_retargeting=true&media_source=GoogleReserve&utm_campaign=GoogleMap&utm_source=GoogleReserve"",""source"":""swiggy.com""}]",https://lh3.googleusercontent.com/gps-cs-s/AHRPTWlyOrGdAcBbyIF3-oCwqw1EEO-PcdSFk4r_nTbtfUVOFfkH_IPA05i_HdMlz8KXiaKd4zM4J408FhLodgX0nI-HH6DXu_UCcwk-WKs0On2nbnFFPfXyyhGzhozQo2XjaJz1x1DP=w1920-h1080-k-no,,"[{""day"":""Monday"",""times"":[""11 am-3 pm"",""7-10:30 pm""]},{""day"":""Tuesday"",""times"":[""11 am-3 pm"",""5-10:30 pm""]},{""day"":""Wednesday"",""times"":[""11 am-3 pm"",""7-10:30 pm""]},{""day"":""Thursday"",""times"":[""11 am-3 pm"",""7-10:30 pm""]},{""day"":""Friday"",""times"":[""11 am-3 pm"",""7-10:30 pm""]},{""day"":""Saturday"",""times"":[""11 am-3 pm"",""7-10:30 pm""]},{""day"":""Sunday"",""times"":[""11 am-3 pm"",""7-10:30 pm""]}]"
ChIJvdyCvXpO4DsRPAf1XuoCfCs,/g/11gbzcg9w3,Radhe Dhokla,Takeout restaurant,"[""Takeout restaurant"",""Breakfast restaurant"",""Chinese takeaway"",""Fast food restaurant"",""Food and beverage consultant"",""Food manufacturer"",""Gujarati restaurant"",""Indian takeaway""]",4.8,2024,070697 20002,https://radhedhokla.in/,"1-803-B GROUND, Kotwal Street, Nanpura, Surat, Gujarat 395001","{""ward"":""Kharwawad, Nanpura"",""street"":""1-803-B GROUND, Kotwal Street"",""city"":""Surat"",""postal_code"":""395001"",""state"":""Gujarat"",""country_code"":""IN""}","{""latitude"":21.189705,""longitude"":72.81303079999999}",https://www.google.com/maps/place/Radhe+Dhokla/data=!4m7!3m6!1s0x3be04e7abd82dcbd:0x2b7c02ea5ef5073c!8m2!3d21.189705!4d72.8130308!16s%2Fg%2F11gbzcg9w3!19sChIJvdyCvXpO4DsRPAf1XuoCfCs?authuser=0&hl=en&g_ep=EgoyMDI2MDgxOS4wIJJjKgBIAVAD&rclk=1,"{""link"":""https://radhedhokla.in/outlets/nanpura-surat/"",""source"":""radhedhokla.in""}",[],https://lh3.googleusercontent.com/gps-cs-s/AHRPTWmrriKXFTfhHCjV8IP6TEcrbnbbGFEEj4KWZdplaVZOY-B5ThwpFTpDsSNNCBLa1wngS7CRdCOVSkAiEv3gJ60dikq6NxjibX6aw8b9EjNnCyRSHXyaqLNJJmjJiMFIm6_1EIQ=w1920-h1080-k-no,1-200,"[{""day"":""Monday"",""times"":[""7 am-11 pm""]},{""day"":""Tuesday"",""times"":[""7 am-11 pm""]},{""day"":""Wednesday"",""times"":[""7 am-11 pm""]},{""day"":""Thursday"",""times"":[""7 am-11 pm""]},{""day"":""Friday"",""times"":[""7 am-11 pm""]},{""day"":""Saturday"",""times"":[""7 am-11 pm""]},{""day"":""Sunday"",""times"":[""7 am-11 pm""]}]"
ChIJN0sU6h1N4DsRKCcr7sbNd40,/g/11tdp4c6gw,Radha Krishna Restaurant,South Indian restaurant,"[""South Indian restaurant""]",4.5,2008,082004 43230,,"Sumerru Business Corner, Rajhans Multiplex Lane, Pal Gam, Surat, Gujarat 394510","{""ward"":""Adajan Gam, Pal Gam"",""street"":""Sumerru Business Corner, Rajhans Multiplex Lane"",""city"":""Surat"",""postal_code"":""394510"",""state"":""Gujarat"",""country_code"":""IN""}","{""latitude"":21.186622999999997,""longitude"":72.7858083}",https://www.google.com/maps/place/Radha+Krishna+Restaurant/data=!4m7!3m6!1s0x3be04d1dea144b37:0x8d77cdc6ee2b2728!8m2!3d21.186623!4d72.7858083!16s%2Fg%2F11tdp4c6gw!19sChIJN0sU6h1N4DsRKCcr7sbNd40?authuser=0&rclk=1&hl=en,"{""link"":""https://www.instagram.com/radhakrishna_pal.adajan/"",""source"":""instagram.com""}",[],https://lh3.googleusercontent.com/gps-cs-s/AHRPTWlUsPpvKaOG2VNbfoiqCVfXRV6DzuXhVTNl38HoVIg3NGFfXpzpald5KTG7QmIE5QQqpunmD97nUm3BU8EA-VstZFnhWgiUmjY22T7oTiSIXG3kLIEPCO89ol8GQP7oQudgzXn71w=w1920-h1080-k-no,200-400,"[{""day"":""Monday"",""times"":[""8:30 am-11:30 pm""]},{""day"":""Tuesday"",""times"":[""8:30 am-11:30 pm""]},{""day"":""Wednesday"",""times"":[""8:30 am-11:30 pm""]},{""day"":""Thursday"",""times"":[""8:30 am-11:30 pm""]},{""day"":""Friday"",""times"":[""8:30 am-11:30 pm""]},{""day"":""Saturday"",""times"":[""8:30 am-11:30 pm""]},{""day"":""Sunday"",""times"":[""8:30 am-11:30 pm""]}]"
ChIJUedo3XpN4DsRjAZwFcpR7Ho,/g/11gjxgys1l,Shree Khodiyar Kathiyawadi Dhaba,Gujarati restaurant,"[""Gujarati restaurant"",""Indian restaurant""]",4.1,1864,072659 06000,http://www.shreekhodiyarkathiyawadidhaba.com/,"5QQH+X5J, Green City Rd, Pal Gam, Surat, Gujarat 394510","{""ward"":""Pal Gam"",""street"":""5QQH+X5J, Green City Rd"",""city"":""Surat"",""postal_code"":""394510"",""state"":""Gujarat"",""country_code"":""IN""}","{""latitude"":21.1899668,""longitude"":72.7778798}",https://www.google.com/maps/place/Shree+Khodiyar+Kathiyawadi+Dhaba/data=!4m7!3m6!1s0x3be04d7add68e751:0x7aec51ca1570068c!8m2!3d21.1899668!4d72.7778798!16s%2Fg%2F11gjxgys1l!19sChIJUedo3XpN4DsRjAZwFcpR7Ho?authuser=0&hl=en&g_ep=EgoyMDI2MDgxOS4wIJJjKgBIAVAD&rclk=1,,[],https://lh3.googleusercontent.com/gps-cs-s/AHRPTWnXACLMeifQnbl7TUdchiWaKCsftDF5PXMQFWIDy_zxS5XT4Y_Z9P9NBbWjKKnbG0clAlUp9KRH9IlWNO5wNdelNm5BkVaSp1o_McX3wBKBAVVT3jW7N5Rww2DszR7u6iCBGLXM_Q=w1920-h1080-k-no,200-400,"[{""day"":""Monday"",""times"":[""11 am-4 pm"",""6:05-11 pm""]},{""day"":""Tuesday"",""times"":[""11 am-4 pm"",""6:05-11 pm""]},{""day"":""Wednesday"",""times"":[""11 am-4 pm"",""6:05-11 pm""]},{""day"":""Thursday"",""times"":[""11 am-4 pm"",""6:05-11 pm""]},{""day"":""Friday"",""times"":[""11 am-4 pm"",""6:05-11 pm""]},{""day"":""Saturday"",""times"":[""11 am-4 pm"",""6:05-11 pm""]},{""day"":""Sunday"",""times"":[""11 am-4 pm"",""6:05-11 pm""]}]"
ChIJjbO3bS5M4DsR8EWuTJELL7U,/g/11g9grjksr,Jalaram Khichdi Centre,Gujarati restaurant,"[""Gujarati restaurant"",""Health food restaurant"",""Vegetarian restaurant""]",4.1,1819,098251 98351,https://www.jalaramkhichdi.com/,"22, 23, 24, Golden Park Apartment, LG- 21, Anand Mahal Rd, opp. Prime Arcade, shantinagar society, Adajan, Surat, Gujarat 395009","{""ward"":""shantinagar society, Adajan"",""street"":""22, 23, 24, Golden Park Apartment, LG- 21, Anand Mahal Rd, opp. Prime Arcade"",""city"":""Surat"",""postal_code"":""395009"",""state"":""Gujarat"",""country_code"":""IN""}","{""latitude"":21.2027444,""longitude"":72.7942541}",https://www.google.com/maps/place/Jalaram+Khichdi+Centre/data=!4m7!3m6!1s0x3be04c2e6db7b38d:0xb52f0b914cae45f0!8m2!3d21.2027444!4d72.7942541!16s%2Fg%2F11g9grjksr!19sChIJjbO3bS5M4DsR8EWuTJELL7U?authuser=0&rclk=1&hl=en,,"[{""link"":""https://www.swiggy.com/restaurants/jalaram-khichdi-patiya-adajan-surat-595864/dineout?is_retargeting=true&media_source=GoogleReserve&utm_campaign=GoogleMap&utm_source=GoogleReserve"",""source"":""swiggy.com""},{""link"":""https://www.zomato.com/surat/jalaram-khichdi-2-adajan-gam/book?utm_source=rwg"",""source"":""zomato.com""},{""link"":""https://www.district.in/dining/surat/jalaram-khichdi-2-adajan-gam/book?utm_source=rwg"",""source"":""district.in""}]",https://lh3.googleusercontent.com/gps-cs-s/AHRPTWm-AP-3aPyZotWxxG2jEZOgTN7bytnBnz0jL6HhNwOHQ9GzZoA03KHXNSRKjqHySlsJnNtjgdF-esXxsmAyTWtVk4TALrnGc53tKolvWJXvepgD-cq3VRQ8fmb4dDYzew31MGnUan8eAHs=w1920-h1080-k-no,200-400,"[{""day"":""Monday"",""times"":[""11 am-11 pm""]},{""day"":""Tuesday"",""times"":[""11 am-11 pm""]},{""day"":""Wednesday"",""times"":[""11 am-11 pm""]},{""day"":""Thursday"",""times"":[""11 am-11 pm""]},{""day"":""Friday"",""times"":[""11 am-11 pm""]},{""day"":""Saturday"",""times"":[""11 am-11 pm""]},{""day"":""Sunday"",""times"":[""11 am-11 pm""]}]"
ChIJmdGbRE5N4DsRUpztVxsHFQ4,/g/11hx8h17lw,REAL PIZZA SURAT,Pizza restaurant,"[""Pizza restaurant""]",4,1770,088668 66906,https://realgroupind.com/real-pizza-surat/,"101 HELIOS INFRA, NR, GALAXY CIRCLE, Green City Rd, above AXIS BANK, MAIN ROAD, Surat, Gujarat 394510","{""ward"":""Adajan Gam, MAIN ROAD"",""street"":""101 HELIOS INFRA, NR, GALAXY CIRCLE, Green City Rd, above AXIS BANK"",""city"":""Surat"",""postal_code"":""394510"",""state"":""Gujarat"",""country_code"":""IN""}","{""latitude"":21.1900382,""longitude"":72.7797739}",https://www.google.com/maps/place/REAL+PIZZA+SURAT/data=!4m7!3m6!1s0x3be04d4e449bd199:0xe15071b57ed9c52!8m2!3d21.1900382!4d72.7797739!16s%2Fg%2F11hx8h17lw!19sChIJmdGbRE5N4DsRUpztVxsHFQ4?authuser=0&hl=en&g_ep=EgoyMDI2MDgxOS4wIJJjKgBIAVAD&rclk=1,,"[{""link"":""https://www.swiggy.com/restaurants/real-pizza-pal-gam-adajan-surat-76489/dineout?is_retargeting=true&media_source=GoogleReserve&utm_campaign=GoogleMap&utm_source=GoogleReserve"",""source"":""swiggy.com""}]",https://lh3.googleusercontent.com/gps-cs-s/AHRPTWkyGDZi8XlrRJoEYLzn3vFSI_PLz7eqiNb9-GOfKhcw3hDntnr83ULSWKIH6rHBAiCvSZQISJsK6E-rqL9xEsu2yaKxWOhyN8Ao8IZ9jgu4CPmLUAH1u_I-S8w_YiU8WlgLzGOD=w1920-h1080-k-no,200-400,"[{""day"":""Monday"",""times"":[""11 am-2:30 pm"",""5-10:30 pm""]},{""day"":""Tuesday"",""times"":[""11 am-2:30 pm"",""5-10:30 pm""]},{""day"":""Wednesday"",""times"":[""11 am-2:30 pm"",""5-10:30 pm""]},{""day"":""Thursday"",""times"":[""11 am-2:30 pm"",""5-10:30 pm""]},{""day"":""Friday"",""times"":[""11 am-2:30 pm"",""5-10:30 pm""]},{""day"":""Saturday"",""times"":[""11 am-2:30 pm"",""5-10:30 pm""]},{""day"":""Sunday"",""times"":[""11 am-2:30 pm"",""5-10:30 pm""]}]"
ChIJeZHNvcxN4DsRDOLHoLDNElk,/g/11c5ssk5m7,Gangaur Fastfood,Fast food restaurant,"[""Fast food restaurant""]",4,1688,096248 37039,,"Shop no.1, Millionaire Business Park, TGB Cir, TGB, Adajan Gam, Adajan, Surat, Gujarat 395009","{""ward"":""TGB, Adajan Gam, Adajan"",""street"":""Shop no.1, Millionaire Business Park, TGB Cir"",""city"":""Surat"",""postal_code"":""395009"",""state"":""Gujarat"",""country_code"":""IN""}","{""latitude"":21.1939623,""longitude"":72.7870306}",https://www.google.com/maps/place/Gangaur+Fastfood/data=!4m7!3m6!1s0x3be04dccbdcd9179:0x5912cdb0a0c7e20c!8m2!3d21.1939623!4d72.7870306!16s%2Fg%2F11c5ssk5m7!19sChIJeZHNvcxN4DsRDOLHoLDNElk?authuser=0&rclk=1&hl=en,,[],https://lh3.googleusercontent.com/gps-cs-s/AHRPTWnHLx6psels4RedJAW-HIHGpiA4h23-fw3T3VWXP2HJGvJriVOkVGPldKaPKxrJ_WxKeWq1hfrilj_J6e1hJiOGEkuPklCv7bYnlYq-3WeBWkziEDBXLd9IvboXTctkn2QL_qbO=w1920-h1080-k-no,200-400,"[{""day"":""Monday"",""times"":[""10 am-11:30 pm""]},{""day"":""Tuesday"",""times"":[""10 am-11:30 pm""]},{""day"":""Wednesday"",""times"":[""10 am-11:30 pm""]},{""day"":""Thursday"",""times"":[""10 am-11:30 pm""]},{""day"":""Friday"",""times"":[""10 am-11:30 pm""]},{""day"":""Saturday"",""times"":[""10 am-11:30 pm""]},{""day"":""Sunday"",""times"":[""10 am-11:30 pm""]}]"
ChIJmSy9nXlN4DsR3wvcAF4b6g0,/g/11g07sy82n,Saffron Restaurant Banquet,Vegetarian restaurant,"[""Vegetarian restaurant""]",4.2,1685,099747 88497,,"Infinity Business Hub, 101 To 110, Palanpur Gam Main Rd, Palnpur, Palanpur, Surat, Gujarat 395009","{""ward"":""Palnpur, Palanpur"",""street"":""Infinity Business Hub, 101 To 110, Palanpur Gam Main Rd"",""city"":""Surat"",""postal_code"":""395009"",""state"":""Gujarat"",""country_code"":""IN""}","{""latitude"":21.206449799999998,""longitude"":72.77368489999999}",https://www.google.com/maps/place/Saffron+Restaurant+Banquet/data=!4m7!3m6!1s0x3be04d799dbd2c99:0xdea1b5e00dc0bdf!8m2!3d21.2064501!4d72.7736772!16s%2Fg%2F11g07sy82n!19sChIJmSy9nXlN4DsR3wvcAF4b6g0?authuser=0&rclk=1&hl=en,,[],https://lh3.googleusercontent.com/gps-cs-s/AHRPTWmwuVLR5heQVjH3a9kF8rsSm8gMXKthSuhhU9-eqihhDuLoFKkd6C-0fcn9wDAIGALiQTcN4Og4SJS6bM2M2CQ2VTrRZUkZVHaK_Tv2XNRDa2hyHiDj1s551Dd5E_iv3CJip8V8RlaGtp5o=w1920-h1080-k-no,200-400,"[{""day"":""Monday"",""times"":[""11 am-3:30 pm"",""6:30-11 pm""]},{""day"":""Tuesday"",""times"":[""11 am-3:30 pm"",""6:30-11 pm""]},{""day"":""Wednesday"",""times"":[""11 am-3:30 pm"",""6:30-11 pm""]},{""day"":""Thursday"",""times"":[""11 am-3:30 pm"",""6:30-11 pm""]},{""day"":""Friday"",""times"":[""11 am-3:30 pm"",""6:30-11 pm""]},{""day"":""Saturday"",""times"":[""11 am-3:30 pm"",""6:30-11 pm""]},{""day"":""Sunday"",""times"":[""11 am-3:30 pm"",""6:30-11 pm""]}]"
ChIJH3WcZYFN4DsRX86jvFc0150,/g/11kptg29dz,Royal Kitchen - Restaurant & Banquet,North Indian restaurant,"[""North Indian restaurant"",""Banquet hall"",""Chinese restaurant"",""Continental restaurant"",""Event venue"",""Fine dining restaurant"",""Indian restaurant"",""Punjabi restaurant"",""Restaurant"",""Vegetarian restaurant""]",4.5,1683,095370 24646,https://www.instagram.com/royalkitchen.surat?igsh=MTk5enNxOTg2NGVmYg==&utm_source=qr,"V4U CIRCLE, ne, School, L.P.Savani, Surat, Gujarat 394510","{""ward"":""L.P.Savani"",""street"":""V4U CIRCLE, ne, School"",""city"":""Surat"",""postal_code"":""394510"",""state"":""Gujarat"",""country_code"":""IN""}","{""latitude"":21.2008837,""longitude"":72.7775789}",https://www.google.com/maps/place/Royal+Kitchen+-+Restaurant+%26+Banquet/data=!4m7!3m6!1s0x3be04d81659c751f:0x9dd73457bca3ce5f!8m2!3d21.2006588!4d72.7778187!16s%2Fg%2F11kptg29dz!19sChIJH3WcZYFN4DsRX86jvFc0150?authuser=0&rclk=1,,"[{""link"":""https://wa.me/message/I3VQICTGBJZBN1"",""source"":""wa.me""},{""link"":""https://www.swiggy.com/restaurants/royal-kitchen-restaurant-and-banquet-pal-gam-adajan-surat-722736/dineout?is_retargeting=true&media_source=GoogleReserve&utm_campaign=GoogleMap&utm_source=GoogleReserve"",""source"":""swiggy.com""}]",https://lh3.googleusercontent.com/gps-cs-s/AHRPTWmkzWnU_UY2yODoOGVjLTMJLpV02PUHnW26lMPT_t76RzujMoHMnwxm6QpyoII5rx7E7NDxxXoj3U1QhXWB9XuD8CaplGjpqerHfNCgq922rfKqDK0vUfsC8Hki-J0ejb4GU-yG=w1920-h1080-k-no,400-600,"[{""day"":""Monday"",""times"":[""12-3 pm"",""7-11 pm""]},{""day"":""Tuesday"",""times"":[""12-3 pm"",""7-11 pm""]},{""day"":""Wednesday"",""times"":[""12-3 pm"",""7-11 pm""]},{""day"":""Thursday"",""times"":[""12-3 pm"",""7-11 pm""]},{""day"":""Friday"",""times"":[""12-3 pm"",""7-11 pm""]},{""day"":""Saturday"",""times"":[""12-3 pm"",""7-11 pm""]},{""day"":""Sunday"",""times"":[""12-3 pm"",""7-11 pm""]}]"
ChIJ6VvXfqFN4DsRA1Tr22tdXxU,/g/11vf9bj6dv,EUPHORIA THE FINE DINE,Restaurant,"[""Restaurant""]",4.4,1682,099796 82000,http://euphoriathefinedine.com/,"FP 74, TP 16, BLOCK NO 216/A, Gaurav Path Road, behind Baghban Kratos, Bhatha, Surat, Gujarat 394510","{""ward"":""Bhatha"",""street"":""FP 74, TP 16, BLOCK NO 216/A, Gaurav Path Road, behind Baghban Kratos"",""city"":""Surat"",""postal_code"":""394510"",""state"":""Gujarat"",""country_code"":""IN""}","{""latitude"":21.1853545,""longitude"":72.77433839999999}",https://www.google.com/maps/place/EUPHORIA+THE+FINE+DINE/data=!4m7!3m6!1s0x3be04da17ed75be9:0x155f5d6bdbeb5403!8m2!3d21.1853545!4d72.7743384!16s%2Fg%2F11vf9bj6dv!19sChIJ6VvXfqFN4DsRA1Tr22tdXxU?authuser=0&rclk=1&hl=en,,,https://lh3.googleusercontent.com/gps-cs-s/AHRPTWkh-O2WW4KrezLvalHkjFAjVbn2IdvmFvBgpEZLfssqinmVRoeBnyot7CXVRTd5THJvMi_JH-c2N2wvu1d6EtVtLhYy4z2BRZXohPMMdc5i51y6X2yY1I8oVozeYFRPtBeDDY2lFhA74X1r=w1920-h1080-k-no,,
ChIJ2dpJTgBN4DsRdzb5nN2j910,/g/11yhtl3lmp,Shree Nilkanth Kathiyawadi Restaurant,Family restaurant,"[""Family restaurant""]",4.4,1682,097222 17888,,"First Floor, Bhandari Complex, Adajan Rd, Adajan Gam, Adajan, Surat, Gujarat 395009","{""ward"":""Adajan Gam, Adajan"",""street"":""First Floor, Bhandari Complex, Adajan Rd"",""city"":""Surat"",""postal_code"":""395009"",""state"":""Gujarat"",""country_code"":""IN""}","{""latitude"":21.1913774,""longitude"":72.7976414}",https://www.google.com/maps/place/Shree+Nilkanth+Kathiyawadi+Restaurant/data=!4m7!3m6!1s0x3be04d004e49dad9:0x5df7a3dd9cf93677!8m2!3d21.1913774!4d72.7976414!16s%2Fg%2F11yhtl3lmp!19sChIJ2dpJTgBN4DsRdzb5nN2j910?authuser=0&rclk=1,,[],https://lh3.googleusercontent.com/gps-cs-s/AHRPTWl3RJlUCjAzt9QlP9O1RlI4WTU3zOhEm4YoSuUHpycZJDvayFH1XaSZ0SmQLzy1UBSUxvcGICBwkY4N5MFCuxBaVO5Aam5-drQjCak3w9Tr3G8pvE8-TarrwyRt1E7XIqZlBVoNAbNzAfFz=w1920-h1080-k-no,,"[{""day"":""Monday"",""times"":[""11:30 am-2:30 pm"",""7-10:30 pm""]},{""day"":""Tuesday"",""times"":[""11:30 am-2:30 pm"",""7-10:30 pm""]},{""day"":""Wednesday"",""times"":[""11:30 am-2:30 pm"",""7-10:30 pm""]},{""day"":""Thursday"",""times"":[""11:30 am-2:30 pm"",""7-10:30 pm""]},{""day"":""Friday"",""times"":[""11:30 am-2:30 pm"",""7-10:30 pm""]},{""day"":""Saturday"",""times"":[""11:30 am-2:30 pm"",""7-10:30 pm""]},{""day"":""Sunday"",""times"":[""11:30 am-2:30 pm"",""7-10:30 pm""]}]"
ChIJzYRMdtNN4DsR75zzstQOSSg,/g/11b8v9nq4z,Kailash Sweets & Snacks,Sweet shop,"[""Sweet shop"",""Dry Fruit Store""]",4.1,1643,0261 279 6061,https://www.kailashsweets.com/,"Muktanand Nagar Rd, Premjinagar Society-1, Muktanand Nagar, Narotam Nagar, Surat, Gujarat 395009","{""ward"":""Premjinagar Society-1, Muktanand Nagar, Narotam Nagar"",""street"":""Muktanand Nagar Rd"",""city"":""Surat"",""postal_code"":""395009"",""state"":""Gujarat"",""country_code"":""IN""}","{""latitude"":21.1949884,""longitude"":72.80175229999999}",https://www.google.com/maps/place/Kailash+Sweets+%26+Snacks/data=!4m7!3m6!1s0x3be04dd3764c84cd:0x28490ed4b2f39cef!8m2!3d21.1949884!4d72.8017523!16s%2Fg%2F11b8v9nq4z!19sChIJzYRMdtNN4DsR75zzstQOSSg?authuser=0&hl=en&g_ep=EgoyMDI2MDgxOS4wIJJjKgBIAVAD&rclk=1,,[],https://lh3.googleusercontent.com/gps-cs-s/AHRPTWnNeatBcCPe85xYc8LqSLqLjDFAJFN3zGW8oljr4OVJscuSybNfXY-QHPgRWLwWQOYg2Xvf1iEr2JMXWrI8bvVCFQ1Tk5COXUGTp2cCxrMfAdEQMhuUkGwH0q-cOv70chZ4MmMU=w1920-h1080-k-no,,"[{""day"":""Monday"",""times"":[""7:45 am-10:30 pm""]},{""day"":""Tuesday"",""times"":[""7:45 am-10:30 pm""]},{""day"":""Wednesday"",""times"":[""7:45 am-10:30 pm""]},{""day"":""Thursday"",""times"":[""7:45 am-10:30 pm""]},{""day"":""Friday"",""times"":[""7:45 am-10:30 pm""]},{""day"":""Saturday"",""times"":[""7:45 am-10:30 pm""]},{""day"":""Sunday"",""times"":[""7:45 am-10:30 pm""]}]"
ChIJ7QDgPjZM4DsRnmD3pdIrU88,/g/12qfb_xxd,"Shree SAI Snacks , Fast Food & Juice Center",South Indian restaurant,"[""South Indian restaurant"",""Breakfast restaurant"",""Fast food restaurant"",""Vegetarian restaurant""]",4.4,1638,0261 277 0966,,"G-1-2,Heta Complex, Nr. Mahalaxmi Row house L. P. Savani circle, Pal, Palanpur Rd, Adajan, Surat, Gujarat 394510","{""ward"":""Adajan"",""street"":""G-1-2,Heta Complex, Nr. Mahalaxmi Row house L. P. Savani circle, Pal, Palanpur Rd"",""city"":""Surat"",""postal_code"":""394510"",""state"":""Gujarat"",""country_code"":""IN""}","{""latitude"":21.2022643,""longitude"":72.7819229}","https://www.google.com/maps/place/Shree+SAI+Snacks+,+Fast+Food+%26+Juice+Center/data=!4m7!3m6!1s0x3be04c363ee000ed:0xcf532bd2a5f7609e!8m2!3d21.2022643!4d72.7819229!16s%2Fg%2F12qfb_xxd!19sChIJ7QDgPjZM4DsRnmD3pdIrU88?authuser=0&hl=en&g_ep=EgoyMDI2MDgxOS4wIJJjKgBIAVAD&rclk=1",,[],https://lh3.googleusercontent.com/gps-cs-s/AHRPTWls_76W6eGSxfZ7HqNI7zw85YLchKYcs0ai4BhfRTSc3dVi05CTDgj5ZZW3DZRGvHK-APdUUeCM-KgGeBZuEdi4EO2eBnQ0LA8b8r9lKzLr3xDp2fFvcKHudG7cROxcdVJxRdMCaMTDLOZT=w1920-h1080-k-no,1-200,"[{""day"":""Monday"",""times"":[""8 am-11 pm""]},{""day"":""Tuesday"",""times"":[""8 am-11 pm""]},{""day"":""Wednesday"",""times"":[""8 am-11 pm""]},{""day"":""Thursday"",""times"":[""8 am-11 pm""]},{""day"":""Friday"",""times"":[""8 am-11 pm""]},{""day"":""Saturday"",""times"":[""8 am-11 pm""]},{""day"":""Sunday"",""times"":[""8 am-11 pm""]}]"
ChIJWbaI_yxM4DsRx0OlasqYFz8,/g/11bx9xprxv,G.dada Farsan & Surti Rasoi,Gujarati restaurant,"[""Gujarati restaurant"",""Breakfast restaurant"",""Fast food restaurant"",""Vegetarian restaurant""]",4.1,1630,093766 65777,https://sites.google.com/view/gdada/home?authuser=4,"complex, Green Atria, 17, Anand Mahal Rd, Giriraj Society, Adajan, Surat, Gujarat 395009","{""ward"":""Giriraj Society, Adajan"",""street"":""complex, Green Atria, 17, Anand Mahal Rd"",""city"":""Surat"",""postal_code"":""395009"",""state"":""Gujarat"",""country_code"":""IN""}","{""latitude"":21.1992467,""longitude"":72.7960308}",https://www.google.com/maps/place/G.dada+Farsan+%26+Surti+Rasoi/data=!4m7!3m6!1s0x3be04c2cff88b659:0x3f1798ca6aa543c7!8m2!3d21.1992467!4d72.7960308!16s%2Fg%2F11bx9xprxv!19sChIJWbaI_yxM4DsRx0OlasqYFz8?authuser=0&hl=en&g_ep=EgoyMDI2MDgxOS4wIJJjKgBIAVAD&rclk=1,"{""link"":""https://sites.google.com/view/gdada/home?authuser=4"",""source"":""sites.google.com""}",[],https://lh3.googleusercontent.com/gps-cs-s/AHRPTWkFrV9u8j2gReh4KYDb07DpVf5bkgrleuHucsGdEJQG9TM7G2dJnIcMEqoZisTRv_ZWzU1j-hlx-waZGn6XU2DJSemc5aTOjfxna1aCyXv-I80Wf7umr_H91O0WkzYRe4ht_OkV=w1920-h1080-k-no,1-200,"[{""day"":""Monday"",""times"":[""8 am-9:30 pm""]},{""day"":""Tuesday"",""times"":[""8 am-9:30 pm""]},{""day"":""Wednesday"",""times"":[""8 am-9:30 pm""]},{""day"":""Thursday"",""times"":[""8 am-9:30 pm""]},{""day"":""Friday"",""times"":[""8 am-9:30 pm""]},{""day"":""Saturday"",""times"":[""8 am-9:30 pm""]},{""day"":""Sunday"",""times"":[""8 am-9:30 pm""]}]"
ChIJm4k3nGxN4DsRGYu5FMPw-MY,/g/11tt4q7jsf,"KK Thali Restaurant & Banquet || Kathiyawadi Restaurant, Rajasthani Food, Thali Restaurant",Indian restaurant,"[""Indian restaurant"",""Fine dining restaurant"",""Gujarati restaurant"",""Rajasthani Restaurant"",""Restaurant"",""Vegetarian restaurant""]",4.5,1626,097124 92193,https://www.instagram.com/kk_thali?igsh=bXZqa2o5ajYwYnBr,"Bellisimo Hub, 145, Gaurav Path Road, Adajan Gam, Pal Gam, Surat, Gujarat 394510","{""ward"":""Adajan Gam, Pal Gam"",""street"":""Bellisimo Hub, 145, Gaurav Path Road"",""city"":""Surat"",""postal_code"":""394510"",""state"":""Gujarat"",""country_code"":""IN""}","{""latitude"":21.2007573,""longitude"":72.7681659}",https://www.google.com/maps/place/KK+Thali+Restaurant+%26+Banquet/data=!4m7!3m6!1s0x3be04d6c9c37899b:0xc6f8f0c314b98b19!8m2!3d21.2007573!4d72.7681659!16s%2Fg%2F11tt4q7jsf!19sChIJm4k3nGxN4DsRGYu5FMPw-MY?authuser=0&rclk=1,"{""link"":""https://wa.me/message/AGEMLZ6YTQXWM1"",""source"":""wa.me""}","[{""link"":""https://wa.me/message/AGEMLZ6YTQXWM1"",""source"":""wa.me""}]",https://lh3.googleusercontent.com/gps-cs-s/AHRPTWnjO2ZLkN2UwS_Gjv69Pq06xq9csmUxR1Jeq10KpNm_UOyNIFvRchXb1EPYOpdZRtMFQCgmLIXDZqyosead0pfvfew3o5Yl7qLd_klR6WVMFK4oO5QgOAIt7WSemKBJvJndsLMwCQ=w1920-h1080-k-no,200-400,"[{""day"":""Monday"",""times"":[""11:30 am-3 pm"",""7-11 pm""]},{""day"":""Tuesday"",""times"":[""11:30 am-3 pm"",""7-11 pm""]},{""day"":""Wednesday"",""times"":[""11:30 am-3 pm"",""7-11 pm""]},{""day"":""Thursday"",""times"":[""11:30 am-3 pm"",""7-11 pm""]},{""day"":""Friday"",""times"":[""11:30 am-3 pm"",""7-11 pm""]},{""day"":""Saturday"",""times"":[""11:30 am-3 pm"",""7-11 pm""]},{""day"":""Sunday"",""times"":[""11:30 am-3 pm"",""7-11 pm""]}]"
ChIJn5qeXHVO4DsRBzhOKqUWD1s,/g/11g8ybxy9_,Simply South By Taste Of Bhagwati,South Indian restaurant,"[""South Indian restaurant"",""Indian restaurant""]",4,1585,095120 25825,http://tobsurat.com/Contactus.aspx,"Ground Floor, King Tower, Rangila Park, 1, Ghod Dod Rd, Athwa, Surat, Gujarat 395007","{""ward"":""Athwa"",""street"":""Ground Floor, King Tower, Rangila Park, 1, Ghod Dod Rd"",""city"":""Surat"",""postal_code"":""395007"",""state"":""Gujarat"",""country_code"":""IN""}","{""latitude"":21.175288899999998,""longitude"":72.80489779999999}",https://www.google.com/maps/place/Simply+South+By+Taste+Of+Bhagwati/data=!4m7!3m6!1s0x3be04e755c9e9a9f:0x5b0f16a52a4e3807!8m2!3d21.1752889!4d72.8048978!16s%2Fg%2F11g8ybxy9_!19sChIJn5qeXHVO4DsRBzhOKqUWD1s?authuser=0&rclk=1,,"[{""link"":""https://www.swiggy.com/restaurants/simply-south-tob-athwa-piplod-surat-69308/dineout?is_retargeting=true&media_source=GoogleReserve&utm_campaign=GoogleMap&utm_source=GoogleReserve"",""source"":""swiggy.com""},{""link"":""https://www.district.in/dining/surat/taste-of-bhagwati-athwa/book?utm_source=rwg"",""source"":""district.in""},{""link"":""https://www.zomato.com/surat/taste-of-bhagwati-athwa/book?utm_source=rwg"",""source"":""zomato.com""},{""link"":""https://www.eazydiner.com/surat/simply-south-athwa-surat-690400"",""source"":""eazydiner.com""}]",https://lh3.googleusercontent.com/gps-cs-s/AHRPTWl-6JoQdQzuf-hVLJ6xXeQPMszaOmnWRqaw7SuPJRqj5KLx_XsN8FO1h4oU3i7UMse090FKghTBm4ACTJlBis-gjZShzyOsKy5hJOxm3yske_bvpXUQ8A5FHa_OpQ16Gnu4qiqT2g=w1920-h1080-k-no,200-400,"[{""day"":""Monday"",""times"":[""8 am-11:30 pm""]},{""day"":""Tuesday"",""times"":[""8 am-11:30 pm""]},{""day"":""Wednesday"",""times"":[""8 am-11:30 pm""]},{""day"":""Thursday"",""times"":[""8 am-11:30 pm""]},{""day"":""Friday"",""times"":[""8 am-11:30 pm""]},{""day"":""Saturday"",""times"":[""8 am-11:30 pm""]},{""day"":""Sunday"",""times"":[""8 am-11:30 pm""]}]"
ChIJM5GHTyVO4DsRbtC6uUYxXJM,/g/1hdyzq1kb,Madhi Ni Khamni,Gujarati restaurant,"[""Gujarati restaurant"",""Breakfast restaurant"",""Fast food restaurant"",""Vegetarian restaurant""]",4.2,1545,098245 01704,https://madhinikhamni.com/,"Anand Mahal Rd, opp. Prime Arcade, shantinagar society, Adajan, Surat, Gujarat 395009","{""ward"":""shantinagar society, Adajan"",""street"":""Anand Mahal Rd, opp. Prime Arcade"",""city"":""Surat"",""postal_code"":""395009"",""state"":""Gujarat"",""country_code"":""IN""}","{""latitude"":21.203523099999998,""longitude"":72.7942307}",https://www.google.com/maps/place/Madhi+Ni+Khamni/data=!4m7!3m6!1s0x3be04e254f879133:0x935c3146b9bad06e!8m2!3d21.2035231!4d72.7942307!16s%2Fg%2F1hdyzq1kb!19sChIJM5GHTyVO4DsRbtC6uUYxXJM?authuser=0&hl=en&g_ep=EgoyMDI2MDgxOS4wIJJjKgBIAVAD&rclk=1,,[],https://lh3.googleusercontent.com/gps-cs-s/AHRPTWm4p37ehXXfUmIE16Az-NciSADWms7qVJy9a2nNFXrBmPzmm7qEKEPuhQc4SpKeUsSJyGoiqP9BDxjDWP8nWlGYqxmL-NdL_3TLL0fBoXQucw5fiyvXYBAWJV5Am8o3iDTeLSw3xg=w1920-h1080-k-no,,"[{""day"":""Monday"",""times"":[""5 am-7 pm""]},{""day"":""Tuesday"",""times"":[""5 am-7 pm""]},{""day"":""Wednesday"",""times"":[""5 am-7 pm""]},{""day"":""Thursday"",""times"":[""5 am-7 pm""]},{""day"":""Friday"",""times"":[""5 am-7 pm""]},{""day"":""Saturday"",""times"":[""5 am-7 pm""]},{""day"":""Sunday"",""times"":[""5 am-7 pm""]}]"
ChIJywrepWNO4DsRnBVdLSrajik,/g/1260qbh49,Center Point Fast Food,Fast food restaurant,"[""Fast food restaurant"",""Breakfast restaurant"",""Sandwich shop""]",4.1,1540,095102 13348,,"Kadampally Society, Timaliawad, Nanpura, Surat, Gujarat 395001","{""ward"":""Kadampally Society, Timaliawad, Nanpura"",""street"":null,""city"":""Surat"",""postal_code"":""395001"",""state"":""Gujarat"",""country_code"":""IN""}","{""latitude"":21.1850177,""longitude"":72.8142932}",https://www.google.com/maps/place/Center+Point+Fast+Food/data=!4m7!3m6!1s0x3be04e63a5de0acb:0x298eda2a2d5d159c!8m2!3d21.1850177!4d72.8142932!16s%2Fg%2F1260qbh49!19sChIJywrepWNO4DsRnBVdLSrajik?authuser=0&hl=en&g_ep=EgoyMDI2MDgxOS4wIJJjKgBIAVAD&rclk=1,,[],https://lh3.googleusercontent.com/gps-cs-s/AHRPTWl0xdASLc7CX_g9inFzhjeNlRaM82_d1BIsaRpe9i6Jbj_K80zuqcpYleXGe2ALw9-39e4HDKtXHzhYulW-i2Nx3QxNh1QC9BU6FTWptGCUE1PoDJi8FFIzelBNH-15zlxe7Kg=w1920-h1080-k-no,1-200,"[{""day"":""Monday"",""times"":[""8 am-11 pm""]},{""day"":""Tuesday"",""times"":[""8 am-11 pm""]},{""day"":""Wednesday"",""times"":[""8 am-11 pm""]},{""day"":""Thursday"",""times"":[""8 am-11 pm""]},{""day"":""Friday"",""times"":[""8 am-11 pm""]},{""day"":""Saturday"",""times"":[""8 am-11 pm""]},{""day"":""Sunday"",""times"":[""8 am-11 pm""]}]"
ChIJR9OiOLVN4DsR02q_x9rh6FQ,/g/11f39sj3sk,Shree Sainath Snacks Stall,South Indian restaurant,"[""South Indian restaurant"",""Breakfast restaurant"",""Fast food restaurant"",""Vegetarian restaurant""]",4.4,1485,095866 03639,,"Raj Arcade, G-28, New Pal Rd, Pal Gam, Surat, Gujarat 394510","{""ward"":""Pal Gam"",""street"":""Raj Arcade, G-28, New Pal Rd"",""city"":""Surat"",""postal_code"":""394510"",""state"":""Gujarat"",""country_code"":""IN""}","{""latitude"":21.1929738,""longitude"":72.7792904}",https://www.google.com/maps/place/Shree+Sainath+Snacks+Stall/data=!4m7!3m6!1s0x3be04db538a2d347:0x54e8e1dac7bf6ad3!8m2!3d21.1929738!4d72.7792904!16s%2Fg%2F11f39sj3sk!19sChIJR9OiOLVN4DsR02q_x9rh6FQ?authuser=0&hl=en&g_ep=EgoyMDI2MDgxOS4wIJJjKgBIAVAD&rclk=1,,[],https://lh3.googleusercontent.com/gps-cs-s/AHRPTWlVbUKm1kkH9TYYnbrHzqoMYo9EUg2pGeLsSjNnmO7Wr0b6PdbOLehrrKBxOglIxdrzqoNGbYMUPtcUgkiR0zCXvDKJAY1POlfpWeXldkfUlK41ys0hE1ohUsV1sae6dUrq2ak0=w1920-h1080-k-no,1-200,"[{""day"":""Monday"",""times"":[""4-11 pm""]},{""day"":""Tuesday"",""times"":[""4-11 pm""]},{""day"":""Wednesday"",""times"":[""4-11 pm""]},{""day"":""Thursday"",""times"":[""4-11 pm""]},{""day"":""Friday"",""times"":[""4-11 pm""]},{""day"":""Saturday"",""times"":[""4-11 pm""]},{""day"":""Sunday"",""times"":[""4-11 pm""]}]"
ChIJDXsp18dN4DsR3bX5ZGA2ohA,/g/11f2k1m0r8,The Belgian Waffle Co,Dessert restaurant,"[""Dessert restaurant"",""Cafe"",""Cake shop"",""Family restaurant"",""Ice cream shop""]",4.3,1472,086578 81566,https://thebelgianwaffle.co/,"marvella business hub, G-11, opp. Pal RTO BRTS Road, Adajan Gam, Adajan, Surat, Gujarat 394510","{""ward"":""Adajan Gam, Adajan"",""street"":""marvella business hub, G-11, opp. Pal RTO BRTS Road"",""city"":""Surat"",""postal_code"":""394510"",""state"":""Gujarat"",""country_code"":""IN""}","{""latitude"":21.1835484,""longitude"":72.7830215}",https://www.google.com/maps/place/The+Belgian+Waffle+Co/data=!4m7!3m6!1s0x3be04dc7d7297b0d:0x10a2366064f9b5dd!8m2!3d21.1835484!4d72.7830215!16s%2Fg%2F11f2k1m0r8!19sChIJDXsp18dN4DsR3bX5ZGA2ohA?authuser=0&hl=en&g_ep=EgoyMDI2MDgxOS4wIJJjKgBIAVAD&rclk=1,"{""link"":""https://drive.google.com/file/d/11rpp7Zjea0CKDaRZQKbaH8ynzHTTXvUO/view?usp=drive_link"",""source"":""drive.google.com""}","[{""link"":""https://www.swiggy.com/restaurants/the-belgian-waffle-co-gam-adajan-surat-907938/dineout?is_retargeting=true&media_source=GoogleReserve&utm_campaign=GoogleMap&utm_source=GoogleReserve"",""source"":""swiggy.com""}]",https://lh3.googleusercontent.com/gps-cs-s/AHRPTWlMBCWd0RyDc_B0w6ryJqXfV5e1Xq5adG4UzLYnZcO0RWGqmXt8UGSaXqKIxyk5NAvbXpXg7DI_jawfQnnvwMawK5wr9iDioklRZvSDFe0BxE8wefIBjdZaw8zdFmcbmhlwFv7Cka0erUkr=w1920-h1080-k-no,1-400,"[{""day"":""Monday"",""times"":[""10 am-11 pm""]},{""day"":""Tuesday"",""times"":[""10 am-11 pm""]},{""day"":""Wednesday"",""times"":[""10 am-11 pm""]},{""day"":""Thursday"",""times"":[""10 am-11 pm""]},{""day"":""Friday"",""times"":[""10 am-11 pm""]},{""day"":""Saturday"",""times"":[""10 am-11 pm""]},{""day"":""Sunday"",""times"":[""10 am-11 pm""]}]"
ChIJczFAiCpM4DsRT5Mv-Zyn2iI,/g/1hdz_62mz,Topaz Restaurant,Punjabi restaurant,"[""Punjabi restaurant"",""Chinese restaurant"",""Vegetarian restaurant""]",4.1,1470,0261 278 5879,,"Divya Darshan Complex-A, Rander Rd, opp. Rushabh Tower, Sangana Society, Adajan, Surat, Gujarat 395009","{""ward"":""Sangana Society, Adajan"",""street"":""Divya Darshan Complex-A, Rander Rd, opp. Rushabh Tower"",""city"":""Surat"",""postal_code"":""395009"",""state"":""Gujarat"",""country_code"":""IN""}","{""latitude"":21.1993963,""longitude"":72.80347309999999}",https://www.google.com/maps/place/Topaz+Restaurant/data=!4m7!3m6!1s0x3be04c2a88403173:0x22daa79cf92f934f!8m2!3d21.1993963!4d72.8034731!16s%2Fg%2F1hdz_62mz!19sChIJczFAiCpM4DsRT5Mv-Zyn2iI?authuser=0&hl=en&rclk=1,,[],https://lh3.googleusercontent.com/gps-cs-s/AHRPTWnpgHfOcpO-rttoXc4Z35jbqpFgi9Z2ZK6bEBN5oQ3HUZGV0wPr0qqMMTASXon21FXb4fO1HvnSuxQcZoqS8Ud_uhRmG-PUjWzn6T1CfMsB2wxtZxMiUrQDHZbDDHwjVmhrIT4=w1920-h1080-k-no,200-400,"[{""day"":""Monday"",""times"":[""11:30 am-3:15 pm"",""6:30-10:45 pm""]},{""day"":""Tuesday"",""times"":[""11:30 am-3:15 pm"",""6:30-10:45 pm""]},{""day"":""Wednesday"",""times"":[""11:30 am-3:15 pm"",""6:30-10:45 pm""]},{""day"":""Thursday"",""times"":[""11:30 am-3:15 pm"",""6:30-10:45 pm""]},{""day"":""Friday"",""times"":[""11:30 am-3:15 pm"",""6:30-10:45 pm""]},{""day"":""Saturday"",""times"":[""11:30 am-3:15 pm"",""6:30-10:45 pm""]},{""day"":""Sunday"",""times"":[""11:30 am-3:15 pm"",""6:30-10:45 pm""]}]"
ChIJ__YTyNFN4DsRATxVgPD0Rkg,/g/11rw_yp1pz,Starbucks,Coffee shop,"[""Coffee shop"",""Cafe"",""Coffee store"",""Restaurant"",""Snack bar"",""Vegetarian cafe and deli""]",4.4,1459,1860 266 0010,https://stores.starbucks.in/store-pages/starbucks-surat-3/,"Ground Floor, No G/6, LP Savani Rd, TGB, Adajan Gam, Adajan, Surat, Gujarat 395009","{""ward"":""TGB, Adajan Gam, Adajan"",""street"":""Ground Floor, No G/6, LP Savani Rd"",""city"":""Surat"",""postal_code"":""395009"",""state"":""Gujarat"",""country_code"":""IN""}","{""latitude"":21.1923714,""longitude"":72.7872697}",https://www.google.com/maps/place/Starbucks/data=!4m7!3m6!1s0x3be04dd1c813f6ff:0x4846f4f080553c01!8m2!3d21.1923714!4d72.7872697!16s%2Fg%2F11rw_yp1pz!19sChIJ__YTyNFN4DsRATxVgPD0Rkg?authuser=0&hl=en&g_ep=EgoyMDI2MDgxOS4wIJJjKgBIAVAD&rclk=1,,[],https://lh3.googleusercontent.com/gps-cs-s/AHRPTWms5OW7MWiH4pB3Im7x9cnanH1wH0GCorQKNSHuIGcgO9VgPAeT9IqK6dGoLugnXQe1lOcHznqspUAUFdijqDK8C0_2rWRiX7KJs9LikGQmbq_kDVYUTEKZ91xlm4PZ_WQsCms8rl_lT8k=w1920-h1080-k-no,,"[{""day"":""Monday"",""times"":[""8 am-11 pm""]},{""day"":""Tuesday"",""times"":[""8 am-11 pm""]},{""day"":""Wednesday"",""times"":[""8 am-11 pm""]},{""day"":""Thursday"",""times"":[""8 am-11 pm""]},{""day"":""Friday"",""times"":[""8 am-11 pm""]},{""day"":""Saturday"",""times"":[""8 am-11 pm""]},{""day"":""Sunday"",""times"":[""8 am-11 pm""]}]"
ChIJq-mLIxpN4DsRbuHmVLHKkNE,/g/11t53n84q_,MEGH MALHAR DHOSA ANANADMAHAL ROAD,Restaurant,"[""Restaurant""]",4.5,1444,094283 95265,https://www.facebook.com/malhardhosaunlimited/,"BELOVE SUBWAY, TAKSHSHILA APPARTMENT, Anand Mahal Rd, near SHREE RAM PETROL PUMP, Opposite Shree Ram Petrol Pump, Adajan Gam, Adajan, Surat, Gujarat 395009","{""ward"":""Opposite Shree Ram Petrol Pump, Adajan Gam, Adajan"",""street"":""BELOVE SUBWAY, TAKSHSHILA APPARTMENT, Anand Mahal Rd, near SHREE RAM PETROL PUMP"",""city"":""Surat"",""postal_code"":""395009"",""state"":""Gujarat"",""country_code"":""IN""}","{""latitude"":21.1956915,""longitude"":72.7974005}",https://www.google.com/maps/place/MEGH+MALHAR+DHOSA+ANANADMAHAL+ROAD/data=!4m7!3m6!1s0x3be04d1a238be9ab:0xd190cab154e6e16e!8m2!3d21.1956915!4d72.7974005!16s%2Fg%2F11t53n84q_!19sChIJq-mLIxpN4DsRbuHmVLHKkNE?authuser=0&hl=en&rclk=1,"{""link"":""https://wa.me/c/919428395265"",""source"":""wa.me""}",[],https://lh3.googleusercontent.com/gps-cs-s/AHRPTWk0jxWpjgikS_Uw5VMUD2LMjp4Z3xj8VU5fFowTnAJ5Kqi2zyefFK9hHXBsSmMD1j0rt7a1ifIlusPCV7ON2zttZ-K3_5tnkuIQmylohnXr3KGrBmJNv4jOxYVD9ics5a4JCwKj=w1920-h1080-k-no,1-200,"[{""day"":""Monday"",""times"":[""5-11:50 pm""]},{""day"":""Tuesday"",""times"":[""5-11:50 pm""]},{""day"":""Wednesday"",""times"":[""5-11:50 pm""]},{""day"":""Thursday"",""times"":[""5-11:50 pm""]},{""day"":""Friday"",""times"":[""5-11:30 pm""]},{""day"":""Saturday"",""times"":[""5-11:30 pm""]},{""day"":""Sunday"",""times"":[""5-11:50 pm""]}]"
ChIJA59ZF3tO4DsRNvrH9p1XH-Q,/g/11cs2gw4pq,Jay Jalaram Dana Chana,Fast food restaurant,"[""Fast food restaurant""]",4.1,1428,092284 67713,,"5RR7+2JR, Navdi Bandar Rd, opp. Paliya Street, Nanpura, Surat, Gujarat 395001","{""ward"":""Nanpura"",""street"":""5RR7+2JR, Navdi Bandar Rd, opp. Paliya Street"",""city"":""Surat"",""postal_code"":""395001"",""state"":""Gujarat"",""country_code"":""IN""}","{""latitude"":21.1901163,""longitude"":72.81401389999999}",https://www.google.com/maps/place/Jay+Jalaram+Dana+Chana/data=!4m7!3m6!1s0x3be04e7b17599f03:0xe41f579df6c7fa36!8m2!3d21.1901163!4d72.8140139!16s%2Fg%2F11cs2gw4pq!19sChIJA59ZF3tO4DsRNvrH9p1XH-Q?authuser=0&hl=en&g_ep=EgoyMDI2MDgxOS4wIJJjKgBIAVAD&rclk=1,,[],https://lh3.googleusercontent.com/gps-cs-s/AHRPTWk6THEbMTBCXr55vJlvN-VLe-TkA0Fdho8ifNg_6kvgLz5Cf-0j0IP0j0ySghKb1A7l7W67iQjRBSc1RvGpIUrin5fV6ymKKPJKn_nYUvwTLQYK9phMpy2RpkSa10fvEStYteXP=w1920-h1080-k-no,1-200,"[{""day"":""Monday"",""times"":[""10 am-12 am""]},{""day"":""Tuesday"",""times"":[""10 am-12 am""]},{""day"":""Wednesday"",""times"":[""10 am-12 am""]},{""day"":""Thursday"",""times"":[""10 am-12 am""]},{""day"":""Friday"",""times"":[""10 am-12 am""]},{""day"":""Saturday"",""times"":[""10 am-12 am""]},{""day"":""Sunday"",""times"":[""10 am-12 am""]}]"
ChIJzfgqbLhN4DsRUmZSUJL2wJg,/g/11h0msv2fr,Sainath Alupuri,Fast food restaurant,"[""Fast food restaurant"",""Cafe"",""Food court""]",4.3,1423,098793 93937,,"4 Drashti complex. L.p savani circle, Honey Park Rd, Surat, Gujarat 395009","{""ward"":""Honey Park Area, L.P.Savani"",""street"":""4 Drashti complex. L.p savani circle, Honey Park Rd"",""city"":""Surat"",""postal_code"":""395009"",""state"":""Gujarat"",""country_code"":""IN""}","{""latitude"":21.2015992,""longitude"":72.7826212}",https://www.google.com/maps/place/Sainath+Alupuri/data=!4m7!3m6!1s0x3be04db86c2af8cd:0x98c0f69250526652!8m2!3d21.2015992!4d72.7826212!16s%2Fg%2F11h0msv2fr!19sChIJzfgqbLhN4DsRUmZSUJL2wJg?authuser=0&hl=en&g_ep=EgoyMDI2MDgxOS4wIJJjKgBIAVAD&rclk=1,"{""link"":""https://sites.google.com/d/1hkEmviPK6dbsT2R8IU1onbn1uxuwlJag/p/1NrDxnGaAFUkWqA8iEpRbGYyQkB-IjkJU/edit"",""source"":""sites.google.com""}","[{""link"":""https://www.swiggy.com/restaurants/sainath-aloopuri-pal-gam-adajan-surat-830617/dineout?is_retargeting=true&media_source=GoogleReserve&utm_campaign=GoogleMap&utm_source=GoogleReserve"",""source"":""swiggy.com""}]",https://lh3.googleusercontent.com/gps-cs-s/AHRPTWkdsRgMO9IDcsruxAiZscV6xjKaHty6cqrSLhvCjuW3TxAf0TDQrgRzeesIyGZDmoVHy5nMq56ZOpVdkk04gOE7gphsBNNHHMi62rM2SAS1DWKmO4NytU36sBGTbva_NcrHre50NwvC8mcT=w1920-h1080-k-no,1-200,"[{""day"":""Monday"",""times"":[""9 am-7 pm""]},{""day"":""Tuesday"",""times"":[""9 am-7 pm""]},{""day"":""Wednesday"",""times"":[""9 am-7 pm""]},{""day"":""Thursday"",""times"":[""9 am-7 pm""]},{""day"":""Friday"",""times"":[""9 am-7 pm""]},{""day"":""Saturday"",""times"":[""9 am-7 pm""]},{""day"":""Sunday"",""times"":[""9 am-7 pm""]}]"
ChIJfaQXvGBP4DsReTlPy15b8NA,/g/11c6ldtjqr,Rajwadi Malai Gola,Ice cream shop,"[""Ice cream shop"",""Dessert shop""]",4.4,1395,099787 50049,,"shop number 14, Royal Residency, Vir Arjun Marg, near anand mahal road, opposite maha laxmi temple, Chatrapati Shivaji Nagar, Adajan Gam, Adajan, Surat, Gujarat 395009","{""ward"":""Chatrapati Shivaji Nagar, Adajan Gam, Adajan"",""street"":""shop number 14, Royal Residency, Vir Arjun Marg, near anand mahal road, opposite maha laxmi temple"",""city"":""Surat"",""postal_code"":""395009"",""state"":""Gujarat"",""country_code"":""IN""}","{""latitude"":21.1970943,""longitude"":72.7944953}",https://www.google.com/maps/place/Rajwadi+Malai+Gola/data=!4m7!3m6!1s0x3be04f60bc17a47d:0xd0f05b5ecb4f3979!8m2!3d21.1970943!4d72.7944953!16s%2Fg%2F11c6ldtjqr!19sChIJfaQXvGBP4DsReTlPy15b8NA?authuser=0&hl=en&g_ep=EgoyMDI2MDgxOS4wIJJjKgBIAVAD&rclk=1,,[],https://lh3.googleusercontent.com/gps-cs-s/AHRPTWmMHAbUToHNva34LcNlTQsFskAqmBIhNFecJXNBVEZr6BqkILFzCA-zYo-PCSFw7Hwm0kIGZnILxbFHDTxBcBevU3KmfwNwYeX6pXKGr_htl__DpfSAT-fZEi3oo1tn7HfE42B3=w1920-h1080-k-no,,"[{""day"":""Monday"",""times"":[""3 pm-12 am""]},{""day"":""Tuesday"",""times"":[""3 pm-12 am""]},{""day"":""Wednesday"",""times"":[""3 pm-12 am""]},{""day"":""Thursday"",""times"":[""3 pm-12 am""]},{""day"":""Friday"",""times"":[""3 pm-12 am""]},{""day"":""Saturday"",""times"":[""3 pm-12 am""]},{""day"":""Sunday"",""times"":[""3 pm-12 am""]}]"
ChIJgUM5GUtN4DsRMEe2YkncihM,/g/11tsg9wd2k,It's Mirchi,Family restaurant,"[""Family restaurant""]",4.5,1363,074860 01612,https://rameehotels.com/ramee-surat/dining/its-mirchi/,"12th Floor, B- Tower, Vivanta iCon Near Maduvan circle, Road, L.P.Savani, Surat, Gujarat 395009","{""ward"":""Adajan Gam, L.P.Savani"",""street"":""12th Floor, B- Tower, Vivanta iCon Near Maduvan circle, Road"",""city"":""Surat"",""postal_code"":""395009"",""state"":""Gujarat"",""country_code"":""IN""}","{""latitude"":21.189574099999998,""longitude"":72.7888182}",https://www.google.com/maps/place/It's+Mirchi/data=!4m7!3m6!1s0x3be04d4b19394381:0x138adc4962b64730!8m2!3d21.1895741!4d72.7888182!16s%2Fg%2F11tsg9wd2k!19sChIJgUM5GUtN4DsRMEe2YkncihM?authuser=0&rclk=1&hl=en,"{""link"":""https://drive.google.com/file/d/1V1V_ODM_cl6PhboV-5oo9D4U2j-iuLN3/view"",""source"":""drive.google.com""}","[{""link"":""https://www.swiggy.com/restaurants/its-mirchi-gam-adajan-surat-676212/dineout?is_retargeting=true&media_source=GoogleReserve&utm_campaign=GoogleMap&utm_source=GoogleReserve"",""source"":""swiggy.com""},{""link"":""https://www.zomato.com/surat/its-mirchi-ramee-international-hotel-adajan-gam/book?utm_source=rwg"",""source"":""zomato.com""},{""link"":""https://www.eazydiner.com/surat/its-mirchi-ramee-international-surat-686422"",""source"":""eazydiner.com""},{""link"":""https://www.district.in/dining/surat/its-mirchi-ramee-international-hotel-adajan-gam/book?utm_source=rwg"",""source"":""district.in""}]",https://lh3.googleusercontent.com/gps-cs-s/AHRPTWnd4DDxcZpxpyKKl01H5GBshoZbsg_YOocqnExMEgO1eb9E9JtgVN7FF9lBYYhGLmCtPzE_kcdYEtzZTa-uj24BsfxdTV7zvU9WLfZfOWW0tnAygCX7jTgXpXb6t-oq-E2dKYkU_OWnrG1b=w1920-h1080-k-no,"400-1,200","[{""day"":""Monday"",""times"":[""7 am-11 pm""]},{""day"":""Tuesday"",""times"":[""7 am-11 pm""]},{""day"":""Wednesday"",""times"":[""7 am-11 pm""]},{""day"":""Thursday"",""times"":[""7 am-11 pm""]},{""day"":""Friday"",""times"":[""7 am-11 pm""]},{""day"":""Saturday"",""times"":[""7 am-11 pm""]},{""day"":""Sunday"",""times"":[""7 am-11 pm""]}]"
ChIJuUvnZd5N4DsRwGXc0dzIwdM,/g/11xzfgc9lb,Rosmarinus Restro,Restaurant,"[""Restaurant""]",4.2,1335,099041 44470,,"Gaurav Path Road, opp. Tea post Desi cafe, near Baghban Circle, Pal Gam, Surat, Gujarat 395009","{""ward"":""Pal Gam"",""street"":""Gaurav Path Road, opp. Tea post Desi cafe, near Baghban Circle"",""city"":""Surat"",""postal_code"":""395009"",""state"":""Gujarat"",""country_code"":""IN""}","{""latitude"":21.1924602,""longitude"":72.77105}",https://www.google.com/maps/place/Rosmarinus+Restro/data=!4m7!3m6!1s0x3be04dde65e74bb9:0xd3c1c8dcd1dc65c0!8m2!3d21.1924602!4d72.77105!16s%2Fg%2F11xzfgc9lb!19sChIJuUvnZd5N4DsRwGXc0dzIwdM?authuser=0&hl=en&g_ep=EgoyMDI2MDgxOS4wIJJjKgBIAVAD&rclk=1,"{""link"":""https://linktr.ee/rosmarinusrestro"",""source"":""linktr.ee""}","[{""link"":""https://www.eazydiner.com/surat/rosmarinus-restro-pal-gam-surat-715087"",""source"":""eazydiner.com""}]",https://lh3.googleusercontent.com/gps-cs-s/AHRPTWlbzzEIRTPhLE4dXICfSvll30qHbUnlonmvAng3noNDcWVj3mM-ew5epYuSFfhpN72lqoFKcBHuuEg4PQNYJ-tfTbpZbt8PvPObdFypXyn4UCLkqDgHqDH7eiSF874LFy--_aoOBgcC18Kf=w1920-h1080-k-no,400-600,"[{""day"":""Monday"",""times"":[""11:30 am-3 pm"",""7-11 pm""]},{""day"":""Tuesday"",""times"":[""11:30 am-3 pm"",""7-11 pm""]},{""day"":""Wednesday"",""times"":[""11:30 am-3 pm"",""7-11 pm""]},{""day"":""Thursday"",""times"":[""11:30 am-3 pm"",""7-11 pm""]},{""day"":""Friday"",""times"":[""11:30 am-3 pm"",""7-11 pm""]},{""day"":""Saturday"",""times"":[""11:30 am-3 pm"",""7-11 pm""]},{""day"":""Sunday"",""times"":[""11:30 am-3 pm"",""7-11 pm""]}]"
ChIJQ2dVNdVN4DsRZIzyfatJ3Ew,/g/12hlwdn6w,Shiv Sagar Dining Hall,Gujarati restaurant,"[""Gujarati restaurant"",""Vegetarian restaurant""]",4.1,1278,097129 82180,,"1/B, opp. Muktanand Nagar, Krishna Nagar Society, Krishna Nagar Society - 2, Choksi Wadi, Adajan, Surat, Gujarat 395009","{""ward"":""Krishna Nagar Society, Krishna Nagar Society - 2, Choksi Wadi, Adajan"",""street"":""1/B, opp. Muktanand Nagar"",""city"":""Surat"",""postal_code"":""395009"",""state"":""Gujarat"",""country_code"":""IN""}","{""latitude"":21.1973189,""longitude"":72.8030129}",https://www.google.com/maps/place/Shiv+Sagar+Dining+Hall/data=!4m7!3m6!1s0x3be04dd535556743:0x4cdc49ab7df28c64!8m2!3d21.1973189!4d72.8030129!16s%2Fg%2F12hlwdn6w!19sChIJQ2dVNdVN4DsRZIzyfatJ3Ew?authuser=0&rclk=1,,"[{""link"":""https://www.swiggy.com/restaurants/shiv-sagar-dining-hall-gam-adajan-surat-829886/dineout?is_retargeting=true&media_source=GoogleReserve&utm_campaign=GoogleMap&utm_source=GoogleReserve"",""source"":""swiggy.com""}]",https://lh3.googleusercontent.com/gps-cs-s/AHRPTWl2ZzCFn4mKnhduYlAy4_G76_Wgkj3eEjJ1eYbBVRiSQvNdhp_FDIB-apC06RIei4d4mj-SSI_IlYIHavWXCxyo7xc70KK3_7C9kzpS-o2JsK0vI1zuMhOlwbiKMnhWR6zJtII1rWhVkOd6=w1920-h1080-k-no,1-200,"[{""day"":""Monday"",""times"":[""11 am-3 pm"",""7-11 pm""]},{""day"":""Tuesday"",""times"":[""11 am-3 pm"",""7-11 pm""]},{""day"":""Wednesday"",""times"":[""11 am-3 pm"",""7-11 pm""]},{""day"":""Thursday"",""times"":[""11 am-3 pm"",""7-11 pm""]},{""day"":""Friday"",""times"":[""11 am-3 pm"",""7-11 pm""]},{""day"":""Saturday"",""times"":[""11 am-3 pm"",""7-11 pm""]},{""day"":""Sunday"",""times"":[""11 am-3 pm"",""7-11 pm""]}]"
ChIJt6W-9M9N4DsRqGCQNYKocbc,/g/11c4y4k610,24 Carats Mithai Magic Sweet Shop,Indian sweets shop,"[""Indian sweets shop""]",4.5,1271,097148 26500,http://24caratssweets.com/,"Hazira - Adajan Rd, Yogeswar Complex, Near Rekha Park,Besides Flyover, Adajan, Surat, Gujarat 395009","{""ward"":""Adajan Gam, Adajan"",""street"":""Hazira - Adajan Rd, Yogeswar Complex, Near Rekha Park,Besides Flyover"",""city"":""Surat"",""postal_code"":""395009"",""state"":""Gujarat"",""country_code"":""IN""}","{""latitude"":21.1845212,""longitude"":72.7910449}",https://www.google.com/maps/place/24+Carats+Mithai+Magic+Sweet+Shop/data=!4m7!3m6!1s0x3be04dcff4bea5b7:0xb771a882359060a8!8m2!3d21.1845212!4d72.7910449!16s%2Fg%2F11c4y4k610!19sChIJt6W-9M9N4DsRqGCQNYKocbc?authuser=0&hl=en&g_ep=EgoyMDI2MDgxOS4wIJJjKgBIAVAD&rclk=1,,"[{""link"":""https://www.swiggy.com/city/surat/24-carats-mithai-magic-hazira-road-adajan-rest421698?utm_source=GooglePlaceOrder&utm_campaign=GoogleMap&is_retargeting=true&media_source=GooglePlaceOrder"",""source"":""swiggy.com""},{""link"":""https://www.zomato.com/surat/24-carats-baked-magic-adajan-gam/order?v=o2"",""source"":""zomato.com""}]",https://lh3.googleusercontent.com/gps-cs-s/AHRPTWkCVWprnAnkgA_HK5mJKEsTRvwu_T1IGcKwWsQtZkVx4EYLATwA57Xn3WswdA5zfSpOSNvppbXul9-b361M_ZZ0ae9xVkkocFRIOPkBZFJ9FZgrPBp5TEz8hL1Ak0BqSXKLY44=w1920-h1080-k-no,,"[{""day"":""Monday"",""times"":[""8:30 am-9:30 pm""]},{""day"":""Tuesday"",""times"":[""8:30 am-9:30 pm""]},{""day"":""Wednesday"",""times"":[""8:30 am-9:30 pm""]},{""day"":""Thursday"",""times"":[""8:30 am-9:30 pm""]},{""day"":""Friday"",""times"":[""8:30 am-9:30 pm""]},{""day"":""Saturday"",""times"":[""8:30 am-9:30 pm""]},{""day"":""Sunday"",""times"":[""8:30 am-9:30 pm""]}]"
ChIJo0p948tN4DsREmURiOrkh_Y,/g/11f_0vt77q,K'TEA'LY CAFE,Cafe,"[""Cafe""]",4.3,1218,095867 96363,,"western arena co. Operative hosing society, Adajan Gam, Adajan, Surat, Gujarat 395009","{""ward"":""Adajan Gam, Adajan"",""street"":""western arena co. Operative hosing society"",""city"":""Surat"",""postal_code"":""395009"",""state"":""Gujarat"",""country_code"":""IN""}","{""latitude"":21.189840099999998,""longitude"":72.78561739999999}",https://www.google.com/maps/place/K'TEA%E2%80%99LY+CAFE/data=!4m7!3m6!1s0x3be04dcbe37d4aa3:0xf687e4ea88116512!8m2!3d21.1898401!4d72.7856174!16s%2Fg%2F11f_0vt77q!19sChIJo0p948tN4DsREmURiOrkh_Y?authuser=0&hl=en&g_ep=EgoyMDI2MDgxOS4wIJJjKgBIAVAD&rclk=1,"{""link"":""https://drive.google.com/file/d/1kpdA65HX_55Fso6YE3hCVhkTVvYboQbp/view?usp=drivesdk"",""source"":""drive.google.com""}","[{""link"":""https://www.swiggy.com/restaurants/ktealy-gam-adajan-surat-482678/dineout?is_retargeting=true&media_source=GoogleReserve&utm_campaign=GoogleMap&utm_source=GoogleReserve"",""source"":""swiggy.com""}]",https://lh3.googleusercontent.com/gps-cs-s/AHRPTWktIOjVCzwqB1jMzlitlbkT2oDuigA2IyubERjcYI5egnW1XfxYujMDmLIgxyRykKW4GbEAdH82LFyJ5GA3RjCIIT4lNpYfHAtCVikOAWiqg8KRgN-jZWqPC1YW8U71-K99pFizyw=w1920-h1080-k-no,200-400,"[{""day"":""Monday"",""times"":[""12:30-11 pm""]},{""day"":""Tuesday"",""times"":[""12:30-11 pm""]},{""day"":""Wednesday"",""times"":[""12:30-11 pm""]},{""day"":""Thursday"",""times"":[""12:30-11 pm""]},{""day"":""Friday"",""times"":[""12:30-11 pm""]},{""day"":""Saturday"",""times"":[""12:30-11 pm""]},{""day"":""Sunday"",""times"":[""12:30-11 pm""]}]"
ChIJCR3YFk1P4DsRISLVJBObmwI,/g/11j0bw94km,Golden Dragon,Chinese restaurant,"[""Chinese restaurant"",""Chicken restaurant"",""Non Vegetarian Restaurant""]",4.3,1216,0261 266 9517,,"5RG3+5QX, Athwa, Surat, Gujarat 395007","{""ward"":""Athwa"",""street"":""5RG3+5QX"",""city"":""Surat"",""postal_code"":""395007"",""state"":""Gujarat"",""country_code"":""IN""}","{""latitude"":21.1754993,""longitude"":72.8044729}",https://www.google.com/maps/place/Golden+Dragon/data=!4m7!3m6!1s0x3be04f4d16d81d09:0x29b9b1324d52221!8m2!3d21.1754993!4d72.8044729!16s%2Fg%2F11j0bw94km!19sChIJCR3YFk1P4DsRISLVJBObmwI?authuser=0&rclk=1&hl=en,,[],https://lh3.googleusercontent.com/gps-cs-s/AHRPTWmqL0YlkrL-5iL1bO0ohft7eOULEzf8Ey5dEQWlimXe3zs8p73RAecctHDqt6dIYVXeLMJVrULrUT_XVF1pWBB42VEuOiZ7oghbTN-YmJ2MW9l6xQdRi5cir8tFS1PyekqsrhhRPTyjFimK=w1920-h1080-k-no,400-600,"[{""day"":""Monday"",""times"":[""11 am-3 pm"",""6-11 pm""]},{""day"":""Tuesday"",""times"":[""11 am-3 pm"",""6-11 pm""]},{""day"":""Wednesday"",""times"":[""11 am-3 pm"",""6-11 pm""]},{""day"":""Thursday"",""times"":[""11 am-3 pm"",""6-11 pm""]},{""day"":""Friday"",""times"":[""11 am-3 pm"",""6-11 pm""]},{""day"":""Saturday"",""times"":[""11 am-3 pm"",""6-11 pm""]},{""day"":""Sunday"",""times"":[""11 am-3 pm"",""6-11 pm""]}]"
ChIJczMIKdxN4DsRM7BVIgbS3oo,/g/11b6nlnp7j,Jaisurya Chinese Point,Chinese restaurant,"[""Chinese restaurant""]",4.2,1186,,,"5QGX+P77, opposite India Post Office, KrishnaKunj Society, Athwalines, Athwa, Surat, Gujarat 395007","{""ward"":""KrishnaKunj Society, Athwalines, Athwa"",""street"":""5QGX+P77, opposite India Post Office"",""city"":""Surat"",""postal_code"":""395007"",""state"":""Gujarat"",""country_code"":""IN""}","{""latitude"":21.176785499999998,""longitude"":72.7981819}",https://www.google.com/maps/place/Jaisurya+Chinese+Point/data=!4m7!3m6!1s0x3be04ddc29083373:0x8aded2062255b033!8m2!3d21.1767855!4d72.7981819!16s%2Fg%2F11b6nlnp7j!19sChIJczMIKdxN4DsRM7BVIgbS3oo?authuser=0&rclk=1&hl=en,,[],https://lh3.googleusercontent.com/gps-cs-s/AHRPTWmzd3mk0x-Fk09diBkhWvzl5bS1oyLMQjRi-jCbQsT2rla_chN3MN6JC9kcB41SX5XLOUjAFDnnLBGmplT5i0-BvauJOeRWp0siHoMSyk1IaNVRKYOWVJvpQwaycVmBsKCrFlc=w1920-h1080-k-no,1-200,"[{""day"":""Monday"",""times"":[""6-9:30 pm""]},{""day"":""Tuesday"",""times"":[""6-9:30 pm""]},{""day"":""Wednesday"",""times"":[""6-9:30 pm""]},{""day"":""Thursday"",""times"":[""6-9:30 pm""]},{""day"":""Friday"",""times"":[""6-9:30 pm""]},{""day"":""Saturday"",""times"":[""6-9:30 pm""]},{""day"":""Sunday"",""times"":[""6-9:30 pm""]}]"
ChIJsWTfSDZM4DsR2GEyBVnQpOs,/g/1q5bs9cst,Jalaram Khaman House,Breakfast restaurant,"[""Breakfast restaurant"",""Fast food restaurant""]",4.2,1128,092653 90726,,"Sankalp Complex, Honey Park Area, Pankaj Nagar, Surat, Gujarat 395009","{""ward"":""Honey Park Area, Pankaj Nagar"",""street"":""Sankalp Complex"",""city"":""Surat"",""postal_code"":""395009"",""state"":""Gujarat"",""country_code"":""IN""}","{""latitude"":21.202916,""longitude"":72.782404}",https://www.google.com/maps/place/Jalaram+Khaman+House/data=!4m7!3m6!1s0x3be04c3648df64b1:0xeba4d059053261d8!8m2!3d21.202916!4d72.782404!16s%2Fg%2F1q5bs9cst!19sChIJsWTfSDZM4DsR2GEyBVnQpOs?authuser=0&rclk=1&hl=en,,[],https://lh3.googleusercontent.com/gps-cs-s/AHRPTWmbcnQLeehPinm5SjMxRre4coXmHUBae7asPthvVR0rIWARNt_ivvmrhEG4L8wZlMgc7A8k-oFCyFpLeVjZ-QxPcKzCnTuIBUrdDrv2aHu1XgZABud7RnYz7S58BMGIEXbG2xus=w1920-h1080-k-no,1-200,"[{""day"":""Monday"",""times"":[""8 am-7 pm""]},{""day"":""Tuesday"",""times"":[""8 am-7 pm""]},{""day"":""Wednesday"",""times"":[""8 am-7 pm""]},{""day"":""Thursday"",""times"":[""8 am-7 pm""]},{""day"":""Friday"",""times"":[""8 am-7 pm""]},{""day"":""Saturday"",""times"":[""8 am-7 pm""]},{""day"":""Sunday"",""times"":[""8 am-7 pm""]}]"
ChIJfQyMRdNN4DsRi7O7-GHuzPM,/g/11b6s8j6_h,Subway Anand Surat,Sandwich shop,"[""Sandwich shop"",""Breakfast restaurant"",""Cafe"",""Fast food restaurant"",""Restaurant""]",4,1122,097249 87119,https://subway.in/,"Shop No 204, Takshshila Complex, Anand Mahal Rd, near shri Ram petrol pump, Opposite Shree Ram Petrol Pump, Adajan Gam, Adajan, Surat, Gujarat 395009","{""ward"":""Opposite Shree Ram Petrol Pump, Adajan Gam, Adajan"",""street"":""Shop No 204, Takshshila Complex, Anand Mahal Rd, near shri Ram petrol pump"",""city"":""Surat"",""postal_code"":""395009"",""state"":""Gujarat"",""country_code"":""IN""}","{""latitude"":21.195653,""longitude"":72.797373}",https://www.google.com/maps/place/Subway+Anand+Surat/data=!4m7!3m6!1s0x3be04dd3458c0c7d:0xf3ccee61f8bbb38b!8m2!3d21.195653!4d72.797373!16s%2Fg%2F11b6s8j6_h!19sChIJfQyMRdNN4DsRi7O7-GHuzPM?authuser=0&hl=en&g_ep=EgoyMDI2MDgxOS4wIJJjKgBIAVAD&rclk=1,"{""link"":""https://subway.in/menu"",""source"":""subway.in""}",[],https://lh3.googleusercontent.com/gps-cs-s/AHRPTWm36BWDZZppeB5SVXid9PhgPWC4XFJUkWMQHS4OXHKlLkMkbNB_XfAVrld6s_-TH-A56yDSX8bolAhPV7kR_x71xrhx5kvkPOQR7qYwZnc0RBxHaahVAk--rbqoXLAbRHiGZa_q=w1920-h1080-k-no,200-400,"[{""day"":""Monday"",""times"":[""11 am-11 pm""]},{""day"":""Tuesday"",""times"":[""11 am-11 pm""]},{""day"":""Wednesday"",""times"":[""11 am-11 pm""]},{""day"":""Thursday"",""times"":[""11 am-11 pm""]},{""day"":""Friday"",""times"":[""11 am-11 pm""]},{""day"":""Saturday"",""times"":[""11 am-11 pm""]},{""day"":""Sunday"",""times"":[""11 am-11 pm""]}]"
ChIJ_8ju-nNN4DsRsbFLAheyd-Y,/g/11qpz08h91,Tea Post,Cafe,"[""Cafe"",""Coffee shop"",""Coffee store"",""Tea house"",""Tea store""]",4.3,1080,099092 43450,https://www.teapost.in/,"PI-10, KHADKI STREET, ADAJAN GAM NR BURGER KING, B/H. WHITE ORCHID, Subhash Chandra Bose Marg, Surat, Gujarat 395009","{""ward"":""Adajan Gam, Adajan"",""street"":""PI-10, KHADKI STREET, ADAJAN GAM NR BURGER KING, B/H. WHITE ORCHID, Subhash Chandra Bose Marg"",""city"":""Surat"",""postal_code"":""395009"",""state"":""Gujarat"",""country_code"":""IN""}","{""latitude"":21.189441799999997,""longitude"":72.7902752}",https://www.google.com/maps/place/Tea+Post/data=!4m7!3m6!1s0x3be04d73faeec8ff:0xe677b217024bb1b1!8m2!3d21.1894418!4d72.7902752!16s%2Fg%2F11qpz08h91!19sChIJ_8ju-nNN4DsRsbFLAheyd-Y?authuser=0&hl=en&g_ep=EgoyMDI2MDgxOS4wIJJjKgBIAVAD&rclk=1,"{""link"":""https://link.zomato.com/xqzv/rshare?id=104078972305636ce"",""source"":""link.zomato.com""}",[],https://lh3.googleusercontent.com/gps-cs-s/AHRPTWmyAt5nAH69tl6bbaw8RvJrp7uXjNvkJKscQ6G1c3mgScPrP2nPtmYBFjT_3Xr7P6wQmLolCCyevHeBkHFfblNoq-VFaNa8usuaTecRZu-YO_Y_ViGo2nqriKzcENkkpABsFIUYwIzOgxYI=w1920-h1080-k-no,1-200,"[{""day"":""Monday"",""times"":[""8 am-12 am""]},{""day"":""Tuesday"",""times"":[""8 am-12 am""]},{""day"":""Wednesday"",""times"":[""8 am-12 am""]},{""day"":""Thursday"",""times"":[""8 am-12 am""]},{""day"":""Friday"",""times"":[""8 am-12 am""]},{""day"":""Saturday"",""times"":[""8 am-12 am""]},{""day"":""Sunday"",""times"":[""8 am-12 am""]}]"
ChIJy7lNDdJN4DsR-uCgNHYVxEE,/g/11f0_fvr9r,Barbecue Chicken,Barbecue restaurant,"[""Barbecue restaurant""]",4.3,1059,099795 41786,,"Shreenath Apartment, chowk, nr. Gujarat Gas Company Road, Adajan Gam, Adajan, Surat, Gujarat 395009","{""ward"":""Adajan Gam, Adajan"",""street"":""Shreenath Apartment, chowk, nr. Gujarat Gas Company Road"",""city"":""Surat"",""postal_code"":""395009"",""state"":""Gujarat"",""country_code"":""IN""}","{""latitude"":21.1916422,""longitude"":72.7932886}",https://www.google.com/maps/place/Barbecue+Chicken/data=!4m7!3m6!1s0x3be04dd20d4db9cb:0x41c4157634a0e0fa!8m2!3d21.1916422!4d72.7932886!16s%2Fg%2F11f0_fvr9r!19sChIJy7lNDdJN4DsR-uCgNHYVxEE?authuser=0&hl=en&g_ep=EgoyMDI2MDgxOS4wIJJjKgBIAVAD&rclk=1,,[],https://lh3.googleusercontent.com/gps-cs-s/AHRPTWkVo5EZxGN_2EhKKA3daT9ropygJij1xWvbUFLC4v6ttTvDp-LVgkk6089s-VRZzJnJzQnF63mcWnSJ3qNuMUQoukfIAR08GZfhS03uQeuTYqbqzYDyv2Qhy_i96e5pe9zGN9xR=w1920-h1080-k-no,200-400,"[{""day"":""Monday"",""times"":[""6-11:30 pm""]},{""day"":""Tuesday"",""times"":[""6-11:30 pm""]},{""day"":""Wednesday"",""times"":[""6-11:30 pm""]},{""day"":""Thursday"",""times"":[""6-11:30 pm""]},{""day"":""Friday"",""times"":[""6-11:30 pm""]},{""day"":""Saturday"",""times"":[""6-11:30 pm""]},{""day"":""Sunday"",""times"":[""6-11:30 pm""]}]"
ChIJH-8LO9VN4DsR1gEpaBJefWk,/g/11c1v9g5l3,Balaji Restaurant,South Indian restaurant,"[""South Indian restaurant"",""Vegetarian restaurant""]",4.2,1033,097248 50066,,"73, Muktanand Nagar Rd, Premjinagar Society-1, Muktanand Nagar, Narotam Nagar, Surat, Gujarat 395009","{""ward"":""Premjinagar Society-1, Muktanand Nagar, Narotam Nagar"",""street"":""73, Muktanand Nagar Rd"",""city"":""Surat"",""postal_code"":""395009"",""state"":""Gujarat"",""country_code"":""IN""}","{""latitude"":21.195940399999998,""longitude"":72.80220419999999}",https://www.google.com/maps/place/Balaji+Restaurant/data=!4m7!3m6!1s0x3be04dd53b0bef1f:0x697d5e12682901d6!8m2!3d21.1959404!4d72.8022042!16s%2Fg%2F11c1v9g5l3!19sChIJH-8LO9VN4DsR1gEpaBJefWk?authuser=0&rclk=1,,[],https://lh3.googleusercontent.com/gps-cs-s/AHRPTWnw1CfcROpeMLo-GgO102VbTY36tcFLEafzlUSvtSFyq3Bg7spn3TrrBv11CaDh0PjqLun2z8g_D-Jex-zfplmD-o0Ut7DEEWWG3CrSyJyjIValZZE63nD68LFRfdUZQqlQXCijusonbf8m=w1920-h1080-k-no,1-200,"[{""day"":""Monday"",""times"":[""9 am-11 pm""]},{""day"":""Tuesday"",""times"":[""9 am-11 pm""]},{""day"":""Wednesday"",""times"":[""9 am-11 pm""]},{""day"":""Thursday"",""times"":[""9 am-11 pm""]},{""day"":""Friday"",""times"":[""9 am-11 pm""]},{""day"":""Saturday"",""times"":[""9 am-11 pm""]},{""day"":""Sunday"",""times"":[""9 am-11 pm""]}]"
ChIJrREcOy1M4DsRbzueetNGLo8,/g/11clvp4b1z,Jay Bajrang Dryfruit Dish Gola,Ice cream shop,"[""Ice cream shop""]",4,1032,075061 66588,,"Shop no. 2, Royal Residency, Anand Mahal Rd, opp. Mahalaxmi Mandir, Chatrapati Shivaji Nagar, Guru Ram Pavan Bhumi, Adajan Gam, Adajan, Surat, Gujarat 395009","{""ward"":""Chatrapati Shivaji Nagar, Guru Ram Pavan Bhumi, Adajan Gam, Adajan"",""street"":""Shop no. 2, Royal Residency, Anand Mahal Rd, opp. Mahalaxmi Mandir"",""city"":""Surat"",""postal_code"":""395009"",""state"":""Gujarat"",""country_code"":""IN""}","{""latitude"":21.1971316,""longitude"":72.79459729999999}",https://www.google.com/maps/place/Jay+Bajrang+Dryfruit+Dish+Gola/data=!4m7!3m6!1s0x3be04c2d3b1c11ad:0x8f2e46d37a9e3b6f!8m2!3d21.1971316!4d72.7945973!16s%2Fg%2F11clvp4b1z!19sChIJrREcOy1M4DsRbzueetNGLo8?authuser=0&hl=en&g_ep=EgoyMDI2MDgxOS4wIJJjKgBIAVAD&rclk=1,,[],https://lh3.googleusercontent.com/gps-cs-s/AHRPTWnlrd0eVFIwq8QAnu439jwSHXJWEsl5zfExqkXXo3KV9ZWwB70Rz5Cfo9KgXVntlfY81Uw0cYX0luFlo-rAcy16OJUFEM1uNaVIK9Ijc--6bokEbsDdROLvE3VOxz8TRfgKEmM=w1920-h1080-k-no,,"[{""day"":""Monday"",""times"":[""4 pm-12 am""]},{""day"":""Tuesday"",""times"":[""4 pm-12 am""]},{""day"":""Wednesday"",""times"":[""4 pm-12 am""]},{""day"":""Thursday"",""times"":[""4 pm-12 am""]},{""day"":""Friday"",""times"":[""4 pm-12 am""]},{""day"":""Saturday"",""times"":[""4 pm-12 am""]},{""day"":""Sunday"",""times"":[""4 pm-12 am""]}]"
ChIJeVtkrM9N4DsREVBrQNCEPV4,/g/11bx0dv7tv,Go China Restaurant,Chinese restaurant,"[""Chinese restaurant"",""Fast food restaurant"",""Pizza restaurant"",""Vegetarian restaurant""]",4,994,091048 44844,,"Shop no 16, LAMELA FOOD COURT, Gaurav Path Road, Adajan, Surat, Gujarat 395009","{""ward"":""Adajan"",""street"":""Shop no 16, LAMELA FOOD COURT, Gaurav Path Road"",""city"":""Surat"",""postal_code"":""395009"",""state"":""Gujarat"",""country_code"":""IN""}","{""latitude"":21.1891931,""longitude"":72.7715261}",https://www.google.com/maps/place/Go+China+Restaurant/data=!4m7!3m6!1s0x3be04dcfac645b79:0x5e3d84d0406b5011!8m2!3d21.1891931!4d72.7715261!16s%2Fg%2F11bx0dv7tv!19sChIJeVtkrM9N4DsREVBrQNCEPV4?authuser=0&hl=en&g_ep=EgoyMDI2MDgxOS4wIJJjKgBIAVAD&rclk=1,,"[{""link"":""https://www.swiggy.com/restaurants/go-china-adajan-surat-64617/dineout?is_retargeting=true&media_source=GoogleReserve&utm_campaign=GoogleMap&utm_source=GoogleReserve"",""source"":""swiggy.com""}]",https://lh3.googleusercontent.com/gps-cs-s/AHRPTWkP2rgVkdTFMYeV7kV7jhQdNCjG0LG4_c_AVrmhxM73H6LXtMwqoQ9qb6KtneBha7PHMVHMcvzEgvF_aisruv3eteMcc6o3MB4i1TngkYJFhPu7Eh3qleLaD9XvvoUv6VThEDKm=w1920-h1080-k-no,,"[{""day"":""Monday"",""times"":[""12-10 pm""]},{""day"":""Tuesday"",""times"":[""12-10 pm""]},{""day"":""Wednesday"",""times"":[""12-10 pm""]},{""day"":""Thursday"",""times"":[""12-10 pm""]},{""day"":""Friday"",""times"":[""12-10 pm""]},{""day"":""Saturday"",""times"":[""12-10 pm""]},{""day"":""Sunday"",""times"":[""12-10 pm""]}]"
ChIJ68BcTC1M4DsRK9gfjBL8V00,/g/11c5_6d4_r,Mr.Dhokla,Food court,"[""Food court"",""Fast food restaurant""]",4.4,987,088666 88141,http://www.instagram.com/mrdhokla,"Shah Jamnadas C Ghariwala, 25, Royal Residency Opp Mahalaxmi Temple, besides, Anand Mahal Rd, Adajan, Surat, Gujarat 395009","{""ward"":""Chatrapati Shivaji Nagar, Adajan Gam, Adajan"",""street"":""Shah Jamnadas C Ghariwala, 25, Royal Residency Opp Mahalaxmi Temple, besides, Anand Mahal Rd"",""city"":""Surat"",""postal_code"":""395009"",""state"":""Gujarat"",""country_code"":""IN""}","{""latitude"":21.196794699999998,""longitude"":72.7939225}",https://www.google.com/maps/place/Mr.Dhokla/data=!4m7!3m6!1s0x3be04c2d4c5cc0eb:0x4d57fc128c1fd82b!8m2!3d21.1967947!4d72.7939225!16s%2Fg%2F11c5_6d4_r!19sChIJ68BcTC1M4DsRK9gfjBL8V00?authuser=0&hl=en&g_ep=EgoyMDI2MDgxOS4wIJJjKgBIAVAD&rclk=1,,"[{""link"":""https://www.swiggy.com/restaurants/mr-dhokla-gam-adajan-surat-932841/dineout?is_retargeting=true&media_source=GoogleReserve&utm_campaign=GoogleMap&utm_source=GoogleReserve"",""source"":""swiggy.com""}]",https://lh3.googleusercontent.com/gps-cs-s/AHRPTWmi6lzbUhhMxUwqFenHq6ZHzNHpPoMa6mkWx3jnIU9PgrkjJM33SNpCXf3Fw8IT88eVLyTY_7LJ_4Kol-PjXYE-tIpH7otcKHhmrebNpF7oXbrmTD4P7N4hPIve-LYg0hpt8sRBiyeB4uBO=w1920-h1080-k-no,1-200,"[{""day"":""Monday"",""times"":[""7 am-8 pm""]},{""day"":""Tuesday"",""times"":[""7 am-8 pm""]},{""day"":""Wednesday"",""times"":[""7 am-8 pm""]},{""day"":""Thursday"",""times"":[""7 am-8 pm""]},{""day"":""Friday"",""times"":[""7 am-8 pm""]},{""day"":""Saturday"",""times"":[""7 am-8 pm""]},{""day"":""Sunday"",""times"":[""7 am-8 pm""]}]"
ChIJVfUXaNRN4DsRLimUkvBz8IU,/g/11clw1xnxl,Singotar Omelette Centre,Fast food restaurant,"[""Fast food restaurant""]",4,970,090332 03641,,"Shop no-6a, Shant Vasuram Shopping Centre, near Bhulka Bhavan School, Maitry Society, Laxmi Krupa Society, Muktanand Nagar, Adajan, Surat, Gujarat 395009","{""ward"":""Maitry Society, Laxmi Krupa Society, Muktanand Nagar, Adajan"",""street"":""Shop no-6a, Shant Vasuram Shopping Centre, near Bhulka Bhavan School"",""city"":""Surat"",""postal_code"":""395009"",""state"":""Gujarat"",""country_code"":""IN""}","{""latitude"":21.1931486,""longitude"":72.8001774}",https://www.google.com/maps/place/Singotar+Omelette+Centre/data=!4m7!3m6!1s0x3be04dd46817f555:0x85f073f09294292e!8m2!3d21.1931486!4d72.8001774!16s%2Fg%2F11clw1xnxl!19sChIJVfUXaNRN4DsRLimUkvBz8IU?authuser=0&rclk=1&hl=en,,[],https://lh3.googleusercontent.com/gps-cs-s/AHRPTWmmA8bLIxEtWMRX2RPltvysBGJcsjxlbr9Y_-gfmgFWvtmY7JG9K7XfX0hunei6Z8I9HAcmw9LCStFULhaPd2eEv_y3foN5UZD3_36vK_iy6Ldywlf7cDPdFvrZp_z_0qy9MlrutQ=w1920-h1080-k-no,200-400,"[{""day"":""Monday"",""times"":[""10 am-1 am""]},{""day"":""Tuesday"",""times"":[""10 am-1 am""]},{""day"":""Wednesday"",""times"":[""10 am-1 am""]},{""day"":""Thursday"",""times"":[""10 am-1 am""]},{""day"":""Friday"",""times"":[""10 am-1 am""]},{""day"":""Saturday"",""times"":[""10 am-1 am""]},{""day"":""Sunday"",""times"":[""10 am-1 am""]}]"
ChIJL7gBd6lN4DsREQa3ffx5nmU,/g/11f8hrb54w,Egg Tadka,North Indian restaurant,"[""North Indian restaurant""]",4.1,930,093168 28093,https://www.instagram.com/egg_tadka,"TGB Circle, Dmart Road, near McDonalds, Adajan, Surat, Gujarat 395009","{""ward"":""TGB, Hariom Nagar Society,Adajan Gam, Adajan Gam, Adajan"",""street"":""TGB Circle, Dmart Road, near McDonalds"",""city"":""Surat"",""postal_code"":""395009"",""state"":""Gujarat"",""country_code"":""IN""}","{""latitude"":21.1942779,""longitude"":72.7886044}",https://www.google.com/maps/place/Egg+Tadka/data=!4m7!3m6!1s0x3be04da97701b82f:0x659e79fc7db70611!8m2!3d21.1942779!4d72.7886044!16s%2Fg%2F11f8hrb54w!19sChIJL7gBd6lN4DsREQa3ffx5nmU?authuser=0&rclk=1&hl=en,,[],https://lh3.googleusercontent.com/gps-cs-s/AHRPTWl3xiNRKswVqhSl4Nhy97bfdMLozMVaJVq1QBdUMZ-EXbS-8n4kdeNFpIE7XZf4sHX-BMv6_R2lAphvkgb3ihok7LkWJMEZ_F-iC6aynJsWZbVXqXXv9GYCFlCsfSkLMEbA8N5NOA=w1920-h1080-k-no,200-400,"[{""day"":""Monday"",""times"":[""12-11:30 pm""]},{""day"":""Tuesday"",""times"":[""12-11:30 pm""]},{""day"":""Wednesday"",""times"":[""12-11:30 pm""]},{""day"":""Thursday"",""times"":[""12-11:30 pm""]},{""day"":""Friday"",""times"":[""12-11:30 pm""]},{""day"":""Saturday"",""times"":[""12-11:30 pm""]},{""day"":""Sunday"",""times"":[""12-11:30 pm""]}]"
ChIJwQG566xN4DsRRbB99ExpAzA,/g/11v3xk6xbf,Stories of South,South Indian restaurant,"[""South Indian restaurant""]",4.7,920,097732 54593,,"2 - Monarch, A/1, Gaurav Path Road, Pal Gam, Surat, Gujarat 394510","{""ward"":""Pal Gam"",""street"":""2 - Monarch, A/1, Gaurav Path Road"",""city"":""Surat"",""postal_code"":""394510"",""state"":""Gujarat"",""country_code"":""IN""}","{""latitude"":21.198818499999998,""longitude"":72.77006469999999}",https://www.google.com/maps/place/Stories+of+South/data=!4m7!3m6!1s0x3be04dacebb901c1:0x3003694cf47db045!8m2!3d21.1988185!4d72.7700647!16s%2Fg%2F11v3xk6xbf!19sChIJwQG566xN4DsRRbB99ExpAzA?authuser=0&rclk=1,"{""link"":""https://drive.google.com/file/d/1V8M7tEKxWGBhJYeAgCTyLW2tFjqjZTud/view"",""source"":""drive.google.com""}","[{""link"":""https://www.swiggy.com/restaurants/stories-of-south-pal-gam-adajan-surat-802769/dineout?is_retargeting=true&media_source=GoogleReserve&utm_campaign=GoogleMap&utm_source=GoogleReserve"",""source"":""swiggy.com""},{""link"":""https://www.zomato.com/surat/stories-of-south-pal-gam/book?utm_source=rwg"",""source"":""zomato.com""},{""link"":""https://www.district.in/dining/surat/stories-of-south-pal-gam/book?utm_source=rwg"",""source"":""district.in""}]",https://lh3.googleusercontent.com/gps-cs-s/AHRPTWlMGUBCyRbRYNXNoIxAZMkGin-zrsZAQsH4UrVaM79ckWLvbxlhS6RJqd-tPdncLy51BpS0kmjtMRNWTv5ItrQQxInQmIy4pHQOdTZmnB2N1Zw43S-DnxQ-vNrVeedowz_5T2o8Iw=w1920-h1080-k-no,200-400,"[{""day"":""Monday"",""times"":[""11 am-3:30 pm"",""6:30-11 pm""]},{""day"":""Tuesday"",""times"":[""11 am-3:30 pm"",""6:30-11 pm""]},{""day"":""Wednesday"",""times"":[""11 am-3:30 pm"",""6:30-11 pm""]},{""day"":""Thursday"",""times"":[""11 am-3:30 pm"",""6:30-11 pm""]},{""day"":""Friday"",""times"":[""11 am-3:30 pm"",""6:30-11 pm""]},{""day"":""Saturday"",""times"":[""9 am-3:30 pm"",""6:30-11 pm""]},{""day"":""Sunday"",""times"":[""9 am-3:30 pm"",""6:30-11 pm""]}]"
ChIJe0rNyElP4DsRjtY8zMvxVY0,/g/11vrr_3m76,Shree Sai Malhar Dhosa,South Indian restaurant,"[""South Indian restaurant""]",4,910,070969 93492,,"Laxmi Campus, Gajera International School, behind AR Mall, Adajan Gam, Utran, Surat, Gujarat 394105","{""ward"":""Adajan Gam, Utran"",""street"":""Laxmi Campus, Gajera International School, behind AR Mall"",""city"":""Surat"",""postal_code"":""394105"",""state"":""Gujarat"",""country_code"":""IN""}","{""latitude"":21.197855999999998,""longitude"":72.7828298}",https://www.google.com/maps/place/Shree+Sai+Malhar+Dhosa/data=!4m7!3m6!1s0x3be04f49c8cd4a7b:0x8d55f1cbcc3cd68e!8m2!3d21.197856!4d72.7828298!16s%2Fg%2F11vrr_3m76!19sChIJe0rNyElP4DsRjtY8zMvxVY0?authuser=0&hl=en&g_ep=EgoyMDI2MDgxOS4wIJJjKgBIAVAD&rclk=1,,[],https://lh3.googleusercontent.com/gps-cs-s/AHRPTWnFbtePknNNcvlz4XT91Jd6aNPyQu5v5td4G1LQ2eG9_kZZwb96nV3Ppwj5Dd5QVbQnT-gzOi_acHVPX4mUJxfTwxXSCmc0K7iSoS83C1k6Qgbzw-1TLfZm1UK3eAg7sswRChdeyQ=w1920-h1080-k-no,200-400,"[{""day"":""Monday"",""times"":[""6 pm-12 am""]},{""day"":""Tuesday"",""times"":[""6 pm-12 am""]},{""day"":""Wednesday"",""times"":[""6 pm-12 am""]},{""day"":""Thursday"",""times"":[""6 pm-12 am""]},{""day"":""Friday"",""times"":[""6 pm-12 am""]},{""day"":""Saturday"",""times"":[""6 pm-12 am""]},{""day"":""Sunday"",""times"":[""6 pm-12 am""]}]"
ChIJRSdpXtFN4DsR_7kXp_EmAUA,/g/11bxdyq8_w,Krishna Restaurant,Gujarati restaurant,"[""Gujarati restaurant"",""Vegetarian restaurant""]",4.1,906,098254 46002,https://krishnarestaurant.org/,"6,AHURA SHOPPING CENTRE, OPP.SOMNATH PARK, ADAJAN, Dabholi Cir, Adajan, Surat, Gujarat 395009","{""ward"":""Aahura Nagar Society, Adajan Gam, Adajan"",""street"":""6,AHURA SHOPPING CENTRE, OPP.SOMNATH PARK, ADAJAN, Dabholi Cir"",""city"":""Surat"",""postal_code"":""395009"",""state"":""Gujarat"",""country_code"":""IN""}","{""latitude"":21.1901995,""longitude"":72.79692229999999}",https://www.google.com/maps/place/Krishna+Restaurant/data=!4m7!3m6!1s0x3be04dd15e692745:0x400126f1a717b9ff!8m2!3d21.1901995!4d72.7969223!16s%2Fg%2F11bxdyq8_w!19sChIJRSdpXtFN4DsR_7kXp_EmAUA?authuser=0&rclk=1&hl=en,,[],https://lh3.googleusercontent.com/gps-cs-s/AHRPTWlIP-V48PdinpwFkeKz0hUrh9i4kTB0Pmf2mo1QvLTr7Z_-sVOkQDAg4NMjJPfLE_zReYjFqOAi07RXrNjf2MYpJHigrDl280MKv3J-xKdAk4zg_y4eBeQ1Ai32JOyLL76LgU7n=w1920-h1080-k-no,200-400,"[{""day"":""Monday"",""times"":[""11 am-3 pm"",""6:15-11 pm""]},{""day"":""Tuesday"",""times"":[""11 am-3 pm"",""6:15-11 pm""]},{""day"":""Wednesday"",""times"":[""11 am-3 pm"",""6:15-11 pm""]},{""day"":""Thursday"",""times"":[""11 am-3 pm"",""6:15-11 pm""]},{""day"":""Friday"",""times"":[""11 am-3 pm"",""6:15-11 pm""]},{""day"":""Saturday"",""times"":[""11 am-3 pm"",""6:15-11 pm""]},{""day"":""Sunday"",""times"":[""11 am-3 pm"",""6:15-11 pm""]}]"
ChIJXX6IsgdN4DsRwpY0gdBMoK4,/g/11y57hny5x,Oran Restaurant & Banquets,Indian restaurant,"[""Indian restaurant"",""Chinese restaurant"",""Continental restaurant"",""Mexican restaurant"",""Pan-Asian restaurant"",""Pizza restaurant""]",4.5,886,074358 88007,http://oranrestaurant.in/,"4th Floor, Rio Empire, opp. Pal Umra Bridge, Pal, Adajan, Surat, Gujarat 394510","{""ward"":""Pal, Adajan"",""street"":""4th Floor, Rio Empire, opp. Pal Umra Bridge"",""city"":""Surat"",""postal_code"":""394510"",""state"":""Gujarat"",""country_code"":""IN""}","{""latitude"":21.183147899999998,""longitude"":72.7802907}",https://www.google.com/maps/place/Oran+Restaurant+%26+Banquets/data=!4m7!3m6!1s0x3be04d07b2887e5d:0xaea04cd0813496c2!8m2!3d21.1825514!4d72.7803564!16s%2Fg%2F11y57hny5x!19sChIJXX6IsgdN4DsRwpY0gdBMoK4?authuser=0&rclk=1&hl=en,"{""link"":""https://app.scandine.in/oranrestaurant"",""source"":""app.scandine.in""}","[{""link"":""http://wa.me/917435888001"",""source"":""wa.me""},{""link"":""https://www.district.in/dining/surat/oran-adajan-gam/book?utm_source=rwg"",""source"":""district.in""},{""link"":""https://www.zomato.com/surat/oran-adajan-gam/book?utm_source=rwg"",""source"":""zomato.com""},{""link"":""https://www.eazydiner.com/surat/oran-adajan-surat-702203"",""source"":""eazydiner.com""},{""link"":""https://www.swiggy.com/restaurants/oran-restaurant-and-banquet-adajan-koramangala-surat-1027358/dineout?is_retargeting=true&media_source=GoogleReserve&utm_campaign=GoogleMap&utm_source=GoogleReserve"",""source"":""swiggy.com""}]",https://lh3.googleusercontent.com/gps-cs-s/AHRPTWkI5ToM3_3KEodlUQAx5egn0hVm6_-z2avt9uSkzQz4KINKvPFaDKYFQLOx9OxAyGELeacsvdogawHesu7MAbYPa3u6aeP26hNc_P_yB0sBc5rjdcGLUqN1HCLiBoA-Rgten7yxurKPuYA=w1920-h1080-k-no,"400-1,200","[{""day"":""Monday"",""times"":[""11:30 am-11:55 pm""]},{""day"":""Tuesday"",""times"":[""11:30 am-11:55 pm""]},{""day"":""Wednesday"",""times"":[""11:30 am-11:55 pm""]},{""day"":""Thursday"",""times"":[""11:30 am-11:55 pm""]},{""day"":""Friday"",""times"":[""11:30 am-11:55 pm""]},{""day"":""Saturday"",""times"":[""11:30 am-11:55 pm""]},{""day"":""Sunday"",""times"":[""11:30 am-11:55 pm""]}]"
ChIJaS1B1ZFN4DsRYCrVlHMERVA,/g/11g1nwj6fq,Subway Adajan,Fast food restaurant,"[""Fast food restaurant"",""Breakfast restaurant"",""Cafe"",""Restaurant"",""Sandwich shop""]",4.3,868,096380 34314,https://subway.in/,"Vanlentina Business Hub, 27, Subhash Chandra Bose Marg, Guru Ram Pavan Bhumi, Adajan Gam, Adajan, Surat, Gujarat 395009","{""ward"":""Guru Ram Pavan Bhumi, Adajan Gam, Adajan"",""street"":""Vanlentina Business Hub, 27, Subhash Chandra Bose Marg"",""city"":""Surat"",""postal_code"":""395009"",""state"":""Gujarat"",""country_code"":""IN""}","{""latitude"":21.189267299999997,""longitude"":72.7901282}",https://www.google.com/maps/place/Subway+Adajan/data=!4m7!3m6!1s0x3be04d91d5412d69:0x5045047394d52a60!8m2!3d21.1892673!4d72.7901282!16s%2Fg%2F11g1nwj6fq!19sChIJaS1B1ZFN4DsRYCrVlHMERVA?authuser=0&hl=en&g_ep=EgoyMDI2MDgxOS4wIJJjKgBIAVAD&rclk=1,"{""link"":""https://subway.in/menu"",""source"":""subway.in""}",[],https://lh3.googleusercontent.com/gps-cs-s/AHRPTWkSZ4BVeXyMag2H0DrNUWRXj9BeHzGEniytjgyQk9mbKbIfKZaTNZY2g9wgU9ka8aIyiId45ZOhl7AwMVqlWQ23k3EmWO84HRcIS76n30Z279Ug920Y37cHq_h6UwKVKjaPVZUF=w1920-h1080-k-no,200-400,"[{""day"":""Monday"",""times"":[""11 am-11 pm""]},{""day"":""Tuesday"",""times"":[""11 am-11 pm""]},{""day"":""Wednesday"",""times"":[""11 am-11 pm""]},{""day"":""Thursday"",""times"":[""11 am-11 pm""]},{""day"":""Friday"",""times"":[""11 am-11 pm""]},{""day"":""Saturday"",""times"":[""11 am-11 pm""]},{""day"":""Sunday"",""times"":[""11 am-11 pm""]}]"
ChIJM6SP44NN4DsRSn4KtmrfEhM,/g/11tp8vm5tr,Mahesh Pavbhaji,Fast food restaurant,"[""Fast food restaurant""]",4.7,850,063511 28464,,"Shop no 70, The Galleria, near Sanjeev Kumar Auditorium Road, Adajan Gam, Surat, Gujarat 395009","{""ward"":""Adajan Gam"",""street"":""Shop no 70, The Galleria, near Sanjeev Kumar Auditorium Road"",""city"":""Surat"",""postal_code"":""395009"",""state"":""Gujarat"",""country_code"":""IN""}","{""latitude"":21.1851965,""longitude"":72.7838019}",https://www.google.com/maps/place/Mahesh+Pavbhaji/data=!4m7!3m6!1s0x3be04d83e38fa433:0x1312df6ab60a7e4a!8m2!3d21.1851965!4d72.7838019!16s%2Fg%2F11tp8vm5tr!19sChIJM6SP44NN4DsRSn4KtmrfEhM?authuser=0&hl=en&g_ep=EgoyMDI2MDgxOS4wIJJjKgBIAVAD&rclk=1,,"[{""link"":""https://www.eazydiner.com/surat/mahesh-pavbhaji-adajan-surat-711477"",""source"":""eazydiner.com""}]",https://lh3.googleusercontent.com/gps-cs-s/AHRPTWmhK4FSJVlC5vrcikfajOVcnKkRWnq6mansTuQ3TC1nQ_1KsMJ82EGhboixJ0ygQI7BP4qUp-wlTdV4d56VpjG_1__kVvv_TNLyesDFqmtVMaWY0LmHQhGf_uQNyHjwezMHxcA=w1920-h1080-k-no,200-400,"[{""day"":""Monday"",""times"":[""12 pm-3 am""]},{""day"":""Tuesday"",""times"":[""12 pm-3 am""]},{""day"":""Wednesday"",""times"":[""12 pm-3 am""]},{""day"":""Thursday"",""times"":[""12 pm-3 am""]},{""day"":""Friday"",""times"":[""12 pm-3 am""]},{""day"":""Saturday"",""times"":[""12 pm-3 am""]},{""day"":""Sunday"",""times"":[""12 pm-3 am""]}]"
ChIJv5tHc4dN4DsRAZK9c7EEiEQ,/g/11dxbdx5l8,World Of Desserts,Dessert restaurant,"[""Dessert restaurant"",""Coffee shop"",""Ice cream shop""]",4.3,848,063532 71710,,"G4, Leela Avenue, Ghod Dod Rd, opp. St Xavier's School, Adarsh Society, Athwa, Surat, Gujarat 395001","{""ward"":""Adarsh Society, Athwa"",""street"":""G4, Leela Avenue, Ghod Dod Rd, opp. St Xavier's School"",""city"":""Surat"",""postal_code"":""395001"",""state"":""Gujarat"",""country_code"":""IN""}","{""latitude"":21.176465999999998,""longitude"":72.8093033}",https://www.google.com/maps/place/World+Of+Desserts/data=!4m7!3m6!1s0x3be04d8773479bbf:0x448804b173bd9201!8m2!3d21.176466!4d72.8093033!16s%2Fg%2F11dxbdx5l8!19sChIJv5tHc4dN4DsRAZK9c7EEiEQ?authuser=0&hl=en&g_ep=EgoyMDI2MDgxOS4wIJJjKgBIAVAD&rclk=1,,[],https://lh3.googleusercontent.com/gps-cs-s/AHRPTWlwwm0Nrz1VH-nuW7325rltoaERDZ8KKd1hEX5Yktw8kYrzjYcUMqh2KlELR15gzUD6GZBbz4eg5BsQu6R2RmzlKHHxX2eVjBHWGgigjp1S6Qi4JhKHS-AHEYJgOz2Bbml9ayxB-A=w1920-h1080-k-no,200-400,"[{""day"":""Monday"",""times"":[""12 pm-12 am""]},{""day"":""Tuesday"",""times"":[""12 pm-12 am""]},{""day"":""Wednesday"",""times"":[""12 pm-12 am""]},{""day"":""Thursday"",""times"":[""12 pm-12 am""]},{""day"":""Friday"",""times"":[""12 pm-12 am""]},{""day"":""Saturday"",""times"":[""12 pm-12 am""]},{""day"":""Sunday"",""times"":[""12 pm-12 am""]}]"
ChIJD-2uV9RN4DsRx-A4FTS3eYI,/g/11f_1cy84l,KERALA RESTAURANT,South Indian restaurant,"[""South Indian restaurant"",""Breakfast restaurant"",""Indian restaurant"",""Kerala restaurant""]",4.1,829,094264 39292,,"36, Adajan Hazira Road, behind Hidustan Dry Cleners, near Ather showroom, Maitry Society, Ankur Society, Muktanand Nagar, Adajan, Surat, Gujarat 395009","{""ward"":""Maitry Society, Ankur Society, Muktanand Nagar, Adajan"",""street"":""36, Adajan Hazira Road, behind Hidustan Dry Cleners, near Ather showroom"",""city"":""Surat"",""postal_code"":""395009"",""state"":""Gujarat"",""country_code"":""IN""}","{""latitude"":21.1935848,""longitude"":72.8005637}",https://www.google.com/maps/place/Kerala+Restaurant/data=!4m7!3m6!1s0x3be04dd457aeed0f:0x8279b7341538e0c7!8m2!3d21.1936039!4d72.8006457!16s%2Fg%2F11f_1cy84l!19sChIJD-2uV9RN4DsRx-A4FTS3eYI?authuser=0&rclk=1&hl=en,,[],https://lh3.googleusercontent.com/gps-cs-s/AHRPTWlwJr8HmzddqXWnB1QhplbyYoujJ37KdjpkssXDaA9CL4uAEUGeT9-v_6bfD7b9b-lHnQEG1Njzo2_vDuM44Zyspx50SSQwGgcra0klI5bGL8tKmDayp2c4fG7M-WNpYrmQcrbZ5A=w1920-h1080-k-no,1-200,"[{""day"":""Monday"",""times"":[""8:30 am-3:30 pm"",""6-9:30 pm""]},{""day"":""Tuesday"",""times"":[""8:30 am-3:30 pm"",""6-9:30 pm""]},{""day"":""Wednesday"",""times"":[""8:30 am-3:30 pm"",""6-9:30 pm""]},{""day"":""Thursday"",""times"":[""8:30 am-3:30 pm"",""6-9:30 pm""]},{""day"":""Friday"",""times"":[""8:30 am-3:30 pm"",""6-9:30 pm""]},{""day"":""Saturday"",""times"":[""8:30 am-3:30 pm"",""6-9:30 pm""]},{""day"":""Sunday"",""times"":[""8:30 am-3:30 pm"",""6-9:30 pm""]}]"
ChIJOXf0ZwBN4DsROpqmJCBAad0,/g/11ld41vnp_,Shree Signature - The MultiCuisine Restaurant,Vegetarian restaurant,"[""Vegetarian restaurant""]",4.2,811,,https://drive.google.com/file/d/1Lrnl5UqYJybCfQCEJlGhEJzY2unSXC7d/view?usp=drivesdk%20https://drive.google.com/file/d/1EHqRD156vcu_cEwxFoXdAFlxweneX_uE/view?usp=drivesdk,"5QRC+6Q Shree Signature restaurant, Baghban circle, Gaurav Path Road, Pal Gam, Surat, Gujarat 394510","{""ward"":""Pal Gam"",""street"":""5QRC+6Q Shree Signature restaurant, Baghban circle, Gaurav Path Road"",""city"":""Surat"",""postal_code"":""394510"",""state"":""Gujarat"",""country_code"":""IN""}","{""latitude"":21.1906373,""longitude"":72.77194}",https://www.google.com/maps/place/Shree+Signature+-+The+MultiCuisine+Restaurant/data=!4m7!3m6!1s0x3be04d0067f47739:0xdd69402024a69a3a!8m2!3d21.1904253!4d72.7718486!16s%2Fg%2F11ld41vnp_!19sChIJOXf0ZwBN4DsROpqmJCBAad0?authuser=0&rclk=1,"{""link"":""https://drive.google.com/file/d/1Lrnl5UqYJybCfQCEJlGhEJzY2unSXC7d/view?usp=drivesdk"",""source"":""drive.google.com""}",[],https://lh3.googleusercontent.com/gps-cs-s/AHRPTWkkYWd1XQhVy3CW9bdPJzInQRPjVs1SgNx5VHuQrYh97g6ozdkC8p-HL46LC6YU_fv44QUdyYV1_ScSg0taMQ2xmnjgRJMyYbl8pqtF1VDwiMOLmKtDuU1_yXl9xhRGKK2C1BWC=w1920-h1080-k-no,400-600,"[{""day"":""Monday"",""times"":[""11 am-3 pm"",""6-11 pm""]},{""day"":""Tuesday"",""times"":[""11 am-3 pm"",""6-11 pm""]},{""day"":""Wednesday"",""times"":[""11 am-3 pm"",""6-11 pm""]},{""day"":""Thursday"",""times"":[""11 am-3 pm"",""6-11 pm""]},{""day"":""Friday"",""times"":[""11 am-3 pm"",""6-11 pm""]},{""day"":""Saturday"",""times"":[""11 am-3 pm"",""6-11 pm""]},{""day"":""Sunday"",""times"":[""11 am-3 pm"",""6-11 pm""]}]"
ChIJtYD54X9O4DsRir0umBF6TOQ,/g/11b8jdf6pd,Surat Khaman House,Fast food restaurant,"[""Fast food restaurant"",""Breakfast restaurant""]",4.4,807,099246 66000,,"SHOP NO.1/3, KALPANA SOC.-2, Adajan Rd, opp. SEVADARSHAN HOSPITAL, near Ratnaraj Apartment, Krishna Nagar Society, Choksi Wadi, Adajan, Surat, Gujarat 395009","{""ward"":""Krishna Nagar Society, Choksi Wadi, Adajan"",""street"":""SHOP NO.1/3, KALPANA SOC.-2, Adajan Rd, opp. SEVADARSHAN HOSPITAL, near Ratnaraj Apartment"",""city"":""Surat"",""postal_code"":""395009"",""state"":""Gujarat"",""country_code"":""IN""}","{""latitude"":21.197222,""longitude"":72.8054006}",https://www.google.com/maps/place/Surat+Khaman+House/data=!4m7!3m6!1s0x3be04e7fe1f980b5:0xe44c7a11982ebd8a!8m2!3d21.197222!4d72.8054006!16s%2Fg%2F11b8jdf6pd!19sChIJtYD54X9O4DsRir0umBF6TOQ?authuser=0&hl=en&g_ep=EgoyMDI2MDgxOS4wIJJjKgBIAVAD&rclk=1,,[],https://lh3.googleusercontent.com/gps-cs-s/AHRPTWmJrcWwV5VYBN3Fe9GfY0j0Tkxz5UF-ghdJzsmpJMZqVIzP2D3QQ0DpmZQz0k2jFWcsFb1OvJuqEDl-ZLrF8-DJb2rI99kRpHYLmnoczMeY5w3AYtfnZrb9IiUqHuYurMd_g6I6WoXq8jo3=w1920-h1080-k-no,1-200,"[{""day"":""Monday"",""times"":[""6 am-7 pm""]},{""day"":""Tuesday"",""times"":[""6 am-7 pm""]},{""day"":""Wednesday"",""times"":[""6 am-7 pm""]},{""day"":""Thursday"",""times"":[""6 am-7 pm""]},{""day"":""Friday"",""times"":[""6 am-7 pm""]},{""day"":""Saturday"",""times"":[""6 am-7 pm""]},{""day"":""Sunday"",""times"":[""6 am-7 pm""]}]"
ChIJp5YYpdtN4DsRoFE39_X8Vi4,/g/11r_n60_2l,La Mela Food court,Food court,"[""Food court"",""Restaurant""]",4.2,787,,,"Shop no. 21, La Mela Food Court, near Baghban Circle, Pal Gam, Surat, Gujarat 394510","{""ward"":""Pal Gam"",""street"":""Shop no. 21, La Mela Food Court, near Baghban Circle"",""city"":""Surat"",""postal_code"":""394510"",""state"":""Gujarat"",""country_code"":""IN""}","{""latitude"":21.1892645,""longitude"":72.7715237}",https://www.google.com/maps/place/La+Mela+Food+court/data=!4m7!3m6!1s0x3be04ddba51896a7:0x2e56fcf5f73751a0!8m2!3d21.1892645!4d72.7715237!16s%2Fg%2F11r_n60_2l!19sChIJp5YYpdtN4DsRoFE39_X8Vi4?authuser=0&hl=en&g_ep=EgoyMDI2MDgxOS4wIJJjKgBIAVAD&rclk=1,,[],https://lh3.googleusercontent.com/gps-cs-s/AHRPTWkjqTtXjXMulLIjgULpZeCw1OnL1KYHcV2oXhY8w1LSDsVDPmllvfV-QLjcqvZB73CS6Lh0n1uvG871_QEBh75nnTdz0P4Jtq6D3qv4fu-LbooHXIS3Z65AeVJK2dkzb9j67gF5qJw8DF0=w1920-h1080-k-no,200-400,"[{""day"":""Monday"",""times"":[""12 pm-12 am""]},{""day"":""Tuesday"",""times"":[""12 pm-12 am""]},{""day"":""Wednesday"",""times"":[""12 pm-12 am""]},{""day"":""Thursday"",""times"":[""12 pm-12 am""]},{""day"":""Friday"",""times"":[""12 pm-12 am""]},{""day"":""Saturday"",""times"":[""12 pm-12 am""]},{""day"":""Sunday"",""times"":[""12 pm-12 am""]}]"
ChIJq6qqqu5N4DsRkUPJJhKaoK0,/g/1tjtgqyx,Klassic Restaurant,Punjabi restaurant,"[""Punjabi restaurant"",""Chinese restaurant"",""Indian sizzler restaurant"",""Vegetarian restaurant""]",4,767,075677 85799,,"Near Tennis Club, Ground Floor, Amizara Apartment Chopati, Athwalines, Athwa, Surat, Gujarat 395001","{""ward"":""Chopati, Athwalines, Athwa"",""street"":""Near Tennis Club, Ground Floor, Amizara Apartment Chopati"",""city"":""Surat"",""postal_code"":""395001"",""state"":""Gujarat"",""country_code"":""IN""}","{""latitude"":21.182358999999998,""longitude"":72.8050876}",https://www.google.com/maps/place/Klassic+Restaurant/data=!4m7!3m6!1s0x3be04deeaaaaaaab:0xada09a1226c94391!8m2!3d21.182359!4d72.8050876!16s%2Fg%2F1tjtgqyx!19sChIJq6qqqu5N4DsRkUPJJhKaoK0?authuser=0&hl=en&rclk=1,,[],https://lh3.googleusercontent.com/gps-cs-s/AHRPTWkg1go4wi_k7RpkCNqLT0w6mRl-XvrM-F0AXSah3Lb3Gb4a4Kg2bZxp8bwLunHOZCAbgerO8Xgcuox-spLmlXVMrXARnOLwLmjp2xfT1mppQvww-jsw1QE3LwL9z1uvCcgG3QuA=w1920-h1080-k-no,200-400,"[{""day"":""Monday"",""times"":[""11 am-4 pm"",""6:30-11 pm""]},{""day"":""Tuesday"",""times"":[""11 am-4 pm"",""6:30-11 pm""]},{""day"":""Wednesday"",""times"":[""11 am-4 pm"",""6:30-11 pm""]},{""day"":""Thursday"",""times"":[""11 am-4 pm"",""6:30-11 pm""]},{""day"":""Friday"",""times"":[""11 am-4 pm"",""6:30-11 pm""]},{""day"":""Saturday"",""times"":[""11 am-4 pm"",""6:30-11 pm""]},{""day"":""Sunday"",""times"":[""11 am-4 pm"",""6:30-11 pm""]}]"
ChIJi6dcEbVN4DsRAevcQbXHaP4,/g/11mn88fd98,Liza's Multi-Cuisine Restaurant,Restaurant,"[""Restaurant""]",4.2,749,070970 71971,,"6R62+CXM, New Rander Rd, Gorat, Rander, Surat, Gujarat 395009","{""ward"":""Gorat, Rander"",""street"":""6R62+CXM, New Rander Rd"",""city"":""Surat"",""postal_code"":""395009"",""state"":""Gujarat"",""country_code"":""IN""}","{""latitude"":21.2110275,""longitude"":72.8024664}",https://www.google.com/maps/place/Liza's+Multi-Cuisine+Restaurant/data=!4m7!3m6!1s0x3be04db5115ca78b:0xfe68c7b541dceb01!8m2!3d21.2110275!4d72.8024664!16s%2Fg%2F11mn88fd98!19sChIJi6dcEbVN4DsRAevcQbXHaP4?authuser=0&rclk=1,,[],https://lh3.googleusercontent.com/gps-cs-s/AHRPTWlYfE3L1mhnTruEmVei8NB0ckY1wTW3g3Ej9Lb1dD97Cw3iVSjilYpYYU0ZcaTEdDu5u_Pq-PJNyJI4DxfRcdo_xUiTPyn9Z-TsfmqPYNG5hrvDchZDnVIBLUFzBG9D3ndDL3q8=w1920-h1080-k-no,200-600,[]
ChIJve7ghSpM4DsRbblj50AFQrA,/g/11f03vmrr3,Jani - Locho & Khaman House,Fast food restaurant,"[""Fast food restaurant"",""Breakfast restaurant""]",4.2,744,084010 95351,,"shop no, Ground Floor Chandralok complex, 4, Navyug College Rd, Near Petrol Pump, Adajan, Surat, Gujarat 395009","{""ward"":""Sangana Society, Adajan"",""street"":""shop no, Ground Floor Chandralok complex, 4, Navyug College Rd, Near Petrol Pump"",""city"":""Surat"",""postal_code"":""395009"",""state"":""Gujarat"",""country_code"":""IN""}","{""latitude"":21.2005983,""longitude"":72.80267359999999}",https://www.google.com/maps/place/Jani+-+Locho+%26+Khaman+House/data=!4m7!3m6!1s0x3be04c2a85e0eebd:0xb0420540e763b96d!8m2!3d21.2005983!4d72.8026736!16s%2Fg%2F11f03vmrr3!19sChIJve7ghSpM4DsRbblj50AFQrA?authuser=0&hl=en&g_ep=EgoyMDI2MDgxOS4wIJJjKgBIAVAD&rclk=1,,"[{""link"":""https://www.swiggy.com/restaurants/jani-locho-navyug-college-road-adajan-surat-152983/dineout?is_retargeting=true&media_source=GoogleReserve&utm_campaign=GoogleMap&utm_source=GoogleReserve"",""source"":""swiggy.com""}]",https://lh3.googleusercontent.com/gps-cs-s/AHRPTWlXRTcD3nAbCxlTzXuaoKFoa_hyqXG_0Ky_6EwMswjF8eEqdze5eohpOyVfRzSBSS6eJaM5A1ZZmAXu-i9e48rzTPRO06ouxhdi75XfMtwRLaSk-0u0BHT-gYs_1NO6scR5MNrG2Q=w1920-h1080-k-no,1-200,"[{""day"":""Monday"",""times"":[""7 am-7 pm""]},{""day"":""Tuesday"",""times"":[""7 am-7 pm""]},{""day"":""Wednesday"",""times"":[""7 am-7 pm""]},{""day"":""Thursday"",""times"":[""7 am-7 pm""]},{""day"":""Friday"",""times"":[""7 am-7 pm""]},{""day"":""Saturday"",""times"":[""7 am-7 pm""]},{""day"":""Sunday"",""times"":[""7 am-7 pm""]}]"
ChIJw6-2DgtN4DsRggDbhE2WKEU,/g/11pm39b65t,The Green Spice Multicuisine Restaurant & Cafe,Restaurant,"[""Restaurant"",""Cafe"",""Chinese restaurant"",""Coffee shop"",""Indian restaurant"",""Indian takeaway"",""Italian restaurant"",""Juice shop"",""Pizza restaurant"",""Punjabi restaurant""]",4.2,744,079847 61002,,"Ground Floor, Madhav Atria, Bhagban Circle, Gaurav Path Road, Surat, Gujarat 394510","{""ward"":null,""street"":""Ground Floor, Madhav Atria, Bhagban Circle, Gaurav Path Road"",""city"":""Surat"",""postal_code"":""394510"",""state"":""Gujarat"",""country_code"":""IN""}","{""latitude"":21.189713899999997,""longitude"":72.771543}",https://www.google.com/maps/place/The+Green+Spice+Multicuisine+Restaurant+%26+Cafe/data=!4m7!3m6!1s0x3be04d0b0eb6afc3:0x4528964d84db0082!8m2!3d21.1897139!4d72.771543!16s%2Fg%2F11pm39b65t!19sChIJw6-2DgtN4DsRggDbhE2WKEU?authuser=0&rclk=1,,[],https://lh3.googleusercontent.com/gps-cs-s/AHRPTWkC276vG1kigujYh7cf2_PP9FgBThNHxcLZKcx4Qz7tgJ26MO-wA42a4wqmKtipr6bWeRv88USMj-Jqg6zCgcB6nak5HWmSEtn2VrixtgIFOyvcOTbGsiNqUu82T1JqFrhaqTZNuFzFCNXz=w1920-h1080-k-no,200-600,[]
ChIJWbqDR_9P4DsR6rqUuEYPLjk,/g/11h2g230lk,Shree Sainath Dosa Center,South Indian restaurant,"[""South Indian restaurant"",""Vegetarian restaurant""]",4.3,741,095371 17252,,"Meghratna Complex, GF- 1/897, Laxminivas, Athugar St, opp. Nanpura, Surat, Gujarat 395001","{""ward"":""Kharwawad, Nanpura"",""street"":""Meghratna Complex, GF- 1/897, Laxminivas, Athugar St, opp. Nanpura"",""city"":""Surat"",""postal_code"":""395001"",""state"":""Gujarat"",""country_code"":""IN""}","{""latitude"":21.188921699999998,""longitude"":72.813374}",https://www.google.com/maps/place/Shree+Sainath+Dosa+Center/data=!4m7!3m6!1s0x3be04fff4783ba59:0x392e0f46b894baea!8m2!3d21.1889217!4d72.813374!16s%2Fg%2F11h2g230lk!19sChIJWbqDR_9P4DsR6rqUuEYPLjk?authuser=0&hl=en&g_ep=EgoyMDI2MDgxOS4wIJJjKgBIAVAD&rclk=1,,[],https://lh3.googleusercontent.com/gps-cs-s/AHRPTWm9Soy_ZppEJ2jm1LjBvYXqI_j98JhP2GHBnVppjnIvoiZI69i9WOU_xIBmy1M5hwmqfK3y1yFYe7vlz9zCG66Vi2FBhaPrUWTPFlyehwW-Oz_AAza4Sgic0arf7pttJZAXoMHwwA3OX2KR=w1920-h1080-k-no,1-200,"[{""day"":""Monday"",""times"":[""10:30 am-11:45 pm""]},{""day"":""Tuesday"",""times"":[""10:30 am-11:45 pm""]},{""day"":""Wednesday"",""times"":[""10:30 am-11:45 pm""]},{""day"":""Thursday"",""times"":[""10:30 am-11:45 pm""]},{""day"":""Friday"",""times"":[""10:30 am-11:45 pm""]},{""day"":""Saturday"",""times"":[""10:30 am-11:45 pm""]},{""day"":""Sunday"",""times"":[""10:30 am-11:45 pm""]}]"
ChIJcS-4B09N4DsRNZv6nUK8cpQ,/g/11n0vnzz5h,THE GARLIC KNOT PIZZA & CAFE ADAJAN SURAT,Pizza restaurant,"[""Pizza restaurant"",""Cafe"",""Coffee shop"",""Dessert restaurant"",""Indian sizzler restaurant""]",4.6,698,0261 400 2244,,"G4 - G5, EON SQUARE, LP Savani Rd, beside shell petrol pump, Adajan Gam, Adajan, Surat, Gujarat 395009","{""ward"":""Adajan Gam, Adajan"",""street"":""G4 - G5, EON SQUARE, LP Savani Rd, beside shell petrol pump"",""city"":""Surat"",""postal_code"":""395009"",""state"":""Gujarat"",""country_code"":""IN""}","{""latitude"":21.1889224,""longitude"":72.7902567}",https://www.google.com/maps/place/THE+GARLIC+KNOT+PIZZA+%26+CAFE+ADAJAN+SURAT/data=!4m7!3m6!1s0x3be04d4f07b82f71:0x9472bc429dfa9b35!8m2!3d21.1889781!4d72.7901916!16s%2Fg%2F11n0vnzz5h!19sChIJcS-4B09N4DsRNZv6nUK8cpQ?authuser=0&rclk=1,"{""link"":""https://linktr.ee/thegarlicknot"",""source"":""linktr.ee""}","[{""link"":""https://www.swiggy.com/restaurants/the-garlic-knot-pizza-cafe-gam-adajan-surat-362930/dineout?is_retargeting=true&media_source=GoogleReserve&utm_campaign=GoogleMap&utm_source=GoogleReserve"",""source"":""swiggy.com""},{""link"":""https://www.eazydiner.com/surat/the-garlic-knot-adajan-surat-696748"",""source"":""eazydiner.com""},{""link"":""https://www.zomato.com/surat/the-garlic-knot-adajan-gam/book?utm_source=rwg"",""source"":""zomato.com""}]",https://lh3.googleusercontent.com/gps-cs-s/AHRPTWkniRigmJYU6PkT58tnc3Krq5b13qjhKMjj2I7NAU13Nj6l1f2L6H8y3Dmk4A2rJ3VkxPxmoXrSJzHGRC-P1pKx2CNMef1f6UiStUA8pb4Ld0nvfJVR2cizdcySnoMzZSDG7IfxvK5Jabu-=w1920-h1080-k-no,200-400,"[{""day"":""Monday"",""times"":[""11 am-11:30 pm""]},{""day"":""Tuesday"",""times"":[""11 am-11:30 pm""]},{""day"":""Wednesday"",""times"":[""11 am-11:30 pm""]},{""day"":""Thursday"",""times"":[""11 am-11:30 pm""]},{""day"":""Friday"",""times"":[""11 am-11:30 pm""]},{""day"":""Saturday"",""times"":[""11 am-11:30 pm""]},{""day"":""Sunday"",""times"":[""11 am-11:30 pm""]}]"
ChIJk6PfvRpN4DsRbvE2h4oEsps,/g/11g4gsh3mx,Trishiv Chinese Corner,Chinese restaurant,"[""Chinese restaurant""]",4,689,091066 66402,https://trishiv-chinese-corner.viditvaswani18.workers.dev/about,"Shop 18, Royal Residency, Mahalaxmi Mandir, opp. mahalaxmi mandir, beside shah jamnadas gariwala, Chatrapati Shivaji Nagar, Adajan Gam, Adajan, Surat, Gujarat 395009","{""ward"":""Chatrapati Shivaji Nagar, Adajan Gam, Adajan"",""street"":""Shop 18, Royal Residency, Mahalaxmi Mandir, opp. mahalaxmi mandir, beside shah jamnadas gariwala"",""city"":""Surat"",""postal_code"":""395009"",""state"":""Gujarat"",""country_code"":""IN""}","{""latitude"":21.196866699999998,""longitude"":72.7941865}",https://www.google.com/maps/place/Trishiv+Chinese+Corner/data=!4m7!3m6!1s0x3be04d1abddfa393:0x9bb2048a8736f16e!8m2!3d21.1968667!4d72.7941865!16s%2Fg%2F11g4gsh3mx!19sChIJk6PfvRpN4DsRbvE2h4oEsps?authuser=0&hl=en&g_ep=EgoyMDI2MDgxOS4wIJJjKgBIAVAD&rclk=1,"{""link"":""https://trishiv-chinese-corner.viditvaswani18.workers.dev/about"",""source"":""trishiv-chinese-corner.viditvaswani18.workers.dev""}","[{""link"":""https://www.swiggy.com/restaurants/trishiv-chinese-corner-adajan-gam-koramangala-surat-1304179/dineout?is_retargeting=true&media_source=GoogleReserve&utm_campaign=GoogleMap&utm_source=GoogleReserve"",""source"":""swiggy.com""}]",https://lh3.googleusercontent.com/gps-cs-s/AHRPTWkXr9wiuD7HXp6cY27GXC7Cp_vkbhQn6xlDpreFzaya0IYrrzh4xt5tWLrOdWxplhw_eh7rHctwdxRnbo_DGJuKT3vQOwllwIV_nV5gA8bJ2I3o09HXqt6L_ChgzFC-Kp5wavk8APry3vvW=w1920-h1080-k-no,200-400,"[{""day"":""Monday"",""times"":[""11 am-3 am""]},{""day"":""Tuesday"",""times"":[""11:30 am-3 am""]},{""day"":""Wednesday"",""times"":[""11:30 am-3 am""]},{""day"":""Thursday"",""times"":[""11:30 am-3 am""]},{""day"":""Friday"",""times"":[""11:30 am-3 am""]},{""day"":""Saturday"",""times"":[""11:30 am-3 am""]},{""day"":""Sunday"",""times"":[""11:30 am-3 am""]}]"
ChIJyxT1MC1M4DsRxIUk_dYHMAA,/g/11cm034jsh,Shivam Fastfood,Indian restaurant,"[""Indian restaurant"",""Sandwich shop""]",4.2,680,096010 13473,,"Pancham Residency, Shri Nath Society ,Adajan Gam, Adajan Gam, Adajan, Surat, Gujarat 395009","{""ward"":""Shri Nath Society ,Adajan Gam, Adajan Gam, Adajan"",""street"":""Pancham Residency"",""city"":""Surat"",""postal_code"":""395009"",""state"":""Gujarat"",""country_code"":""IN""}","{""latitude"":21.194766299999998,""longitude"":72.79198389999999}",https://www.google.com/maps/place/Shivam+Fastfood/data=!4m7!3m6!1s0x3be04c2d30f514cb:0x3007d6fd2485c4!8m2!3d21.1947663!4d72.7919839!16s%2Fg%2F11cm034jsh!19sChIJyxT1MC1M4DsRxIUk_dYHMAA?authuser=0&hl=en&g_ep=EgoyMDI2MDgxOS4wIJJjKgBIAVAD&rclk=1,,[],https://lh3.googleusercontent.com/gps-cs-s/AHRPTWmiKdFYp4S16SAwNS0zG67OkqcvmsowhunxWrgHgWt7Nd61GcDHGcfU7DtL2JrI8CHwgGu1dtupuIa7Kw1apL0AKXHuuMEDWs_El5fD5yNldDwxXYDQuaREJ1-YQGgelyx0wes1QA=w1920-h1080-k-no,1-200,"[{""day"":""Monday"",""times"":[""11 am-11 pm""]},{""day"":""Tuesday"",""times"":[""11 am-11 pm""]},{""day"":""Wednesday"",""times"":[""11 am-11 pm""]},{""day"":""Thursday"",""times"":[""11 am-11 pm""]},{""day"":""Friday"",""times"":[""11 am-11 pm""]},{""day"":""Saturday"",""times"":[""11 am-11 pm""]},{""day"":""Sunday"",""times"":[""11 am-11 pm""]}]"
ChIJm5VPD6FN4DsRzBDLiCtuZTU,/g/11rsg7fhsb,La Pino'z Pizza,Pizza restaurant,"[""Pizza restaurant""]",4.2,646,073733 43483,http://www.lapinozpizza.in/,"G16-17, Sangini Magnus Rushabh Char Rasta, Rander, Road, Adajan, Surat, Gujarat 395009","{""ward"":""Ghanshyam Society, Adajan"",""street"":""G16-17, Sangini Magnus Rushabh Char Rasta, Rander, Road"",""city"":""Surat"",""postal_code"":""395009"",""state"":""Gujarat"",""country_code"":""IN""}","{""latitude"":21.2006192,""longitude"":72.8038874}",https://www.google.com/maps/place/La+Pino'z+Pizza/data=!4m7!3m6!1s0x3be04da10f4f959b:0x35656e2b88cb10cc!8m2!3d21.2006192!4d72.8038874!16s%2Fg%2F11rsg7fhsb!19sChIJm5VPD6FN4DsRzBDLiCtuZTU?authuser=0&hl=en&g_ep=EgoyMDI2MDgxOS4wIJJjKgBIAVAD&rclk=1,,"[{""link"":""https://lapinozpizza.in/order/adajan-patiya-surat"",""source"":""lapinozpizza.in""},{""link"":""https://uen.io/lapinoz"",""source"":""uen.io""}]",https://lh3.googleusercontent.com/gps-cs-s/AHRPTWl3HBZBLbUzTNI5YK3DeVYEd3WnSByEzFmT9bVcHwqvH6WikxRBO76AHHexQUrLE5pb9NUL6_ba3gwIOYl6HoxrqUQGRou2VgtKgR8MaK5fwJUFI4tkMNIFpsoHDz53lg5eNT12=w1920-h1080-k-no,200-400,"[{""day"":""Monday"",""times"":[""11 am-1 am""]},{""day"":""Tuesday"",""times"":[""11 am-1 am""]},{""day"":""Wednesday"",""times"":[""11 am-1 am""]},{""day"":""Thursday"",""times"":[""11 am-1 am""]},{""day"":""Friday"",""times"":[""11 am-1 am""]},{""day"":""Saturday"",""times"":[""11 am-1 am""]},{""day"":""Sunday"",""times"":[""11 am-1 am""]}]"
ChIJXVjXp8RN4DsRlrucTSHNl70,/g/11mv9_fx6d,Mamna(Mama) ni Wadi.,Restaurant,"[""Restaurant""]",4,628,098251 18900,,"Mamna ni Wadi, Galaxy Cir, next to jai Bhavani Omlet center, near Jalaram Mandir, Pal Gam, Surat, Gujarat 395009","{""ward"":""Pal Gam"",""street"":""Mamna ni Wadi, Galaxy Cir, next to jai Bhavani Omlet center, near Jalaram Mandir"",""city"":""Surat"",""postal_code"":""395009"",""state"":""Gujarat"",""country_code"":""IN""}","{""latitude"":21.1915327,""longitude"":72.77656429999999}",https://www.google.com/maps/place/Mamna(Mama)+ni+Wadi./data=!4m7!3m6!1s0x3be04dc4a7d7585d:0xbd97cd214d9cbb96!8m2!3d21.1915327!4d72.7765643!16s%2Fg%2F11mv9_fx6d!19sChIJXVjXp8RN4DsRlrucTSHNl70?authuser=0&hl=en&g_ep=EgoyMDI2MDgxOS4wIJJjKgBIAVAD&rclk=1,,[],https://lh3.googleusercontent.com/gps-cs-s/AHRPTWlWSFwS-ps1NgCSxcWuKcTVH5uUXehbQBNVyT9KVbaXNG_65fKAxaMPeU1_7oZ71Pn8Q30MQ0tYxijtE5J9WgD-BTre-j8fWkOneF_pjBWeOXSxRxqN14X2W4yOtwh9xJr97cGha30eOA1V=w1920-h1080-k-no,200-400,"[{""day"":""Monday"",""times"":[""12:30 pm-12 am""]},{""day"":""Tuesday"",""times"":[""12:30 pm-12 am""]},{""day"":""Wednesday"",""times"":[""12:30 pm-12 am""]},{""day"":""Thursday"",""times"":[""12:30 pm-12 am""]},{""day"":""Friday"",""times"":[""12:30 pm-12 am""]},{""day"":""Saturday"",""times"":[""12:30 pm-12 am""]},{""day"":""Sunday"",""times"":[""12:30 pm-12 am""]}]"
ChIJRVcIl4BN4DsRTbZxNf0QIGA,/g/11ptph84cp,La Pino'z pizza Adajan,Restaurant,"[""Restaurant""]",4.1,607,087587 51335,,"SOVEREIGN SHOPPERS, G-37/38, Anand Mahal Ln, beside SINDHU SEVA SAMITI SCHOOL, Honey Park, Adajan Gam, Adajan, Surat, Gujarat 395009","{""ward"":""Honey Park, Adajan Gam, Adajan"",""street"":""SOVEREIGN SHOPPERS, G-37/38, Anand Mahal Ln, beside SINDHU SEVA SAMITI SCHOOL"",""city"":""Surat"",""postal_code"":""395009"",""state"":""Gujarat"",""country_code"":""IN""}","{""latitude"":21.1996073,""longitude"":72.7938424}",https://www.google.com/maps/place/La+Pino'z+pizza+Adajan/data=!4m7!3m6!1s0x3be04d8097085745:0x602010fd3571b64d!8m2!3d21.1996073!4d72.7938424!16s%2Fg%2F11ptph84cp!19sChIJRVcIl4BN4DsRTbZxNf0QIGA?authuser=0&hl=en&g_ep=EgoyMDI2MDgxOS4wIJJjKgBIAVAD&rclk=1,,[],https://lh3.googleusercontent.com/gps-cs-s/AHRPTWmVrKjyf5wVVtM2BbiYVB9hgIn4lZunATI085tmbVbSN5i-EzfcM00K53aNbpHoNKtQUkUFIDLk6kKu3UdnyReM8gBj0YinRLFwgy7CoIOo-6ctEPpKBdWzowQcz8_F-zYdZEEo=w1920-h1080-k-no,200-400,"[{""day"":""Monday"",""times"":[""11 am-1 am""]},{""day"":""Tuesday"",""times"":[""11 am-1 am""]},{""day"":""Wednesday"",""times"":[""11 am-1 am""]},{""day"":""Thursday"",""times"":[""11 am-1 am""]},{""day"":""Friday"",""times"":[""11 am-1 am""]},{""day"":""Saturday"",""times"":[""11 am-1 am""]},{""day"":""Sunday"",""times"":[""11 am-1 am""]}]"
ChIJ26KS3ipN4DsRqCd6v7Hecqg,/g/11md85mjr2,The Jineshwaram Cafe,South Indian restaurant,"[""South Indian restaurant""]",4.5,592,096010 47686,,"Raj Ratna Enclave, 7-8-9, opp. Shreepad by Park Arena, Adajan, Pal Gam, Surat, Gujarat 394510","{""ward"":""Adajan, Pal Gam"",""street"":""Raj Ratna Enclave, 7-8-9, opp. Shreepad by Park Arena"",""city"":""Surat"",""postal_code"":""394510"",""state"":""Gujarat"",""country_code"":""IN""}","{""latitude"":21.1838688,""longitude"":72.77628}",https://www.google.com/maps/place/The+Jineshwaram+Cafe/data=!4m7!3m6!1s0x3be04d2ade92a2db:0xa872deb1bf7a27a8!8m2!3d21.1838688!4d72.77628!16s%2Fg%2F11md85mjr2!19sChIJ26KS3ipN4DsRqCd6v7Hecqg?authuser=0&rclk=1,,"[{""link"":""https://www.zomato.com/surat/the-jineshwaram-cafe-adajan-gam/book?utm_source=rwg"",""source"":""zomato.com""},{""link"":""https://www.district.in/dining/surat/the-jineshwaram-cafe-adajan-gam/book?utm_source=rwg"",""source"":""district.in""}]",https://lh3.googleusercontent.com/gps-cs-s/AHRPTWn8tJ5RbqQ3dOCBHVD4r2ZfQgysdncAIgBJRVetipDOhr1iVBR1qV_WIlXNHcmRTUf_tCSKqBEjC9bKbLrp1YkvmcdO5IyTNps-yh2M_n1dD4ByIJzBiCAaF3gVq8rEwndyjMXcVLQs1ige=w1920-h1080-k-no,200-400,"[{""day"":""Monday"",""times"":[""6-11 pm""]},{""day"":""Tuesday"",""times"":[""7:30 am-3:30 pm"",""5:30-11 pm""]},{""day"":""Wednesday"",""times"":[""7:30 am-3:30 pm"",""5:30-11 pm""]},{""day"":""Thursday"",""times"":[""7:30 am-3:30 pm"",""5:30-11 pm""]},{""day"":""Friday"",""times"":[""7:30 am-3:30 pm"",""5:30-11 pm""]},{""day"":""Saturday"",""times"":[""7:30 am-3:30 pm"",""5:30-11 pm""]},{""day"":""Sunday"",""times"":[""7:30 am-11 pm""]}]"
ChIJs05PKPhN4DsRSeLny6lIvSc,/g/11h07yxnz6,i contrast Ice Cream - Depot,Ice cream shop,"[""Ice cream shop""]",4.4,590,090990 25001,https://www.facebook.com/iContrastSurat/,"Eon Square, Adajan Gam, Adajan, Surat, Gujarat 395009","{""ward"":""Adajan Gam, Adajan"",""street"":""Eon Square"",""city"":""Surat"",""postal_code"":""395009"",""state"":""Gujarat"",""country_code"":""IN""}","{""latitude"":21.1887793,""longitude"":72.79018959999999}",https://www.google.com/maps/place/i+contrast+Ice+Cream+-+Depot/data=!4m7!3m6!1s0x3be04df8284f4eb3:0x27bd48a9cbe7e249!8m2!3d21.1887793!4d72.7901896!16s%2Fg%2F11h07yxnz6!19sChIJs05PKPhN4DsRSeLny6lIvSc?authuser=0&hl=en&g_ep=EgoyMDI2MDgxOS4wIJJjKgBIAVAD&rclk=1,"{""link"":""https://www.zomato.com/surat/icontrast-ice-cream-adajan-patiya/menu#tabtop"",""source"":""zomato.com""}","[{""link"":""https://www.swiggy.com/restaurants/icontrast-ice-cream-depot-gam-adajan-surat-131255/dineout?is_retargeting=true&media_source=GoogleReserve&utm_campaign=GoogleMap&utm_source=GoogleReserve"",""source"":""swiggy.com""}]",https://lh3.googleusercontent.com/gps-cs-s/AHRPTWkYHCIkUHKEFVZP088yjfsexa5evWgZ4fzytCQuKVfuHGHFEOPk8nb4fbAoVzTfy7HbPb_JzfDgjLoPP43TPFIi-rurGgcEw3-e76zlhUFHiIOueuQ2w1oRzyhrataWWqLBJxqRIQ=w1920-h1080-k-no,,"[{""day"":""Monday"",""times"":[""12:30 pm-2:30 am""]},{""day"":""Tuesday"",""times"":[""12:30 pm-2:30 am""]},{""day"":""Wednesday"",""times"":[""12:30 pm-2:30 am""]},{""day"":""Thursday"",""times"":[""12:30 pm-2:30 am""]},{""day"":""Friday"",""times"":[""12:30 pm-2:30 am""]},{""day"":""Saturday"",""times"":[""12:30 pm-2:30 am""]},{""day"":""Sunday"",""times"":[""12:30 pm-2:30 am""]}]"
ChIJke_MzoJN4DsRBBvZTk_vMOE,/g/11spm_v_lk,Martino'z Pizza,Fast food restaurant,"[""Fast food restaurant""]",4.2,589,073838 48480,https://martinozpizza.com/,"G,3 Helios NR. GALAXY CIRCLE, Green City Rd, Pal Gam, Surat, Gujarat 394510","{""ward"":""Adajan Gam, Pal Gam"",""street"":""G,3 Helios NR. GALAXY CIRCLE, Green City Rd"",""city"":""Surat"",""postal_code"":""394510"",""state"":""Gujarat"",""country_code"":""IN""}","{""latitude"":21.1900016,""longitude"":72.77943499999999}",https://www.google.com/maps/place/Martino'z+Pizza/data=!4m7!3m6!1s0x3be04d82ceccef91:0xe130ef4f4ed91b04!8m2!3d21.1900016!4d72.779435!16s%2Fg%2F11spm_v_lk!19sChIJke_MzoJN4DsRBBvZTk_vMOE?authuser=0&hl=en&g_ep=EgoyMDI2MDgxOS4wIJJjKgBIAVAD&rclk=1,,[],https://lh3.googleusercontent.com/gps-cs-s/AHRPTWmklhvTIAIQQeE7Qim_4uPjP6U1bPG93vqnfC8_KyrPIi_BegPJ_ON0FmNZ2_mwBuC_o5fgeUKG5TTBbBS21TOHIGrgS_p_U0X9_neQLpQ2cqYvb9nq39IcNM2tDI1pENNJNALaOA=w1920-h1080-k-no,200-400,"[{""day"":""Monday"",""times"":[""11 am-11 pm""]},{""day"":""Tuesday"",""times"":[""11 am-11 pm""]},{""day"":""Wednesday"",""times"":[""11 am-11 pm""]},{""day"":""Thursday"",""times"":[""11 am-11 pm""]},{""day"":""Friday"",""times"":[""11 am-11 pm""]},{""day"":""Saturday"",""times"":[""11 am-11 pm""]},{""day"":""Sunday"",""times"":[""11 am-11 pm""]}]"
ChIJjXgeM_JN4DsRjML9hevDlF8,/g/11qg45d4vs,Maakhan Bhog,Indian sweets shop,"[""Indian sweets shop"",""Bakery and Cake Shop"",""Sweet shop"",""Corporate gift supplier"",""Sweets and dessert buffet"",""Gift basket store"",""Gift shop"",""Health food restaurant"",""Health food store"",""Indian restaurant""]",4,570,072039 90800,https://maakhanbhog.com/,"Darshan Ganga Society, 11, LP Savani Rd, near Jalaram Mandir, TGB, Adajan Gam, Adajan, Surat, Gujarat 394510","{""ward"":""TGB, Adajan Gam, Adajan"",""street"":""Darshan Ganga Society, 11, LP Savani Rd, near Jalaram Mandir"",""city"":""Surat"",""postal_code"":""394510"",""state"":""Gujarat"",""country_code"":""IN""}","{""latitude"":21.1960481,""longitude"":72.784994}",https://www.google.com/maps/place/Maakhan+Bhog/data=!4m7!3m6!1s0x3be04df2331e788d:0x5f94c3eb85fdc28c!8m2!3d21.1960481!4d72.784994!16s%2Fg%2F11qg45d4vs!19sChIJjXgeM_JN4DsRjML9hevDlF8?authuser=0&hl=en&g_ep=EgoyMDI2MDgxOS4wIJJjKgBIAVAD&rclk=1,,"[{""link"":""https://www.swiggy.com/city/surat/maakhan-bhog-sweets-and-restaurant-adajan-adajan-rest1103360?utm_source=GooglePlaceOrder&utm_campaign=GoogleMap&is_retargeting=true&media_source=GooglePlaceOrder"",""source"":""swiggy.com""},{""link"":""https://www.zomato.com/surat/maakhan-bhog-1-adajan-gam/order?v=o2"",""source"":""zomato.com""}]",https://lh3.googleusercontent.com/gps-cs-s/AHRPTWlxGJo7tihZGg-s3_SLsPquKCvhxSOz1GfuBVHlJFuwbaUnjLSfJKHYJHIuJS6iKlAOXHZTUegIK6Gsib6WOOvhOOSWgYg-umsol5Iqtl7x74dKNyv7lMarKBCvR2P3cf3wiZkn4Q=w1920-h1080-k-no,,"[{""day"":""Monday"",""times"":[""8 am-9:30 pm""]},{""day"":""Tuesday"",""times"":[""8 am-9:30 pm""]},{""day"":""Wednesday"",""times"":[""8 am-9:30 pm""]},{""day"":""Thursday"",""times"":[""8 am-9:30 pm""]},{""day"":""Friday"",""times"":[""8 am-9:30 pm""]},{""day"":""Saturday"",""times"":[""8 am-9:30 pm""]},{""day"":""Sunday"",""times"":[""8 am-9:30 pm""]}]"
ChIJC3SpRgBN4DsRQ9WSS0TTwFw,/g/11mrd9yz6d,"Bhajiya king cafe,",Gujarati restaurant,"[""Gujarati restaurant""]",4,569,098242 45003,,"5QQG+7Q2, opp. Galaxy Aventura, near Green City Road, Adajan Gam, Pal Gam, Surat, Gujarat 394510","{""ward"":""Adajan Gam, Pal Gam"",""street"":""5QQG+7Q2, opp. Galaxy Aventura, near Green City Road"",""city"":""Surat"",""postal_code"":""394510"",""state"":""Gujarat"",""country_code"":""IN""}","{""latitude"":21.1879693,""longitude"":72.77567309999999}","https://www.google.com/maps/place/Bhajiya+king+cafe,/data=!4m7!3m6!1s0x3be04d0046a9740b:0x5cc0d3444b92d543!8m2!3d21.1879693!4d72.7756731!16s%2Fg%2F11mrd9yz6d!19sChIJC3SpRgBN4DsRQ9WSS0TTwFw?authuser=0&rclk=1&hl=en",,[],https://lh3.googleusercontent.com/gps-cs-s/AHRPTWn6Apj8EYELPjDgNvY0CoxJzv0W1I9phdAotGqlhr3uDAbuMniItk9P23nn4O4mtToSl1lAVT7cl3MCEF3fq4Nju6Qxt2O-upL_rrvlvfdhN6nG50BO1Agkhb8QW7M-D61XDmlvTxZPa_nB=w1920-h1080-k-no,1-200,"[{""day"":""Monday"",""times"":[""7 am-12 am""]},{""day"":""Tuesday"",""times"":[""7 am-12 am""]},{""day"":""Wednesday"",""times"":[""7 am-12 am""]},{""day"":""Thursday"",""times"":[""7 am-12 am""]},{""day"":""Friday"",""times"":[""7 am-12 am""]},{""day"":""Saturday"",""times"":[""7 am-12 am""]},{""day"":""Sunday"",""times"":[""7 am-12:30 am""]}]"
ChIJS3icFg1N4DsR4tvwyrmcs6I,/g/11s19q_4x8,The Bungalow Cafe,Cafe,"[""Cafe""]",4.1,569,097278 65683,,"A102, First Floor, Valentina Business Hub, 27, Subhash Chandra Bose Marg, Guru Ram Pavan Bhumi, Adajan Gam, Adajan, Surat, Gujarat 395009","{""ward"":""Guru Ram Pavan Bhumi, Adajan Gam, Adajan"",""street"":""A102, First Floor, Valentina Business Hub, 27, Subhash Chandra Bose Marg"",""city"":""Surat"",""postal_code"":""395009"",""state"":""Gujarat"",""country_code"":""IN""}","{""latitude"":21.1892301,""longitude"":72.7899881}",https://www.google.com/maps/place/The+Bungalow+Cafe/data=!4m7!3m6!1s0x3be04d0d169c784b:0xa2b39cb9caf0dbe2!8m2!3d21.1892301!4d72.7899881!16s%2Fg%2F11s19q_4x8!19sChIJS3icFg1N4DsR4tvwyrmcs6I?authuser=0&rclk=1&hl=en,"{""link"":""https://www.zomato.com/surat/the-bungalow-cafe-vesu/menu"",""source"":""zomato.com""}","[{""link"":""https://www.swiggy.com/restaurants/the-bungalow-cafe-gam-adajan-surat-632588/dineout?is_retargeting=true&media_source=GoogleReserve&utm_campaign=GoogleMap&utm_source=GoogleReserve"",""source"":""swiggy.com""}]",https://lh3.googleusercontent.com/gps-cs-s/AHRPTWk8Xeylpjy7y-npUX0sAT7d0dXXTKp0vtpMh70ZmiSxeRXj7Djh27FWNsz3iIWa9AHYCnuMxo2YMHvPzDDhVH_UP3FOLf3jXFCWhod45jRgJuNzc9iAnsS0-bxYsa3DGJxvIZexyWojSuMc=w1920-h1080-k-no,400-600,"[{""day"":""Monday"",""times"":[""11 am-11 pm""]},{""day"":""Tuesday"",""times"":[""11 am-11 pm""]},{""day"":""Wednesday"",""times"":[""11 am-11 pm""]},{""day"":""Thursday"",""times"":[""11 am-11 pm""]},{""day"":""Friday"",""times"":[""11 am-11 pm""]},{""day"":""Saturday"",""times"":[""11 am-11 pm""]},{""day"":""Sunday"",""times"":[""11 am-11 pm""]}]"
ChIJacYdb2tN4DsRBxfaadD2_SE,/g/11fk4jyw0y,PRAM KHAMAN HOUSE,Food court,"[""Food court"",""Restaurant""]",4.1,547,099256 18100,,"charasta, Adajan, Surat, Gujarat 395009","{""ward"":""charasta, Adajan"",""street"":null,""city"":""Surat"",""postal_code"":""395009"",""state"":""Gujarat"",""country_code"":""IN""}","{""latitude"":21.189908499999998,""longitude"":72.7958852}",https://www.google.com/maps/place/PRAM+KHAMAN+HOUSE/data=!4m7!3m6!1s0x3be04d6b6f1dc669:0x21fdf6d069da1707!8m2!3d21.1899085!4d72.7958852!16s%2Fg%2F11fk4jyw0y!19sChIJacYdb2tN4DsRBxfaadD2_SE?authuser=0&rclk=1&hl=en,,[],https://lh3.googleusercontent.com/gps-cs-s/AHRPTWmGKWk8WU7nlzWUopAjozv__E0l1yQsfzY8lPtzYJdEK5VUDp4TOK_WbZdVtBy0kthHCvkFrwYUjtH1Ni0Ji1Vjd_BPv1mNIAc2XjL5k_KdL95VB3p7aCr5Tx68hB5-CJv0RQy8WTrk_VE2=w1920-h1080-k-no,1-200,"[{""day"":""Monday"",""times"":[""7 am-7:30 pm""]},{""day"":""Tuesday"",""times"":[""7 am-7:30 pm""]},{""day"":""Wednesday"",""times"":[""7 am-7:30 pm""]},{""day"":""Thursday"",""times"":[""7 am-7:30 pm""]},{""day"":""Friday"",""times"":[""7 am-7:30 pm""]},{""day"":""Saturday"",""times"":[""7 am-7:30 pm""]},{""day"":""Sunday"",""times"":[""7 am-2 pm""]}]"
ChIJAQD8osxN4DsRy7JhJ7Q7fWY,/g/11f_j3khy4,"2, Millionaire Business Park",Indian restaurant,"[""Indian restaurant""]",4.3,508,,,"Restaurant, Millionaire Business Park, 5QVP+HQH, 2, Subhash Chandra Bose Marg, opposite TGB, TGB, Adajan Gam, Adajan, Surat, Gujarat 395009","{""ward"":""TGB, Adajan Gam, Adajan"",""street"":""Restaurant, Millionaire Business Park, 5QVP+HQH, 2, Subhash Chandra Bose Marg, opposite TGB"",""city"":""Surat"",""postal_code"":""395009"",""state"":""Gujarat"",""country_code"":""IN""}","{""latitude"":21.1939341,""longitude"":72.7869777}","https://www.google.com/maps/place/2,+Millionaire+Business+Park/data=!4m7!3m6!1s0x3be04dcca2fc0001:0x667d3bb42761b2cb!8m2!3d21.1939341!4d72.7869777!16s%2Fg%2F11f_j3khy4!19sChIJAQD8osxN4DsRy7JhJ7Q7fWY?authuser=0&hl=en&g_ep=EgoyMDI2MDgxOS4wIJJjKgBIAVAD&rclk=1",,[],https://lh3.googleusercontent.com/gps-cs-s/AHRPTWm8UUbqg7e7LCVZhAEO2tUBNHSj9PwJWR5n26b4ngFtC7lmJg0-d0dR7yIQzP_Gi_uXzO-Yk8mAcf3lCI3LqtMY21Oh7xmPvSbGT-cyezY6KhocKvqEWuS3PBCREG4N8fCWBBixadSKCtg=w1920-h1080-k-no,200-400,"[{""day"":""Monday"",""times"":[""9 am-9 pm""]},{""day"":""Tuesday"",""times"":[""9 pm-12 am""]},{""day"":""Wednesday"",""times"":[""12 am-9 pm""]},{""day"":""Thursday"",""times"":[""9 pm-12 am""]},{""day"":""Friday"",""times"":[""12 am-9 pm""]},{""day"":""Saturday"",""times"":[""9 pm-12 am""]},{""day"":""Sunday"",""times"":[""12 am-9 pm""]}]"
ChIJW67CytFP4DsRXWZymZ31yAA,/g/11y3n4zk9l,Top Boy Pizzza,Cafe,"[""Cafe"",""Pizza delivery"",""Pizza restaurant"",""Pizza takeaway""]",4.4,493,070969 51113,https://www.instagram.com/topboypizzza.srt/,"601, 6th Floor, Oz House, opp. Narmad Library, near Ghod Dod Road, Athwalines, Athwa, Surat, Gujarat 395007","{""ward"":""Athwalines, Athwa"",""street"":""601, 6th Floor, Oz House, opp. Narmad Library, near Ghod Dod Road"",""city"":""Surat"",""postal_code"":""395007"",""state"":""Gujarat"",""country_code"":""IN""}","{""latitude"":21.1755308,""longitude"":72.8051235}",https://www.google.com/maps/place/Top+Boy+Pizzza/data=!4m7!3m6!1s0x3be04fd1cac2ae5b:0xc8f59d9972665d!8m2!3d21.1755308!4d72.8051235!16s%2Fg%2F11y3n4zk9l!19sChIJW67CytFP4DsRXWZymZ31yAA?authuser=0&hl=en&g_ep=EgoyMDI2MDgxOS4wIJJjKgBIAVAD&rclk=1,"{""link"":""http://linktree.com/topboypizzeria"",""source"":""linktree.com""}","[{""link"":""https://www.zomato.com/surat/topboy-pizza-athwa/book?utm_source=rwg"",""source"":""zomato.com""},{""link"":""https://www.district.in/dining/surat/topboy-pizza-athwa/book?utm_source=rwg"",""source"":""district.in""}]",https://lh3.googleusercontent.com/gps-cs-s/AHRPTWlClLAewoXaAkWJAV5qt4aMNDVSmwHUKP_oDbtriJmBLkmyDg1rizli4bYEnmSOV8g0bQsi5W0_w-zxofy0h0KLaa5uWB7lFW3TyHjHHOq9ZXtRzb_zpziPL0Wz5T2TY4522AJEwAKs8ygf=w1920-h1080-k-no,400-800,"[{""day"":""Monday"",""times"":[""11 am-12 am""]},{""day"":""Tuesday"",""times"":[""11 am-12 am""]},{""day"":""Wednesday"",""times"":[""11 am-12 am""]},{""day"":""Thursday"",""times"":[""11 am-12 am""]},{""day"":""Friday"",""times"":[""11 am-12 am""]},{""day"":""Saturday"",""times"":[""11 am-12 am""]},{""day"":""Sunday"",""times"":[""11 am-12 am""]}]"
ChIJSUHkQshN4DsRdePtDoNgm6k,/g/11y14g69h6,Rennoki,Cafe,"[""Cafe"",""Breakfast restaurant"",""Coffee shop"",""Dessert shop""]",4.8,492,098790 77270,http://www.rennoki.com/,"Dmart Road, opp shantikunj garden, Adajan Gam, Adajan Surat,TGB Circle, to, Kalpana Chawla Marg, Surat, Gujarat 395009","{""ward"":""TGB, Hariom Nagar Society,Adajan Gam, Adajan Gam, Adajan"",""street"":""Dmart Road, opp shantikunj garden, Adajan Gam, Adajan Surat,TGB Circle, to, Kalpana Chawla Marg"",""city"":""Surat"",""postal_code"":""395009"",""state"":""Gujarat"",""country_code"":""IN""}","{""latitude"":21.194332199999998,""longitude"":72.78882949999999}",https://www.google.com/maps/place/Rennoki/data=!4m7!3m6!1s0x3be04dc842e44149:0xa99b60830eede375!8m2!3d21.1943322!4d72.7888295!16s%2Fg%2F11y14g69h6!19sChIJSUHkQshN4DsRdePtDoNgm6k?authuser=0&rclk=1&hl=en,"{""link"":""https://drive.google.com/file/d/1CPikzrNEBYk5mOdk19EHCgiigoMboqdC/view?usp=sharing"",""source"":""drive.google.com""}","[{""link"":""https://www.swiggy.com/restaurants/rennoki-adajan-gam-koramangala-surat-1267196/dineout?is_retargeting=true&media_source=GoogleReserve&utm_campaign=GoogleMap&utm_source=GoogleReserve"",""source"":""swiggy.com""},{""link"":""https://www.eazydiner.com/surat/rennoki-adajan-surat-711518"",""source"":""eazydiner.com""}]",https://lh3.googleusercontent.com/gps-cs-s/AHRPTWkK5V25is4614vtO3TDHc1_YNmQSzzWwx_Sox278cJBt_eqEoBFU12LciljSEell7vcFToKGP7nJj6qbzSpy1HUwi7ajleq54IGQsIrhw84_W9wh4BPua95k3P4tgB9Fb-OgPCnuFka6R6I=w1920-h1080-k-no,200-600,"[{""day"":""Monday"",""times"":[""11 am-12 am""]},{""day"":""Tuesday"",""times"":[""11 am-12 am""]},{""day"":""Wednesday"",""times"":[""11 am-12 am""]},{""day"":""Thursday"",""times"":[""11 am-12 am""]},{""day"":""Friday"",""times"":[""11 am-12 am""]},{""day"":""Saturday"",""times"":[""11 am-12 am""]},{""day"":""Sunday"",""times"":[""11 am-12 am""]}]"
ChIJudu1x09N4DsRuEMkWniSqrE,/g/11v66jlm_j,Hivy - Candlelight Dinner in Surat | Birthday Surprise | Anniversary Celebration | Proposal,Event venue,"[""Event venue"",""Cafe"",""Cake shop"",""Fast food restaurant"",""Fine dining restaurant"",""Live music venue"",""Party planner"",""Photography service"",""Restaurant"",""Wedding planner""]",4.8,488,097270 27278,https://www.hivy.co.in/,"252/253, 2nd Floor, The Boulevard, Near Pratham Circle, Galleria street Green City Road, Adajan, near Pratham Circle, Pal Gam, Surat, Gujarat 394510","{""ward"":""Adajan Gam, Pal Gam"",""street"":""252/253, 2nd Floor, The Boulevard, Near Pratham Circle, Galleria street Green City Road, Adajan, near Pratham Circle"",""city"":""Surat"",""postal_code"":""394510"",""state"":""Gujarat"",""country_code"":""IN""}","{""latitude"":21.1895149,""longitude"":72.78282829999999}",https://www.google.com/maps/place/Hivy+-+Candlelight+Dinner+in+Surat+%7C+Birthday+Surprise+%7C+Anniversary+Celebration+%7C+Proposal/data=!4m7!3m6!1s0x3be04d4fc7b5dbb9:0xb1aa92785a2443b8!8m2!3d21.1895149!4d72.7828283!16s%2Fg%2F11v66jlm_j!19sChIJudu1x09N4DsRuEMkWniSqrE?authuser=0&hl=en&g_ep=EgoyMDI2MDgxOS4wIJJjKgBIAVAD&rclk=1,"{""link"":""https://www.hivy.co.in/packages"",""source"":""hivy.co.in""}","[{""link"":""https://www.hivy.co.in/"",""source"":""hivy.co.in""},{""link"":""https://www.swiggy.com/restaurants/hivy-place-for-celebration-pal-gam-koramangala-surat-1374303/dineout?is_retargeting=true&media_source=GoogleReserve&utm_campaign=GoogleMap&utm_source=GoogleReserve"",""source"":""swiggy.com""},{""link"":""https://www.eazydiner.com/surat/hivy-place-for-celebration-pal-gam-surat-712711"",""source"":""eazydiner.com""}]",https://lh3.googleusercontent.com/gps-cs-s/AHRPTWmvQmH3u7yJDNbYdH905N_ESs8s-_P3Q40zBHSfbBzLBhdn2Iz6oXnajXXl2j9oE3JXfiV94gXQdcAcxCUGx659J-gbOjKyxpVhApYiVsMlesmF8Mx-rkCt82xWYyfMGm0XeHpGTeWjubMH=w1920-h1080-k-no,,"[{""day"":""Monday"",""times"":[""10 am-11 pm""]},{""day"":""Tuesday"",""times"":[""10 am-11 pm""]},{""day"":""Wednesday"",""times"":[""10 am-11 pm""]},{""day"":""Thursday"",""times"":[""10 am-11 pm""]},{""day"":""Friday"",""times"":[""10 am-11 pm""]},{""day"":""Saturday"",""times"":[""10 am-11 pm""]},{""day"":""Sunday"",""times"":[""10 am-11 pm""]}]"
ChIJpcJv3iVN4DsRT_O0I2P2lh8,/g/11y26yrv7y,Podi Cafe,South Indian restaurant,"[""South Indian restaurant"",""Breakfast restaurant"",""Coffee shop"",""Vegetarian restaurant""]",4,488,074358 88788,http://www.podicafe.com/,"G-4/5, Sangini Aspire, Pal, Hazira Rd, Adajan, Surat, Gujarat 395009","{""ward"":""Adajan Gam, Adajan"",""street"":""G-4/5, Sangini Aspire, Pal, Hazira Rd"",""city"":""Surat"",""postal_code"":""395009"",""state"":""Gujarat"",""country_code"":""IN""}","{""latitude"":21.181992899999997,""longitude"":72.7769679}",https://www.google.com/maps/place/Podi+Cafe/data=!4m7!3m6!1s0x3be04d25de6fc2a5:0x1f96f66323b4f34f!8m2!3d21.1819718!4d72.776864!16s%2Fg%2F11y26yrv7y!19sChIJpcJv3iVN4DsRT_O0I2P2lh8?authuser=0&rclk=1,,[],https://lh3.googleusercontent.com/gps-cs-s/AHRPTWkAHV33BQAcl5NsepyiEPPwVNWefBTrJ0ARu-ijJ07d1PVLm38IKDXtPuPaPCi7xF_arT4JDmQzCmSa5jvVU9joPA1_Wr_15_xPAYjT2iE0fPMjQD2uP7x46iiQrszyzg13eL7rYg=w1920-h1080-k-no,400-600,"[{""day"":""Monday"",""times"":[""9 am-11 pm""]},{""day"":""Tuesday"",""times"":[""8 am-11 pm""]},{""day"":""Wednesday"",""times"":[""8 am-11 pm""]},{""day"":""Thursday"",""times"":[""8 am-11 pm""]},{""day"":""Friday"",""times"":[""8 am-11 pm""]},{""day"":""Saturday"",""times"":[""8 am-11 pm""]},{""day"":""Sunday"",""times"":[""8 am-11 pm""]}]"
ChIJEVlHaC9M4DsRL8pwVUR6Zz8,/g/1tjff98s,Sahkar Fast Food,Fast food restaurant,"[""Fast food restaurant"",""Breakfast restaurant""]",4.2,478,090810 80846,,"Rander Rd, near Pramukh Chambers, Siddhnath Mahadev Society, Tadwadi, Surat, Gujarat 395009","{""ward"":""Siddhnath Mahadev Society, Tadwadi"",""street"":""Rander Rd, near Pramukh Chambers"",""city"":""Surat"",""postal_code"":""395009"",""state"":""Gujarat"",""country_code"":""IN""}","{""latitude"":21.2071749,""longitude"":72.7967962}",https://www.google.com/maps/place/Sahkar+Fast+Food/data=!4m7!3m6!1s0x3be04c2f68475911:0x3f677a445570ca2f!8m2!3d21.2071749!4d72.7967962!16s%2Fg%2F1tjff98s!19sChIJEVlHaC9M4DsRL8pwVUR6Zz8?authuser=0&hl=en&g_ep=EgoyMDI2MDgxOS4wIJJjKgBIAVAD&rclk=1,,[],https://lh3.googleusercontent.com/gps-cs-s/AHRPTWkCV1ZRKlQt6lZ2ARpTGepqre-1I1d8cwCgd2j-GInruqJ_bVBQOhRKiSgU8lJIJSqSTuNlBOn8jLf06mgbC0ax80YeivcHp4ZyUSGi-vhQ09ZIg81OviWSE1S49Tr0t1SrSMOo6Q=w1920-h1080-k-no,1-200,"[{""day"":""Monday"",""times"":[""9 am-11 pm""]},{""day"":""Tuesday"",""times"":[""9 am-11 pm""]},{""day"":""Wednesday"",""times"":[""9 am-11 pm""]},{""day"":""Thursday"",""times"":[""9 am-11 pm""]},{""day"":""Friday"",""times"":[""9 am-11 pm""]},{""day"":""Saturday"",""times"":[""9 am-11 pm""]},{""day"":""Sunday"",""times"":[""9 am-11 pm""]}]"
ChIJmTuIXn9N4DsRffPIrU92z9s,/g/11h7ft710f,DesiVidesi ~ Fusion Taste in Kullad,Restaurant,"[""Restaurant"",""Cafe"",""Fast food restaurant""]",4.3,473,098986 04745,,"Shop No 16, The Fantasia 2 Game Zone, Gaurav Path Road, Adajan, opp. Bagban Kratos Club, Pal Gam, Surat, Gujarat 394510","{""ward"":""Pal Gam"",""street"":""Shop No 16, The Fantasia 2 Game Zone, Gaurav Path Road, Adajan, opp. Bagban Kratos Club"",""city"":""Surat"",""postal_code"":""394510"",""state"":""Gujarat"",""country_code"":""IN""}","{""latitude"":21.1855118,""longitude"":72.771824}",https://www.google.com/maps/place/DesiVidesi+~+Fusion+Taste+in+Kullad/data=!4m7!3m6!1s0x3be04d7f5e883b99:0xdbcf764fadc8f37d!8m2!3d21.1855118!4d72.771824!16s%2Fg%2F11h7ft710f!19sChIJmTuIXn9N4DsRffPIrU92z9s?authuser=0&hl=en&g_ep=EgoyMDI2MDgxOS4wIJJjKgBIAVAD&rclk=1,"{""link"":""http://www.desividesicafe.com/"",""source"":""desividesicafe.com""}",[],https://lh3.googleusercontent.com/gps-cs-s/AHRPTWlZ94CE-gC3O95NFBaqOABCeA7vehesTxaWfZDMVfXRyOsXHphY0t4N0H0ZXZb2PegBnLt_U2WGgApYHN_M0kTGMKYjMs503F3_wYRTDAgwW0ZbvPAkTI0B77zyJqRBAI5L8iym=w1920-h1080-k-no,200-400,[]
ChIJCelCHwBN4DsRsNRBXm5ZUNA,/g/11mcrxbsfv,"HL FRANKIE (Pal, Surat)",Fast food restaurant,"[""Fast food restaurant""]",4.9,465,,https://zomato.onelink.me/xqzv/yeq8plhz,"Shop no. 7, The Galleria, near Sanjeevkumar Auditorium, opp. 3 Seventy Kitchen, Pal, Adajan, Surat, Gujarat 394510","{""ward"":""Pal, Adajan"",""street"":""Shop no. 7, The Galleria, near Sanjeevkumar Auditorium, opp. 3 Seventy Kitchen"",""city"":""Surat"",""postal_code"":""394510"",""state"":""Gujarat"",""country_code"":""IN""}","{""latitude"":21.1855993,""longitude"":72.7832549}","https://www.google.com/maps/place/HL+FRANKIE+(Pal,+Surat)/data=!4m7!3m6!1s0x3be04d001f42e909:0xd050596e5e41d4b0!8m2!3d21.1855993!4d72.7832549!16s%2Fg%2F11mcrxbsfv!19sChIJCelCHwBN4DsRsNRBXm5ZUNA?authuser=0&hl=en&g_ep=EgoyMDI2MDgxOS4wIJJjKgBIAVAD&rclk=1",,"[{""link"":""https://www.swiggy.com/restaurants/h-l-frankie-the-gallaria-adajan-surat-1053295/dineout?is_retargeting=true&media_source=GoogleReserve&utm_campaign=GoogleMap&utm_source=GoogleReserve"",""source"":""swiggy.com""}]",https://lh3.googleusercontent.com/gps-cs-s/AHRPTWmHrPsRuQBqnVEO0QXUHEQPX2Oib51B3OOvFzaWFZNoPLV37JtixcOPo8RJmLCAv9qRh9sLD230jAwxOlf6xer4KtDtDvW3iP_uBkdBAIbQsm3cjJbXCa-BmWHyPHHKztYSTQXhh_3_Fzbl=w1920-h1080-k-no,1-200,"[{""day"":""Monday"",""times"":[""11 am-3 am""]},{""day"":""Tuesday"",""times"":[""11 am-3 am""]},{""day"":""Wednesday"",""times"":[""11 am-3 am""]},{""day"":""Thursday"",""times"":[""11 am-3 am""]},{""day"":""Friday"",""times"":[""11 am-3 am""]},{""day"":""Saturday"",""times"":[""11 am-3 am""]},{""day"":""Sunday"",""times"":[""11 am-3 am""]}]"
ChIJI4N0OwBN4DsRGn4lxASwbvs,/g/11yf0bzgzx,Achija Gujarati Thal (Surat),Restaurant,"[""Restaurant"",""Indian restaurant""]",4.1,453,070963 15500,,"Fortune Highstreet GF, Madhuvan Cir, near western area, Adajan Gam, Adajan, Surat, Gujarat 395009","{""ward"":""Adajan Gam, Adajan"",""street"":""Fortune Highstreet GF, Madhuvan Cir, near western area"",""city"":""Surat"",""postal_code"":""395009"",""state"":""Gujarat"",""country_code"":""IN""}","{""latitude"":21.1908542,""longitude"":72.78573209999999}",https://www.google.com/maps/place/Achija+Gujarati+Thal+(Surat)/data=!4m7!3m6!1s0x3be04d003b748323:0xfb6eb004c4257e1a!8m2!3d21.1908542!4d72.7857321!16s%2Fg%2F11yf0bzgzx!19sChIJI4N0OwBN4DsRGn4lxASwbvs?authuser=0&hl=en&g_ep=EgoyMDI2MDgxOS4wIJJjKgBIAVAD&rclk=1,,"[{""link"":""https://www.eazydiner.com/surat/achija-gujarati-thali-adajan-surat-713256"",""source"":""eazydiner.com""}]",https://lh3.googleusercontent.com/gps-cs-s/AHRPTWmGaFH4b91qKe1HdjV7U619jsjPfc04TjwKjSlh9EBJKlaILxJ5gWTnEOzCn4jjc4HcG5V4_LUSJLB9jHxt1P_B2aew-C1jpwZaJc8dft0gP023gqAHtR2IwP8fDlv91Vf5qg2vb0ZGj4Rr=w1920-h1080-k-no,400-600,"[{""day"":""Monday"",""times"":[""11 am-3 pm"",""7-11 pm""]},{""day"":""Tuesday"",""times"":[""11 am-3 pm"",""7-11 pm""]},{""day"":""Wednesday"",""times"":[""11 am-3 pm"",""7-11 pm""]},{""day"":""Thursday"",""times"":[""11 am-3 pm"",""7-11 pm""]},{""day"":""Friday"",""times"":[""11 am-3 pm"",""7-11 pm""]},{""day"":""Saturday"",""times"":[""11 am-3 pm"",""7-11 pm""]},{""day"":""Sunday"",""times"":[""11 am-3 pm"",""7-11 pm""]}]"
ChIJq4cmu6FN4DsRVmhhrVdazzc,/g/11y0s3lf9z,Vandhara,Restaurant,"[""Restaurant""]",4.2,431,085114 41871,,"Plot No. 22, Hazira Rd, beside Bhulka Vihar School, Pal Gam, Surat, Gujarat 394510","{""ward"":""Pal Gam"",""street"":""Plot No. 22, Hazira Rd, beside Bhulka Vihar School"",""city"":""Surat"",""postal_code"":""394510"",""state"":""Gujarat"",""country_code"":""IN""}","{""latitude"":21.1807099,""longitude"":72.7708066}",https://www.google.com/maps/place/Vandhara/data=!4m7!3m6!1s0x3be04da1bb2687ab:0x37cf5a57ad616856!8m2!3d21.1807099!4d72.7708066!16s%2Fg%2F11y0s3lf9z!19sChIJq4cmu6FN4DsRVmhhrVdazzc?authuser=0&hl=en&rclk=1,,[],https://lh3.googleusercontent.com/gps-cs-s/AHRPTWmC6DESCbUInHBpe8f6bclNKlnHgefC9TS5d5sDLqTgmXSkiJ9EBrGKzSwtgPP4OZAaFUGFOUaJ4ovqyrq-1lwT70ZScNBfz7tGTVvSU2kR1HR1iRbCaWLa0ZQcmB8wfYaJfN5n04xITPr1=w1920-h1080-k-no,"600-1,400","[{""day"":""Monday"",""times"":[""12-11 pm""]},{""day"":""Tuesday"",""times"":[""12-11 pm""]},{""day"":""Wednesday"",""times"":[""12-11 pm""]},{""day"":""Thursday"",""times"":[""12-11 pm""]},{""day"":""Friday"",""times"":[""12-11 pm""]},{""day"":""Saturday"",""times"":[""12-11 pm""]},{""day"":""Sunday"",""times"":[""12-11 pm""]}]"
ChIJid61SDlN4DsR-lym6IdTjJI,/g/11js59mbh0,Punjabi Di Hatti,North Indian restaurant,"[""North Indian restaurant"",""Indian restaurant"",""Punjabi restaurant"",""Restaurant"",""Vegetarian restaurant""]",4,426,074350 00196,http://www.punjabidihatti.com/,"GF-18,19,20,Western Arena complex,nr madhuvan circle,Pal-Green city road,Pal, Adajan, Surat, Gujarat 395009","{""ward"":""Adajan Gam, Adajan"",""street"":""GF-18,19,20,Western Arena complex,nr madhuvan circle,Pal-Green city road,Pal"",""city"":""Surat"",""postal_code"":""395009"",""state"":""Gujarat"",""country_code"":""IN""}","{""latitude"":21.190220999999998,""longitude"":72.7858423}",https://www.google.com/maps/place/Punjabi+Di+Hatti/data=!4m7!3m6!1s0x3be04d3948b5de89:0x928c5387e8a65cfa!8m2!3d21.190518!4d72.7857899!16s%2Fg%2F11js59mbh0!19sChIJid61SDlN4DsR-lym6IdTjJI?authuser=0&rclk=1&hl=en,"{""link"":""https://www.zomato.com/surat/punjabi-di-hatti-adajan-gam/order"",""source"":""zomato.com""}","[{""link"":""https://www.swiggy.com/restaurants/punjab-di-hatti-adajan-gam-koramangala-surat-1023933/dineout?is_retargeting=true&media_source=GoogleReserve&utm_campaign=GoogleMap&utm_source=GoogleReserve"",""source"":""swiggy.com""}]",https://lh3.googleusercontent.com/gps-cs-s/AHRPTWlUAXW2NMJq3S6Situh8kv-7i5pI2ziQfamXow6bSUf-5RbFQ-17oSxb7zZoZLm8QWme3CY8pDoW1p6VfK88sHUIG8iF-TXNaKvy7UYEbpL-TdTtxS3STWUcxWmqsf7vkoca3VslA=w1920-h1080-k-no,200-400,"[{""day"":""Monday"",""times"":[""11 am-4 pm"",""6-11 pm""]},{""day"":""Tuesday"",""times"":[""11 am-4 pm"",""6-11 pm""]},{""day"":""Wednesday"",""times"":[""11 am-4 pm"",""6-11 pm""]},{""day"":""Thursday"",""times"":[""11 am-4 pm"",""6-11 pm""]},{""day"":""Friday"",""times"":[""11 am-4 pm"",""6-11 pm""]},{""day"":""Saturday"",""times"":[""11 am-4 pm"",""6-11 pm""]},{""day"":""Sunday"",""times"":[""11 am-11 pm""]}]"
ChIJ05BAGnhN4DsRGYGEW7vmXBc,/g/11kk13vzr8,Skydeck - Rooftop Multi Cusin Restaurant,Family restaurant,"[""Family restaurant"",""Chinese restaurant"",""Continental restaurant"",""Indian restaurant""]",4,424,078742 29747,https://skydeckrooftop.com/,"10th Floor, A, Vivanta Icon, LP Savani Rd, opp. Shell Petrol pump, Adajan Gam, Adajan, Surat, Gujarat 395009","{""ward"":""Adajan Gam, Adajan"",""street"":""10th Floor, A, Vivanta Icon, LP Savani Rd, opp. Shell Petrol pump"",""city"":""Surat"",""postal_code"":""395009"",""state"":""Gujarat"",""country_code"":""IN""}","{""latitude"":21.1892888,""longitude"":72.7889819}",https://www.google.com/maps/place/Skydeck+-+Rooftop+Multi+Cusin+Restaurant/data=!4m7!3m6!1s0x3be04d781a4090d3:0x175ce6bb5b848119!8m2!3d21.1892888!4d72.7889819!16s%2Fg%2F11kk13vzr8!19sChIJ05BAGnhN4DsRGYGEW7vmXBc?authuser=0&rclk=1,"{""link"":""https://skydeckrooftop.com/onlineorder/orders/menu"",""source"":""skydeckrooftop.com""}",[],https://lh3.googleusercontent.com/gps-cs-s/AHRPTWkev0hy1b2xQVq3j_Ar7aFPduK4ilhyOJli9KF9KkFW961wWA0zPygCq1whkLoMuIRzCCv5bKVixp0rA06zxfppmokYwbpGZaqqEzd25LANKNP_5y6tUB6UvJNOmCjdq4lkZY0a=w1920-h1080-k-no,400-600,[]
ChIJF6J0ERtN4DsRwsljgT3CLx4,/g/11xp1d0gr9,"Shivv Signature - The Multicuisine Restaurant and banquet hall, party plot, kids play ground",Restaurant,"[""Restaurant""]",4.7,413,072019 66999,,"Shivv Signature Restuarant, Baghban circle, Gaurav Path Road, Pal Gam, Surat, Gujarat 395009","{""ward"":""Pal Gam"",""street"":""Shivv Signature Restuarant, Baghban circle, Gaurav Path Road"",""city"":""Surat"",""postal_code"":""395009"",""state"":""Gujarat"",""country_code"":""IN""}","{""latitude"":21.1909971,""longitude"":72.7719566}",https://www.google.com/maps/place/Shivv+Signature+-+The+MultiCuisine+Restaurant/data=!4m7!3m6!1s0x3be04d1b1174a217:0x1e2fc23d8163c9c2!8m2!3d21.1909971!4d72.7719566!16s%2Fg%2F11xp1d0gr9!19sChIJF6J0ERtN4DsRwsljgT3CLx4?authuser=0&rclk=1&hl=en,,"[{""link"":""https://www.district.in/dining/surat/shivv-signature-the-multi-cuisine-restaurant-pal-gam/book?utm_source=rwg"",""source"":""district.in""},{""link"":""https://www.eazydiner.com/surat/shivv-signature-the-multicuisine-restaurant-pal-gam-surat-710825"",""source"":""eazydiner.com""},{""link"":""https://www.zomato.com/surat/shivv-signature-the-multi-cuisine-restaurant-pal-gam/book?utm_source=rwg"",""source"":""zomato.com""}]",https://lh3.googleusercontent.com/gps-cs-s/AHRPTWnJ5tCOGdJah03-EJiI8ZHH_IyHnhLtCpbqFvbfb2JNYaAOJ11B1lu5CzFpS69MHJF7jn1n2eo9GQ5O7SXNdkYV35H3Z1p_aLK5YYvowIzD7bb0IthyEhXJWdu5pSl2Q7SWLH8S0c7BXCmJ=w1920-h1080-k-no,400-600,"[{""day"":""Monday"",""times"":[""11 am-11 pm""]},{""day"":""Tuesday"",""times"":[""11 am-11 pm""]},{""day"":""Wednesday"",""times"":[""11 am-11 pm""]},{""day"":""Thursday"",""times"":[""11 am-11 pm""]},{""day"":""Friday"",""times"":[""11 am-11 pm""]},{""day"":""Saturday"",""times"":[""11 am-11 pm""]},{""day"":""Sunday"",""times"":[""11 am-11 pm""]}]"
ChIJx_0l0wJN4DsRUXTe6Z94pq0,/g/11yb9_ns47,Annam Authentically South,South Indian restaurant,"[""South Indian restaurant""]",4.6,412,,,"Shop no.2, TGB Circle, Millionaire Business Park, LP Savani Rd, TGB, Adajan Gam, Adajan, Surat, Gujarat 395009","{""ward"":""TGB, Adajan Gam, Adajan"",""street"":""Shop no.2, TGB Circle, Millionaire Business Park, LP Savani Rd"",""city"":""Surat"",""postal_code"":""395009"",""state"":""Gujarat"",""country_code"":""IN""}","{""latitude"":21.193953999999998,""longitude"":72.7871373}",https://www.google.com/maps/place/Annam+Authentically+South/data=!4m7!3m6!1s0x3be04d02d325fdc7:0xada6789fe9de7451!8m2!3d21.193954!4d72.7871373!16s%2Fg%2F11yb9_ns47!19sChIJx_0l0wJN4DsRUXTe6Z94pq0?authuser=0&rclk=1,,[],https://lh3.googleusercontent.com/gps-cs-s/AHRPTWkOlnRo8laPw9Mg7BO3lqYal1a5MenQ8VtSuQLCgzpUKb_HIUnXUHfURR3QW-88CsJ7-a3sTH4bkPoN2m4XCGb2AxSvLOODmXubXLAZkI2ff7-grNWMeYo9s8p4BI5sAbXUnvuVow=w1920-h1080-k-no,200-400,[]
ChIJN2juEqJN4DsRFFSGb0-O6hM,/g/11tx9h4rf7,"Theobroma Bakery and Cake Shop - Adajan, Surat",Cake shop,"[""Cake shop"",""Bakery and Cake Shop"",""Cafe"",""Cupcake shop"",""Pastry shop"",""Patisserie"",""Wedding bakery"",""Wholesale bakery""]",4.5,391,081828 81881,https://order.theobroma.in/order/theobroma-adajan-surat,"Municipal Corporation, Shop No.1, G.F., Wood Square, Nr Madhuvan Circle, L.P. Savani, Road, Adajan, Surat, Gujarat 395009","{""ward"":""TGB, Adajan Gam, Adajan"",""street"":""Municipal Corporation, Shop No.1, G.F., Wood Square, Nr Madhuvan Circle, L.P. Savani, Road"",""city"":""Surat"",""postal_code"":""395009"",""state"":""Gujarat"",""country_code"":""IN""}","{""latitude"":21.1928905,""longitude"":72.78772649999999}","https://www.google.com/maps/place/Theobroma+Bakery+and+Cake+Shop+-+Adajan,+Surat/data=!4m7!3m6!1s0x3be04da212ee6837:0x13ea8e4f6f865414!8m2!3d21.1928905!4d72.7877265!16s%2Fg%2F11tx9h4rf7!19sChIJN2juEqJN4DsRFFSGb0-O6hM?authuser=0&hl=en&g_ep=EgoyMDI2MDgxOS4wIJJjKgBIAVAD&rclk=1","{""link"":""https://order.theobroma.in/order/theobroma-adajan-surat"",""source"":""order.theobroma.in""}",[],https://lh3.googleusercontent.com/gps-cs-s/AHRPTWkrWF1pl0ysSSusHTrfDtwFoN4gD_sgnwCVZEuhvBpdNLLOtFKRCWL4X9UydeavGGhbGnM7BEgsfkB7FJMWAuqF0ulZWVoYoAwz7uKV7paScyntE2dTHWyoNLVHtiodvFblgaEayuevGhOt=w1920-h1080-k-no,200-800,"[{""day"":""Monday"",""times"":[""8 am-12 am""]},{""day"":""Tuesday"",""times"":[""8 am-12 am""]},{""day"":""Wednesday"",""times"":[""8 am-12 am""]},{""day"":""Thursday"",""times"":[""8 am-12 am""]},{""day"":""Friday"",""times"":[""8 am-12 am""]},{""day"":""Saturday"",""times"":[""8 am-12 am""]},{""day"":""Sunday"",""times"":[""8 am-12 am""]}]"
ChIJWzhhI3BN4DsRhf6aT49ztIw,/g/11vlzk1ryb,Byting Korner,Fast food restaurant,"[""Fast food restaurant""]",4.7,376,099798 99344,https://www.bytingkorner.co.in/,"13, Ahura Nagar Soc, beside Apollo Pharmacy, Aahura Nagar Society, Adajan Gam, Adajan, Surat, Gujarat 395009","{""ward"":""Aahura Nagar Society, Adajan Gam, Adajan"",""street"":""13, Ahura Nagar Soc, beside Apollo Pharmacy"",""city"":""Surat"",""postal_code"":""395009"",""state"":""Gujarat"",""country_code"":""IN""}","{""latitude"":21.1903878,""longitude"":72.7971349}",https://www.google.com/maps/place/Byting+Korner/data=!4m7!3m6!1s0x3be04d702361385b:0x8cb4738f4f9afe85!8m2!3d21.1903878!4d72.7971349!16s%2Fg%2F11vlzk1ryb!19sChIJWzhhI3BN4DsRhf6aT49ztIw?authuser=0&hl=en&g_ep=EgoyMDI2MDgxOS4wIJJjKgBIAVAD&rclk=1,"{""link"":""https://www.bytingkorner.co.in/menu/"",""source"":""bytingkorner.co.in""}",[],https://lh3.googleusercontent.com/gps-cs-s/AHRPTWnO-T8f8dtjQxhczfupTe8S0norOvDZUH-E0CI-VpJK9c_iupCrG0o2_iIzlbNdQRc5vUbcAsMlbM38Qy2Eyd-O-cc-clNkS4LUeRhKE0d2HS4U7iZRqxXXV3alcVxjdIwgG0PK=w1920-h1080-k-no,1-200,"[{""day"":""Monday"",""times"":[""11 am-11 pm""]},{""day"":""Tuesday"",""times"":[""11 am-11 pm""]},{""day"":""Wednesday"",""times"":[""11 am-11 pm""]},{""day"":""Thursday"",""times"":[""11 am-11 pm""]},{""day"":""Friday"",""times"":[""11 am-11 pm""]},{""day"":""Saturday"",""times"":[""11 am-11 pm""]},{""day"":""Sunday"",""times"":[""11 am-11 pm""]}]"
ChIJw8wc5R5P4DsRhhPv2vdEnOU,/g/11nhhlg6ft,"SHREE RAJ VEG KHAUSA, ALOOPURI AND CAFE, ATHWA GATE",Restaurant,"[""Restaurant""]",4.8,367,099788 36655,http://www.rajkhausa.com/,"9,10,11, Neelgagan Apartment, opp. HDFC Bank, Appt, Athwa Gate, Surat, Gujarat 395001","{""ward"":""Appt, Athwa Gate"",""street"":""9,10,11, Neelgagan Apartment, opp. HDFC Bank"",""city"":""Surat"",""postal_code"":""395001"",""state"":""Gujarat"",""country_code"":""IN""}","{""latitude"":21.1853643,""longitude"":72.80985249999999}","https://www.google.com/maps/place/SHREE+RAJ+VEG+KHAUSA,+ALOOPURI+AND+CAFE,+ATHWA+GATE/data=!4m7!3m6!1s0x3be04f1ee51cccc3:0xe59c44f7daef1386!8m2!3d21.1853643!4d72.8098525!16s%2Fg%2F11nhhlg6ft!19sChIJw8wc5R5P4DsRhhPv2vdEnOU?authuser=0&hl=en&rclk=1",,[],https://lh3.googleusercontent.com/gps-cs-s/AHRPTWnIDIwjP_RySQ5NzAlvUQ756P-PE2REr6TgSSdAzgGTkLaPClUHPtSnQNbwlQRqvivmDe7siHBH6gjV-ySiwqDE2-LPFEdoFzABYAMHbP3vu3rW54mvxQ6RE1YiNbLiESKpxBWBWv0F8lbD=w1920-h1080-k-no,,"[{""day"":""Monday"",""times"":[""Open 24 hours""]},{""day"":""Tuesday"",""times"":[""Open 24 hours""]},{""day"":""Wednesday"",""times"":[""Open 24 hours""]},{""day"":""Thursday"",""times"":[""Open 24 hours""]},{""day"":""Friday"",""times"":[""Open 24 hours""]},{""day"":""Saturday"",""times"":[""Open 24 hours""]},{""day"":""Sunday"",""times"":[""Open 24 hours""]}]"
ChIJTQJTz6tN4DsRKInNmUpXh2s,/g/11g230dm5m,Surat Khaman House,Fast food restaurant,"[""Fast food restaurant""]",4.2,363,099246 66000,,"5QQC+P65 Mukesh Hardwere, Green City Rd, Pal Gam, Surat, Gujarat 394510","{""ward"":""Pal Gam"",""street"":""5QQC+P65 Mukesh Hardwere, Green City Rd"",""city"":""Surat"",""postal_code"":""394510"",""state"":""Gujarat"",""country_code"":""IN""}","{""latitude"":21.189273399999998,""longitude"":72.770603}",https://www.google.com/maps/place/Surat+Khaman+House/data=!4m7!3m6!1s0x3be04dabcf53024d:0x6b87574a99cd8928!8m2!3d21.1892734!4d72.770603!16s%2Fg%2F11g230dm5m!19sChIJTQJTz6tN4DsRKInNmUpXh2s?authuser=0&hl=en&g_ep=EgoyMDI2MDgxOS4wIJJjKgBIAVAD&rclk=1,,[],https://lh3.googleusercontent.com/gps-cs-s/AHRPTWknRtR5XJ46Mx6J5PvVwdn_anaFSghT55cxk1C2bt8m5Wpdp5zZfGWYyecpSfXNNW9peT39619i6L0O51G2vURbooOTC5X935do9zf8Uv6UzjJP1yveQ6ziU0Zh4TOuD-KLaCkq=w1920-h1080-k-no,1-200,"[{""day"":""Monday"",""times"":[""9 am-9 pm""]},{""day"":""Tuesday"",""times"":[""9 am-9 pm""]},{""day"":""Wednesday"",""times"":[""9 am-9 pm""]},{""day"":""Thursday"",""times"":[""9 am-9 pm""]},{""day"":""Friday"",""times"":[""9 am-9 pm""]},{""day"":""Saturday"",""times"":[""9 am-9 pm""]},{""day"":""Sunday"",""times"":[""8 am-8:30 pm""]}]"
ChIJvX1edABN4DsRJo9MYhistbI,/g/11y621w0k0,Shree Laksshmi Restaurant - The South Indian Cafe,Vegetarian restaurant,"[""Vegetarian restaurant"",""South Indian restaurant""]",4.6,361,076000 31717,https://www.ahsllp.in/,"Athletica, opp. Lourdes Convent School, near Indoor Stadium Lane, Meghdoot Society, Athwalines, Athwa, Surat, Gujarat 395007","{""ward"":""Meghdoot Society, Athwalines, Athwa"",""street"":""Athletica, opp. Lourdes Convent School, near Indoor Stadium Lane"",""city"":""Surat"",""postal_code"":""395007"",""state"":""Gujarat"",""country_code"":""IN""}","{""latitude"":21.177511,""longitude"":72.8011784}",https://www.google.com/maps/place/Shree+Laksshmi+Restaurant+-+The+South+Indian+Cafe/data=!4m7!3m6!1s0x3be04d00745e7dbd:0xb2b5ac18624c8f26!8m2!3d21.177511!4d72.8011784!16s%2Fg%2F11y621w0k0!19sChIJvX1edABN4DsRJo9MYhistbI?authuser=0&rclk=1&hl=en,"{""link"":""https://drive.google.com/file/d/1ZB4j1LxNgodrriO69C6WLTfm7om8ecdo/view?usp=drive_link"",""source"":""drive.google.com""}",[],https://lh3.googleusercontent.com/gps-cs-s/AHRPTWlfBP_NEP8rcXSst64y1fLeojrMby_KScu8VwNQoH41yRSv7Filo-MaAjxg3TM7OsoCv38ZSOcVZ0kZQk5QKYxFxvGVCNhSMrugGfPG3itjJI1Mc6XvE_0ToHyvTFVP7XL9Dy4XBw=w1920-h1080-k-no,200-400,"[{""day"":""Monday"",""times"":[""7 am-11 pm""]},{""day"":""Tuesday"",""times"":[""7 am-11 pm""]},{""day"":""Wednesday"",""times"":[""7 am-11 pm""]},{""day"":""Thursday"",""times"":[""7 am-11 pm""]},{""day"":""Friday"",""times"":[""7 am-11 pm""]},{""day"":""Saturday"",""times"":[""7 am-11 pm""]},{""day"":""Sunday"",""times"":[""7 am-11 pm""]}]"
ChIJ7Vb1fwBN4DsROTTakol04nY,/g/11ykb3rpc1,Fun & Family Dosa House,Family restaurant,"[""Family restaurant""]",4.5,354,099090 91077,,"Gaurav Path Road, opposite Gajera global school, Palanpur, Surat, Gujarat 394510","{""ward"":""Palanpur"",""street"":""Gaurav Path Road, opposite Gajera global school"",""city"":""Surat"",""postal_code"":""394510"",""state"":""Gujarat"",""country_code"":""IN""}","{""latitude"":21.199785,""longitude"":72.768898}",https://www.google.com/maps/place/Fun+%26+Family+Dosa+House/data=!4m7!3m6!1s0x3be04d007ff556ed:0x76e2748992da3439!8m2!3d21.199785!4d72.768898!16s%2Fg%2F11ykb3rpc1!19sChIJ7Vb1fwBN4DsROTTakol04nY?authuser=0&rclk=1&hl=en,,[],https://lh3.googleusercontent.com/gps-cs-s/AHRPTWlfxSKC4EBYkJGL2Me-lk1EhdT05lO9vm-MzWesgjjYetZw7-4jlFVs8Yd29YzkTC_IsxE3nXglvzHOQ0Pr8aNiuBzU8uC0ZnVrXfsyNhixvGRJyuursGL9vvectsQr5ShwgD8bP92JpyFN=w1920-h1080-k-no,200-400,"[{""day"":""Monday"",""times"":[""6-11 pm""]},{""day"":""Tuesday"",""times"":[""6-11 pm""]},{""day"":""Wednesday"",""times"":[""6-11 pm""]},{""day"":""Thursday"",""times"":[""6-11 pm""]},{""day"":""Friday"",""times"":[""6-11 pm""]},{""day"":""Saturday"",""times"":[""6-11 pm""]},{""day"":""Sunday"",""times"":[""6-11 pm""]}]"
ChIJU_Mbh3pO4DsR0iz0uiujQk4,/g/1262x6hwt,Maakhan Bhog,Sweet shop,"[""Sweet shop"",""Bakery and Cake Shop"",""Corporate gift supplier"",""Sweets and dessert buffet"",""Gift basket store"",""Gift shop"",""Health food store"",""Indian sweets shop""]",4.3,352,072039 90100,http://maakhanbhog.com/,"4, Amarkruti Apartment, Timaliawad, Nanpura, Surat, Gujarat 395001","{""ward"":""Timaliawad, Nanpura"",""street"":""4, Amarkruti Apartment"",""city"":""Surat"",""postal_code"":""395001"",""state"":""Gujarat"",""country_code"":""IN""}","{""latitude"":21.1869965,""longitude"":72.8133094}",https://www.google.com/maps/place/Maakhan+Bhog/data=!4m7!3m6!1s0x3be04e7a871bf353:0x4e42a32bbaf42cd2!8m2!3d21.1869965!4d72.8133094!16s%2Fg%2F1262x6hwt!19sChIJU_Mbh3pO4DsR0iz0uiujQk4?authuser=0&hl=en&g_ep=EgoyMDI2MDgxOS4wIJJjKgBIAVAD&rclk=1,,[],https://lh3.googleusercontent.com/gps-cs-s/AHRPTWnVbH84wY3Yu8y79JCOviQqnji6tY-L5bgV04oXxOUcupRzWc8nW5y-_iD_NFB5tQlO1SojSc66MvRgt1dFSa47iV7SHAewTAd21Us57DfDStDKFGyf43u0OxDvlKPsTF8jqc1VKg=w1920-h1080-k-no,,"[{""day"":""Monday"",""times"":[""8 am-9:30 pm""]},{""day"":""Tuesday"",""times"":[""8 am-9:30 pm""]},{""day"":""Wednesday"",""times"":[""8 am-9:30 pm""]},{""day"":""Thursday"",""times"":[""8 am-9:30 pm""]},{""day"":""Friday"",""times"":[""8 am-9:30 pm""]},{""day"":""Saturday"",""times"":[""8 am-9:30 pm""]},{""day"":""Sunday"",""times"":[""8 am-9:30 pm""]}]"
ChIJicjA3lxN4DsRfdDzOaM3fAE,/g/11mdclwnrb,Rewaaz Multicusine Restaurant,Family restaurant,"[""Family restaurant""]",4.2,341,090999 22311,,"Rewaaz Multicusine restaurant, SHOP NO. F/101, GALAXY HEIGHTS, OPP SULTANIYA JIMKHANA, ROAD, Gorat, Rander, Surat, Gujarat 395005","{""ward"":""Gorat, Rander"",""street"":""Rewaaz Multicusine restaurant, SHOP NO. F/101, GALAXY HEIGHTS, OPP SULTANIYA JIMKHANA, ROAD"",""city"":""Surat"",""postal_code"":""395005"",""state"":""Gujarat"",""country_code"":""IN""}","{""latitude"":21.214514299999998,""longitude"":72.7996423}",https://www.google.com/maps/place/Rewaaz+Multicusine+Restaurant/data=!4m7!3m6!1s0x3be04d5cdec0c889:0x17c37a339f3d07d!8m2!3d21.2145143!4d72.7996423!16s%2Fg%2F11mdclwnrb!19sChIJicjA3lxN4DsRfdDzOaM3fAE?authuser=0&rclk=1,,[],https://lh3.googleusercontent.com/gps-cs-s/AHRPTWlX9dqejl4ctybdXPgWQegi7KNltvLU6r2Q3mhiJfLDJmg_vuBtisxviCcZhCTJA2fZa_Ot8IXVT4vWBrVhCtSl3HiJJjuM8ZL9t43b99iXpbhD-vpl9eo-UGFHgIrslCwASEdFFJ7qc14=w1920-h1080-k-no,400-600,"[{""day"":""Monday"",""times"":[""2 pm-12:30 am""]},{""day"":""Tuesday"",""times"":[""2 pm-12:30 am""]},{""day"":""Wednesday"",""times"":[""2 pm-12:30 am""]},{""day"":""Thursday"",""times"":[""2 pm-12:30 am""]},{""day"":""Friday"",""times"":[""2 pm-12:30 am""]},{""day"":""Saturday"",""times"":[""2 pm-12:30 am""]},{""day"":""Sunday"",""times"":[""2 pm-12:30 am""]}]"
ChIJyQmTkaVN4DsRqerNr3W0TWs,/g/11g9wb8_r9,Patel Vihar Garden Restaurant,Indian restaurant,"[""Indian restaurant"",""Gujarati restaurant"",""Vegetarian restaurant""]",4.1,337,,,"5QJ8+92F, Bhatha, Surat, Gujarat 394510","{""ward"":""Bhatha"",""street"":""5QJ8+92F"",""city"":""Surat"",""postal_code"":""394510"",""state"":""Gujarat"",""country_code"":""IN""}","{""latitude"":21.180938299999998,""longitude"":72.7650599}",https://www.google.com/maps/place/Patel+Vihar+Garden+Restaurant/data=!4m7!3m6!1s0x3be04da5919309c9:0x6b4db475afcdeaa9!8m2!3d21.1809383!4d72.7650599!16s%2Fg%2F11g9wb8_r9!19sChIJyQmTkaVN4DsRqerNr3W0TWs?authuser=0&hl=en&g_ep=EgoyMDI2MDgxOS4wIJJjKgBIAVAD&rclk=1,,[],https://lh3.googleusercontent.com/gps-cs-s/AHRPTWkiZIUoOpVC8nmugDXawqr8QqX1pr6uKluWfLT23Kkt2v7orvdiqrmyZfkywhYhYAEwHlJPP469is6n3ZMOdCwo358wHv4tKZ1lQ18AaSzETkoXshv5HHuXT9PJYRyG9KAvBYag=w1920-h1080-k-no,,[]
ChIJJ1rBhC1N4DsRvySmuDP_wM0,/g/11z59ysjyg,Sync,Cafe,"[""Cafe""]",4.8,336,,,"GF-04/05, Swarnim Lifestyle, Gaurav Path Road, opp. Croma, Palanpur, Surat, Gujarat 395009","{""ward"":""Palanpur"",""street"":""GF-04/05, Swarnim Lifestyle, Gaurav Path Road, opp. Croma"",""city"":""Surat"",""postal_code"":""395009"",""state"":""Gujarat"",""country_code"":""IN""}","{""latitude"":21.2096081,""longitude"":72.7668928}",https://www.google.com/maps/place/Sync/data=!4m7!3m6!1s0x3be04d2d84c15a27:0xcdc0ff33b8a624bf!8m2!3d21.2096081!4d72.7668928!16s%2Fg%2F11z59ysjyg!19sChIJJ1rBhC1N4DsRvySmuDP_wM0?authuser=0&hl=en&g_ep=EgoyMDI2MDgxOS4wIJJjKgBIAVAD&rclk=1,,"[{""link"":""https://www.swiggy.com/restaurants/sync-palanpur-koramangala-surat-1379623/dineout?is_retargeting=true&media_source=GoogleReserve&utm_campaign=GoogleMap&utm_source=GoogleReserve"",""source"":""swiggy.com""},{""link"":""https://www.zomato.com/surat/sync-pal-gam/book?utm_source=rwg"",""source"":""zomato.com""},{""link"":""https://www.district.in/dining/surat/sync-pal-gam/book?utm_source=rwg"",""source"":""district.in""}]",https://lh3.googleusercontent.com/gps-cs-s/AHRPTWlcbSGMUGjbeGo-ba9ZmegHvAZLhOYfYc9bRzbf_Zu5tSif1mppXlmv4L45B6kLPKm1jg_Z2VWZ_qq3zg91KXTNIHDQo_HOGjJerAiedQDZHnq6T7wZKyja1RVrA0L2Q9b5COo7xvgKk9Tp=w1920-h1080-k-no,200-400,"[{""day"":""Monday"",""times"":[""11 am-1 am""]},{""day"":""Tuesday"",""times"":[""11 am-1 am""]},{""day"":""Wednesday"",""times"":[""11 am-1 am""]},{""day"":""Thursday"",""times"":[""11 am-1 am""]},{""day"":""Friday"",""times"":[""11 am-1 am""]},{""day"":""Saturday"",""times"":[""11 am-11 pm""]},{""day"":""Sunday"",""times"":[""11 am-1 am""]}]"
ChIJDZc4rIJN4DsREoxrBhmMotE,/g/11h3jh7m20,D,Restaurant,"[""Restaurant""]",4.1,333,088304 96286,,"Shop No 7, Sanskar Flets LP Savani, Road, opposite Toyota Showroom, Adajan, Surat, Gujarat 395009","{""ward"":""Adajan Gam, Adajan"",""street"":""Shop No 7, Sanskar Flets LP Savani, Road, opposite Toyota Showroom"",""city"":""Surat"",""postal_code"":""395009"",""state"":""Gujarat"",""country_code"":""IN""}","{""latitude"":21.1978396,""longitude"":72.7843776}",https://www.google.com/maps/place/D/data=!4m7!3m6!1s0x3be04d82ac38970d:0xd1a28c19066b8c12!8m2!3d21.1978396!4d72.7843776!16s%2Fg%2F11h3jh7m20!19sChIJDZc4rIJN4DsREoxrBhmMotE?authuser=0&hl=en&g_ep=EgoyMDI2MDgxOS4wIJJjKgBIAVAD&rclk=1,,[],https://lh3.googleusercontent.com/gps-cs-s/AHRPTWmIn_aN2ZWp-0yfR5uNjowQsM9I5qnwqmjtks8EnHR4Xy4mmmYcdbbqN5t9z7Zv2HlDV_KapQzL26nVxsNYvoFjRwB7QiSFAruOGiRwcxPauzuysfRAKxZT76ReUw-4DJUNBr_8=w1920-h1080-k-no,1-200,"[{""day"":""Monday"",""times"":[""11 am-9:30 pm""]},{""day"":""Tuesday"",""times"":[""11 am-9:30 pm""]},{""day"":""Wednesday"",""times"":[""11 am-9:30 pm""]},{""day"":""Thursday"",""times"":[""11 am-9:30 pm""]},{""day"":""Friday"",""times"":[""11 am-9:30 pm""]},{""day"":""Saturday"",""times"":[""11 am-9:30 pm""]},{""day"":""Sunday"",""times"":[""11 am-9:30 pm""]}]"
ChIJy60p5VdN4DsRdSNapeUJhvM,/g/11ts9hhq2x,Mahaveer's Kitchen Adajan,Punjabi restaurant,"[""Punjabi restaurant""]",4.6,331,097374 70777,https://www.mahaveerskitchen.com/,"Dmart Road, near TGB Circle, beside Mac'donals, TGB, Hariom Nagar Society,Adajan Gam, Adajan Gam, Adajan, Surat, Gujarat 395009","{""ward"":""TGB, Hariom Nagar Society,Adajan Gam, Adajan Gam, Adajan"",""street"":""Dmart Road, near TGB Circle, beside Mac'donals"",""city"":""Surat"",""postal_code"":""395009"",""state"":""Gujarat"",""country_code"":""IN""}","{""latitude"":21.1942655,""longitude"":72.7885422}",https://www.google.com/maps/place/Mahaveer's+Kitchen/data=!4m7!3m6!1s0x3be04d57e529adcb:0xf38609e5a55a2375!8m2!3d21.1942655!4d72.7885422!16s%2Fg%2F11ts9hhq2x!19sChIJy60p5VdN4DsRdSNapeUJhvM?authuser=0&rclk=1,"{""link"":""https://mahaveersfood.petpooja.com/menu"",""source"":""mahaveersfood.petpooja.com""}",[],https://lh3.googleusercontent.com/gps-cs-s/AHRPTWn0wRp3bWT3YCyFoIoOxz13DcElTwx-cNRfK4nyKyxUUH7NIUmP9dxsez67Wy92SXrTW0G-5Y2ELpiWveXeNj6xSbus0OstG-pv5AVCsJk2mC8wu-OdAF6NRNUMTTmRxK_rtO6JU0JMv_4e=w1920-h1080-k-no,200-400,"[{""day"":""Monday"",""times"":[""10:30 am-3 pm"",""6-10:30 pm""]},{""day"":""Tuesday"",""times"":[""10:30 am-3 pm"",""6-10:30 pm""]},{""day"":""Wednesday"",""times"":[""10:30 am-3 pm"",""6-10:30 pm""]},{""day"":""Thursday"",""times"":[""10:30 am-3 pm"",""6-10:30 pm""]},{""day"":""Friday"",""times"":[""10:30 am-3 pm"",""6-10:30 pm""]},{""day"":""Saturday"",""times"":[""10:30 am-3 pm"",""6-10:30 pm""]},{""day"":""Sunday"",""times"":[""10:30 am-3 pm"",""6-10:30 pm""]}]"
ChIJgeyqu4pN4DsRc_uyOtBBUDU,/g/11fk1s7rvf,Dilip Dabeli,Fast food restaurant,"[""Fast food restaurant""]",4.1,327,099743 03097,,"17, Radha Krishna Mandir Marg, Umra Gam, Athwa, Surat, Gujarat 395007","{""ward"":""Umra Gam, Athwa"",""street"":""17, Radha Krishna Mandir Marg"",""city"":""Surat"",""postal_code"":""395007"",""state"":""Gujarat"",""country_code"":""IN""}","{""latitude"":21.1752404,""longitude"":72.7916937}",https://www.google.com/maps/place/Dilip+Dabeli/data=!4m7!3m6!1s0x3be04d8abbaaec81:0x355041d03ab2fb73!8m2!3d21.1752404!4d72.7916937!16s%2Fg%2F11fk1s7rvf!19sChIJgeyqu4pN4DsRc_uyOtBBUDU?authuser=0&hl=en&g_ep=EgoyMDI2MDgxOS4wIJJjKgBIAVAD&rclk=1,,[],https://lh3.googleusercontent.com/gps-cs-s/AHRPTWkRrwKl95ftGDEDXnM7PtlNftOSjwgIafdYKTahBGQ6VZbcBwqN8Y2wHoRHMUPqTr6oWwQbhCmCn_0LoXdRQQigqsaypFrx3JOz04pDoKTB8aJUYaZ7YGTj3rtzstNbNW3N0CHvKA=w1920-h1080-k-no,1-200,"[{""day"":""Monday"",""times"":[""5-9 pm""]},{""day"":""Tuesday"",""times"":[""5-9 pm""]},{""day"":""Wednesday"",""times"":[""5-9 pm""]},{""day"":""Thursday"",""times"":[""5-9 pm""]},{""day"":""Friday"",""times"":[""5-9 pm""]},{""day"":""Saturday"",""times"":[""5-9 pm""]},{""day"":""Sunday"",""times"":[""4:14-9:30 pm""]}]"
ChIJ_dasuo1P4DsRPk7HtDcaLk0,/g/11lmm4k073,Chaipartner,Cafe,"[""Cafe"",""Breakfast restaurant"",""Coffee shop"",""Tea house""]",4.8,313,084692 90824,https://www.chaipartner.in/,"Ground Floor, A2 House Tanishq Lane, Ghod Dod Rd, opp. Surya Kiran Apartment, Adarsh Society, Athwa, Surat, Gujarat 395001","{""ward"":""Adarsh Society, Athwa"",""street"":""Ground Floor, A2 House Tanishq Lane, Ghod Dod Rd, opp. Surya Kiran Apartment"",""city"":""Surat"",""postal_code"":""395001"",""state"":""Gujarat"",""country_code"":""IN""}","{""latitude"":21.1762941,""longitude"":72.8082403}",https://www.google.com/maps/place/Chaipartner/data=!4m7!3m6!1s0x3be04f8dbaacd6fd:0x4d2e1a37b4c74e3e!8m2!3d21.1762941!4d72.8082403!16s%2Fg%2F11lmm4k073!19sChIJ_dasuo1P4DsRPk7HtDcaLk0?authuser=0&hl=en&g_ep=EgoyMDI2MDgxOS4wIJJjKgBIAVAD&rclk=1,,"[{""link"":""https://www.zomato.com/surat/chaipartner-aapki-apni-chai-athwa/book?utm_source=rwg"",""source"":""zomato.com""},{""link"":""https://www.district.in/dining/surat/chaipartner-aapki-apni-chai-athwa/book?utm_source=rwg"",""source"":""district.in""}]",https://lh3.googleusercontent.com/gps-cs-s/AHRPTWlITf9xUR2CIDOV7DpFgBrVGaAEUBl1KBrV56SckuwoBSdhgIAcUC2NQrcm7fT347onzrylUqZbqjV5XyQEckQLJG4Gj6viepN0GlbPN7L94QSL0qs2MCt8AMtHQYPXcVPant8B=w1920-h1080-k-no,200-400,"[{""day"":""Monday"",""times"":[""8 am-12 am""]},{""day"":""Tuesday"",""times"":[""8 am-12 am""]},{""day"":""Wednesday"",""times"":[""8 am-12 am""]},{""day"":""Thursday"",""times"":[""8 am-12 am""]},{""day"":""Friday"",""times"":[""8 am-12 am""]},{""day"":""Saturday"",""times"":[""8 am-12 am""]},{""day"":""Sunday"",""times"":[""8 am-12 am""]}]"
ChIJIbQ-tS1N4DsRCH9YYXTeiE8,/g/11lnplk_28,Pizza Poetry,Restaurant,"[""Restaurant""]",4.7,310,063540 45392,,"2-3, Sangini Aspire, Pal RTO, Hazira road, Beside Sanskruti Township Pal, Adajan, Surat, Gujarat 394510","{""ward"":""Adajan Gam, Adajan"",""street"":""2-3, Sangini Aspire, Pal RTO, Hazira road, Beside Sanskruti Township Pal"",""city"":""Surat"",""postal_code"":""394510"",""state"":""Gujarat"",""country_code"":""IN""}","{""latitude"":21.1819579,""longitude"":72.77680099999999}",https://www.google.com/maps/place/Pizza+Poetry/data=!4m7!3m6!1s0x3be04d2db53eb421:0x4f88de7461587f08!8m2!3d21.1819579!4d72.776801!16s%2Fg%2F11lnplk_28!19sChIJIbQ-tS1N4DsRCH9YYXTeiE8?authuser=0&hl=en&g_ep=EgoyMDI2MDgxOS4wIJJjKgBIAVAD&rclk=1,,"[{""link"":""https://www.swiggy.com/restaurants/pizza-poetry-gam-adajan-surat-1126233/dineout?is_retargeting=true&media_source=GoogleReserve&utm_campaign=GoogleMap&utm_source=GoogleReserve"",""source"":""swiggy.com""},{""link"":""https://www.district.in/dining/surat/pizza-poetry-adajan-gam/book?utm_source=rwg"",""source"":""district.in""},{""link"":""https://www.zomato.com/surat/pizza-poetry-adajan-gam/book?utm_source=rwg"",""source"":""zomato.com""},{""link"":""https://www.eazydiner.com/surat/pizza-poetry-hazira-road-surat-712400"",""source"":""eazydiner.com""}]",https://lh3.googleusercontent.com/gps-cs-s/AHRPTWl-ooPAIF-izRxpPfxZ_wfk991CzDurY16QqJymlEkSxeLWmrrX9aHRYqpvtnLkFhsKPMm1AEIhcGQRY1G3vGG7vfRVhcAGJkIJCvf0UvmpaVMnESUxcR0w4_ZKbw_nXO_kRK8_0d6xlkKY=w1920-h1080-k-no,"400-1,000","[{""day"":""Monday"",""times"":[""1-11:30 pm""]},{""day"":""Tuesday"",""times"":[""1-11:30 pm""]},{""day"":""Wednesday"",""times"":[""1-11:30 pm""]},{""day"":""Thursday"",""times"":[""1-11:30 pm""]},{""day"":""Friday"",""times"":[""1-11:30 pm""]},{""day"":""Saturday"",""times"":[""1-11:30 pm""]},{""day"":""Sunday"",""times"":[""1-11:30 pm""]}]"
ChIJXTefUe1N4DsR061ZwZsAi5Q,/g/11y9_42dnq,"Ajay's Cafe Gujarat Gas Circle, Surat",Fast food restaurant,"[""Fast food restaurant""]",4.8,301,097375 40006,https://ajays.co.in/,"Shop No.03,G1, Muktanand Nagar Rd, near Ashirwad Surgical Hospital, Premjinagar Society-1, Muktanand Nagar, Adajan, Surat, Gujarat 395009","{""ward"":""Premjinagar Society-1, Muktanand Nagar, Adajan"",""street"":""Shop No.03,G1, Muktanand Nagar Rd, near Ashirwad Surgical Hospital"",""city"":""Surat"",""postal_code"":""395009"",""state"":""Gujarat"",""country_code"":""IN""}","{""latitude"":21.196037999999998,""longitude"":72.8022502}","https://www.google.com/maps/place/Ajay%E2%80%99s+Caf%C3%A9+Gujarat+Gas+Circle,+Surat/data=!4m7!3m6!1s0x3be04ded519f375d:0x948b009bc159add3!8m2!3d21.196038!4d72.8022502!16s%2Fg%2F11y9_42dnq!19sChIJXTefUe1N4DsR061ZwZsAi5Q?authuser=0&hl=en&rclk=1","{""link"":""https://ajays.co.in/menu/"",""source"":""ajays.co.in""}",[],https://lh3.googleusercontent.com/gps-cs-s/AHRPTWmL0UFHDZSs4NbaI9YEGa_gpLcMcpI9B9HNPBoCmmd_SgNk-krmL_vyVy26yM9b2ferICZdLP7tbwJdPWU7mOjKV05U43mm6tj4pz3jOoVrRLTAg7nwhdf2eV7rxRnczlHZaWb_aruz6CHr=w1920-h1080-k-no,1-200,"[{""day"":""Monday"",""times"":[""10:30 am-12:30 am""]},{""day"":""Tuesday"",""times"":[""10:30 am-12:30 am""]},{""day"":""Wednesday"",""times"":[""10:30 am-12:30 am""]},{""day"":""Thursday"",""times"":[""10:30 am-12:30 am""]},{""day"":""Friday"",""times"":[""10:30 am-12:30 am""]},{""day"":""Saturday"",""times"":[""10:30 am-12:30 am""]},{""day"":""Sunday"",""times"":[""10:30 am-12:30 am""]}]"
ChIJiwX8GEVN4DsRbDMtdZFR6k0,/g/11mm0nc2j9,DVG BENNE DOSA ADAJAN SURAT,South Indian restaurant,"[""South Indian restaurant""]",4,298,092747 12434,https://www.dvgbennedosa.com/,"SHOP NO 2, THE BOULEVARD, Pratham Circle, Green City Rd, Adajan Gam, Adajan, Surat, Gujarat 395009","{""ward"":""Adajan Gam, Adajan"",""street"":""SHOP NO 2, THE BOULEVARD, Pratham Circle, Green City Rd"",""city"":""Surat"",""postal_code"":""395009"",""state"":""Gujarat"",""country_code"":""IN""}","{""latitude"":21.1901816,""longitude"":72.7830695}",https://www.google.com/maps/place/DVG+BENNE+DOSA+ADAJAN+SURAT/data=!4m7!3m6!1s0x3be04d4518fc058b:0x4dea5191752d336c!8m2!3d21.1902023!4d72.7827099!16s%2Fg%2F11mm0nc2j9!19sChIJiwX8GEVN4DsRbDMtdZFR6k0?authuser=0&rclk=1&hl=en,,"[{""link"":""https://www.swiggy.com/restaurants/dvg-benne-dosa-adajan-surat-1300642/dineout?is_retargeting=true&media_source=GoogleReserve&utm_campaign=GoogleMap&utm_source=GoogleReserve"",""source"":""swiggy.com""},{""link"":""https://www.district.in/dining/surat/dvg-benne-dosa-adajan-gam/book?utm_source=rwg"",""source"":""district.in""},{""link"":""https://www.zomato.com/surat/dvg-benne-dosa-adajan-gam/book?utm_source=rwg"",""source"":""zomato.com""},{""link"":""https://www.eazydiner.com/surat/dvg-benne-dosa-adajan-surat-711434"",""source"":""eazydiner.com""}]",https://lh3.googleusercontent.com/gps-cs-s/AHRPTWn19Gyo72gGLkuYCuQlRYXhFwnrYkEFyiEyk2HJgdeKSYlsuBSUxgdS8KLA6oe7IyytcfXE4tck-0UL05Pbvb3WHrk79f53SNEm-1XVq5prWh9tzwC0KRrBEz2wcifGkwVxiaASKOBil2iB=w1920-h1080-k-no,200-400,"[{""day"":""Monday"",""times"":[""8 am-11 pm""]},{""day"":""Tuesday"",""times"":[""8 am-11 pm""]},{""day"":""Wednesday"",""times"":[""8 am-11 pm""]},{""day"":""Thursday"",""times"":[""8 am-11 pm""]},{""day"":""Friday"",""times"":[""8 am-11 pm""]},{""day"":""Saturday"",""times"":[""8 am-11 pm""]},{""day"":""Sunday"",""times"":[""8 am-11 pm""]}]"
ChIJy_UDm6FN4DsRKNg6rlyM6Dw,/g/11m8989dj0,Mahakali Dal Bati surat,Restaurant,"[""Restaurant""]",4.1,274,096246 40997,,"G-29, Raj Victoria, New Pal Lake Rd, nr. Saurabh police chowki, Adajan Gam, Surat, Gujarat 395010","{""ward"":""Adajan Gam"",""street"":""G-29, Raj Victoria, New Pal Lake Rd, nr. Saurabh police chowki"",""city"":""Surat"",""postal_code"":""395010"",""state"":""Gujarat"",""country_code"":""IN""}","{""latitude"":21.1928603,""longitude"":72.78031899999999}",https://www.google.com/maps/place/Mahakali+Dal+Bati+surat/data=!4m7!3m6!1s0x3be04da19b03f5cb:0x3ce88c5cae3ad828!8m2!3d21.1928603!4d72.780319!16s%2Fg%2F11m8989dj0!19sChIJy_UDm6FN4DsRKNg6rlyM6Dw?authuser=0&hl=en&g_ep=EgoyMDI2MDgxOS4wIJJjKgBIAVAD&rclk=1,,[],https://lh3.googleusercontent.com/gps-cs-s/AHRPTWkx2NqMem3LoR-c_lkCNZLuMoh5oqNYx8wQqWB1Jf2rvBjM26b48P48G1bhyHQPPEFLA_Z0dAqzyy_vyK16qlZCnPEYI7l9_JF4yD5e2UyAiauv__ZT1gCa6w-xe--DxO9oAFcnHA=w1920-h1080-k-no,1-200,"[{""day"":""Monday"",""times"":[""11:30 am-2:30 pm"",""7-10 pm""]},{""day"":""Tuesday"",""times"":[""11:30 am-2:30 pm"",""7-10 pm""]},{""day"":""Wednesday"",""times"":[""11:30 am-2:30 pm"",""7-10 pm""]},{""day"":""Thursday"",""times"":[""11:30 am-2:30 pm"",""7-10 pm""]},{""day"":""Friday"",""times"":[""11:30 am-2:30 pm"",""7-10 pm""]},{""day"":""Saturday"",""times"":[""11:30 am-2:30 pm"",""7-10 pm""]},{""day"":""Sunday"",""times"":[""11:30 am-2:30 pm"",""7-10 pm""]}]"
ChIJzekel0dN4DsRTJ3Gl84saN4,/g/11fm4vzplj,Shree Sainath Malhar Dhosa,Restaurant,"[""Restaurant""]",4.2,269,090890 90905,,"G 32, Raj Victoria, New Pal Rd, near Pal Gam Road, Adajan Gam, Adajan, Surat, Gujarat 394510","{""ward"":""Adajan Gam, Adajan"",""street"":""G 32, Raj Victoria, New Pal Rd, near Pal Gam Road"",""city"":""Surat"",""postal_code"":""394510"",""state"":""Gujarat"",""country_code"":""IN""}","{""latitude"":21.1931461,""longitude"":72.78046789999999}",https://www.google.com/maps/place/Shree+Sainath+Malhar+Dhosa/data=!4m7!3m6!1s0x3be04d47971ee9cd:0xde682cce97c69d4c!8m2!3d21.1931461!4d72.7804679!16s%2Fg%2F11fm4vzplj!19sChIJzekel0dN4DsRTJ3Gl84saN4?authuser=0&hl=en&g_ep=EgoyMDI2MDgxOS4wIJJjKgBIAVAD&rclk=1,,[],https://lh3.googleusercontent.com/gps-cs-s/AHRPTWmW_o-W5AjoIWBNSe6FFF3JhoQN7QcnuNlMjCkWodhX3B-wHO-fCVLWKkHNYTSdcdsk99jkyTa1f3hRNOmXuqj9tRtm2kADUhFpJ_2iK3U1Gacf3-ih5mWXYy4z0z4P5OOjcyk4me5C1rmN=w1920-h1080-k-no,,"[{""day"":""Monday"",""times"":[""11:30 am-10:45 pm""]},{""day"":""Tuesday"",""times"":[""11:30 am-10:45 pm""]},{""day"":""Wednesday"",""times"":[""11:30 am-10:45 pm""]},{""day"":""Thursday"",""times"":[""11:30 am-10:45 pm""]},{""day"":""Friday"",""times"":[""11:30 am-10:45 pm""]},{""day"":""Saturday"",""times"":[""11:30 am-10:45 pm""]},{""day"":""Sunday"",""times"":[""11:30 am-11 pm""]}]"
ChIJrU6-5YJN4DsRrQoU7KdabIg,/g/11jzbvbf7y,4M's Kitchen,Gujarati restaurant,"[""Gujarati restaurant"",""Takeout restaurant""]",4.8,267,091060 40471,https://www.4mkitchen.com/,"G-26, Muktanand Nagar, Gujarat Gas Cir, beside Kailash Sweets, Adajan, Surat, Gujarat 395009","{""ward"":""Muktanand Nagar, Adajan"",""street"":""G-26, Muktanand Nagar, Gujarat Gas Cir, beside Kailash Sweets"",""city"":""Surat"",""postal_code"":""395009"",""state"":""Gujarat"",""country_code"":""IN""}","{""latitude"":21.195309299999998,""longitude"":72.80189229999999}",https://www.google.com/maps/place/4M's+Kitchen/data=!4m7!3m6!1s0x3be04d82e5be4ead:0x886c5aa7ec140aad!8m2!3d21.1953093!4d72.8018923!16s%2Fg%2F11jzbvbf7y!19sChIJrU6-5YJN4DsRrQoU7KdabIg?authuser=0&rclk=1&hl=en,"{""link"":""https://www.4mkitchen.com/4m-menu/"",""source"":""4mkitchen.com""}","[{""link"":""https://www.swiggy.com/restaurants/4m-kitchen-muktanand-nagar-athwa-surat-645120/dineout?is_retargeting=true&media_source=GoogleReserve&utm_campaign=GoogleMap&utm_source=GoogleReserve"",""source"":""swiggy.com""},{""link"":""https://www.zomato.com/surat/4m-kitchen-by-jalaram-khichdi-adajan-patiya/book?utm_source=rwg"",""source"":""zomato.com""},{""link"":""https://www.district.in/dining/surat/4m-kitchen-by-jalaram-khichdi-adajan-patiya/book?utm_source=rwg"",""source"":""district.in""}]",https://lh3.googleusercontent.com/gps-cs-s/AHRPTWn7N_5BF9vf951NNS_2hx4WcOzvkCO42TgCxZ3mi2TU1SYydm1Y2VwT-Tnp_xjQ3Oe5_24l1UVH4ELDCyab7itSUBxKHN2RbOfr1fesKhgSrNrbNkyHHxQnHUrXqNpnuEK0UtTqWQ=w1920-h1080-k-no,200-400,"[{""day"":""Monday"",""times"":[""11 am-11 pm""]},{""day"":""Tuesday"",""times"":[""11 am-11 pm""]},{""day"":""Wednesday"",""times"":[""11 am-11 pm""]},{""day"":""Thursday"",""times"":[""11 am-11 pm""]},{""day"":""Friday"",""times"":[""11 am-11 pm""]},{""day"":""Saturday"",""times"":[""11 am-11 pm""]},{""day"":""Sunday"",""times"":[""11 am-11 pm""]}]"
ChIJfUs3JmdN4DsR1mE67CMhfTM,/g/11pb9l6mmw,Shri Mahavir Jain Bhojanshala,Indian restaurant,"[""Indian restaurant""]",4.6,257,083209 34426,,"SHOP NO 2 GROUND FLOOR, VATIKA VALLEY, Pal Rd, nr. PRATHAM CIRCLE, beside CANARA BANK, Adajan Gam, Adajan, Surat, Gujarat 394510","{""ward"":""Adajan Gam, Adajan"",""street"":""SHOP NO 2 GROUND FLOOR, VATIKA VALLEY, Pal Rd, nr. PRATHAM CIRCLE, beside CANARA BANK"",""city"":""Surat"",""postal_code"":""394510"",""state"":""Gujarat"",""country_code"":""IN""}","{""latitude"":21.1904677,""longitude"":72.78119459999999}",https://www.google.com/maps/place/Shri+Mahavir+Jain+Bhojanshala/data=!4m7!3m6!1s0x3be04d6726374b7d:0x337d2123ec3a61d6!8m2!3d21.1904677!4d72.7811946!16s%2Fg%2F11pb9l6mmw!19sChIJfUs3JmdN4DsR1mE67CMhfTM?authuser=0&hl=en&g_ep=EgoyMDI2MDgxOS4wIJJjKgBIAVAD&rclk=1,,[],https://lh3.googleusercontent.com/gps-cs-s/AHRPTWm_QurtjtI7dexQ0IXOrIo7SXB6SOZ5V6Q13cW2KfkvYXStrjV9plPaytmf-M6HBxNmbzeVCY_0yZpPI8Yc8xjDrwY4lqkFSNI6Q36Bn_rQIwENsvVvw7iRYvdczonvzR5wqz4mCR3MPWHh=w1920-h1080-k-no,1-200,"[{""day"":""Monday"",""times"":[""10 am-6:30 pm""]},{""day"":""Tuesday"",""times"":[""10 am-6:30 pm""]},{""day"":""Wednesday"",""times"":[""10 am-6:30 pm""]},{""day"":""Thursday"",""times"":[""10 am-6:30 pm""]},{""day"":""Friday"",""times"":[""10 am-6:30 pm""]},{""day"":""Saturday"",""times"":[""10 am-6:30 pm""]},{""day"":""Sunday"",""times"":[""10 am-6:30 pm""]}]"
ChIJN5WvyINP4DsR8CWQ5HrKoyg,/g/11y2pty3dw,Mehfil Restro,Restaurant,"[""Restaurant"",""Arab restaurant"",""Asian restaurant"",""Diner"",""Lunch restaurant""]",4.3,249,085850 09093,https://www.instagram.com/mehfil_restro_surat?igsh=ejVpc3MzbXo5djQ=,"1 St floor, Blossom Avenue, bus port, near Adajan, Adajan Patiya, Surat, Gujarat 395009","{""ward"":""Adajan Patiya"",""street"":""1 St floor, Blossom Avenue, bus port, near Adajan"",""city"":""Surat"",""postal_code"":""395009"",""state"":""Gujarat"",""country_code"":""IN""}","{""latitude"":21.1988506,""longitude"":72.807993}",https://www.google.com/maps/place/Mehfil+Restro/data=!4m7!3m6!1s0x3be04f83c8af9537:0x28a3ca7ae49025f0!8m2!3d21.1988506!4d72.807993!16s%2Fg%2F11y2pty3dw!19sChIJN5WvyINP4DsR8CWQ5HrKoyg?authuser=0&hl=en&g_ep=EgoyMDI2MDgxOS4wIJJjKgBIAVAD&rclk=1,"{""link"":""https://drive.google.com/file/d/1ogt984dbQQFB6bcP4JsnTsm7nrKMy7MM/view?usp=drivesdk"",""source"":""drive.google.com""}",[],https://lh3.googleusercontent.com/gps-cs-s/AHRPTWkdcEEgt-dhOnsiyTtFFf75fmgVX_N8NxIOm6cwzx_Z_tNP9XdnDiVU13R7829y4f6AcvXEUnjd8wrxKwybhW2Fsg9MgMU4VT-A8A4miDucZfSSQIcLOyhaZJOgJ3bR5-LFdC8=w1920-h1080-k-no,200-600,"[{""day"":""Monday"",""times"":[""12-4 pm"",""6 pm-12 am""]},{""day"":""Tuesday"",""times"":[""12-4 pm"",""6 pm-12 am""]},{""day"":""Wednesday"",""times"":[""12-4 pm"",""6 pm-12 am""]},{""day"":""Thursday"",""times"":[""12-4 pm"",""6 pm-12 am""]},{""day"":""Friday"",""times"":[""12-4 pm"",""6 pm-12 am""]},{""day"":""Saturday"",""times"":[""12-4 pm"",""6 pm-12 am""]},{""day"":""Sunday"",""times"":[""12-4 pm"",""6 pm-12 am""]}]"
ChIJJSIUAHtO4DsRdSNRDIqhFoI,/g/11g9g3l7n4,Surati Petis,Breakfast restaurant,"[""Breakfast restaurant""]",4.4,246,072838 46595,http://www.surtipetis.com/,"1/827, Athugar St, Nanpura, Surat, Gujarat 395001","{""ward"":""Nanpura"",""street"":""1/827, Athugar St"",""city"":""Surat"",""postal_code"":""395001"",""state"":""Gujarat"",""country_code"":""IN""}","{""latitude"":21.1896842,""longitude"":72.8133015}",https://www.google.com/maps/place/Surati+Petis/data=!4m7!3m6!1s0x3be04e7b00142225:0x8216a18a0c512375!8m2!3d21.1896842!4d72.8133015!16s%2Fg%2F11g9g3l7n4!19sChIJJSIUAHtO4DsRdSNRDIqhFoI?authuser=0&hl=en&g_ep=EgoyMDI2MDgxOS4wIJJjKgBIAVAD&rclk=1,,[],https://lh3.googleusercontent.com/gps-cs-s/AHRPTWnpgkH17xGuh3QF6i0M-xcm1FgzvHUoRAWBuAsvB9KkLMp-KNWNNuXB7bNFAh6VBWRlUEsXYTWRNA3I-HDDu8cvjg2tD7UZkBLUFrzgvnMLxjqXd5aCfVuejj9naaMgtMQrWg0eI37t3MQ=w1920-h1080-k-no,1-200,"[{""day"":""Monday"",""times"":[""7 am-8 pm""]},{""day"":""Tuesday"",""times"":[""7 am-8 pm""]},{""day"":""Wednesday"",""times"":[""7 am-8 pm""]},{""day"":""Thursday"",""times"":[""7 am-8 pm""]},{""day"":""Friday"",""times"":[""7 am-8 pm""]},{""day"":""Saturday"",""times"":[""7 am-8 pm""]},{""day"":""Sunday"",""times"":[""7 am-1 pm""]}]"
ChIJ_VBn2tRN4DsRz8kAscTlCwQ,/g/11t7ct7y2c,Sai Ratnaa,South Indian restaurant,"[""South Indian restaurant"",""Chinese restaurant"",""Fast food restaurant"",""Restaurant""]",4.3,242,0261 461 6797,,"Green Palladia Shop 1&2 Near Raj World, Palanpur Canal Rd, Palanpur, Surat, Gujarat 395009","{""ward"":""Palanpur"",""street"":""Green Palladia Shop 1&2 Near Raj World, Palanpur Canal Rd"",""city"":""Surat"",""postal_code"":""395009"",""state"":""Gujarat"",""country_code"":""IN""}","{""latitude"":21.2105523,""longitude"":72.7731907}",https://www.google.com/maps/place/Sai+Ratnaa/data=!4m7!3m6!1s0x3be04dd4da6750fd:0x40be5c4b100c9cf!8m2!3d21.2105523!4d72.7731907!16s%2Fg%2F11t7ct7y2c!19sChIJ_VBn2tRN4DsRz8kAscTlCwQ?authuser=0&rclk=1&hl=en,,[],https://lh3.googleusercontent.com/gps-cs-s/AHRPTWm5oBx8agbG7JWmFYK4xc7K89YH7TFlMR9pjkIal2HtRbIr7HHlr4sLE7fAk8y5L11lrEP4KucfCqNrDJsKrpr9BCS8nK8EIIaNC42CpmI3aX6XdhZIZ2ftf1jHo5OfwuNHIa5XpQ=w1920-h1080-k-no,1-200,"[{""day"":""Monday"",""times"":[""8:30 am-11 pm""]},{""day"":""Tuesday"",""times"":[""8:30 am-11 pm""]},{""day"":""Wednesday"",""times"":[""8:30 am-11 pm""]},{""day"":""Thursday"",""times"":[""8:30 am-11 pm""]},{""day"":""Friday"",""times"":[""8:30 am-11 pm""]},{""day"":""Saturday"",""times"":[""8:30 am-11 pm""]},{""day"":""Sunday"",""times"":[""8:30 am-11 pm""]}]"
ChIJtzR9tGdN4DsRXcURVZawlt8,/g/11v6k9s18q,MITHIBA BY MADHURAM DAIRY AND SWEET (PALANPUR),Dairy store,"[""Dairy store"",""Indian sweets shop""]",4.6,241,099092 80292,https://mithiba.com/,"Infinity Business Hub, G-5, Palanpor Gam Rd, Palanpur, Surat, Gujarat 395009","{""ward"":""Palanpur"",""street"":""Infinity Business Hub, G-5, Palanpor Gam Rd"",""city"":""Surat"",""postal_code"":""395009"",""state"":""Gujarat"",""country_code"":""IN""}","{""latitude"":21.2063307,""longitude"":72.7736026}",https://www.google.com/maps/place/MITHIBA+BY+MADHURAM+DAIRY+AND+SWEET+(PALANPUR)/data=!4m7!3m6!1s0x3be04d67b47d34b7:0xdf96b0965511c55d!8m2!3d21.2063307!4d72.7736026!16s%2Fg%2F11v6k9s18q!19sChIJtzR9tGdN4DsRXcURVZawlt8?authuser=0&hl=en&g_ep=EgoyMDI2MDgxOS4wIJJjKgBIAVAD&rclk=1,,[],https://lh3.googleusercontent.com/gps-cs-s/AHRPTWmWYRzFz_QwdPBWylBu9u66Fr-Shf3hka7_CPi5QVsPrSnabjK8HiP5vzqothjrqjMiPrFalbZ7-26Ne4LXLMMCrZL977uFKpESh4iQtxfbP_RzewtLIHW2CdzoibYYVPXHRyPjZg=w1920-h1080-k-no,,"[{""day"":""Monday"",""times"":[""9 am-9 pm""]},{""day"":""Tuesday"",""times"":[""9 am-9 pm""]},{""day"":""Wednesday"",""times"":[""9 am-9 pm""]},{""day"":""Thursday"",""times"":[""9 am-9 pm""]},{""day"":""Friday"",""times"":[""9 am-9 pm""]},{""day"":""Saturday"",""times"":[""9 am-9 pm""]},{""day"":""Sunday"",""times"":[""9 am-8:30 pm""]}]"
ChIJ19jjCwBN4DsRLxn-i3gAMW4,/g/11yn_qrqnk,Moti Mahal Tandoori Trail Surat,Family restaurant,"[""Family restaurant""]",4.2,239,094093 00101,https://motimahal.in/,"Shop No.1, Ground Floor, Western Heights, near Pal Lake Garden, Adajan Gam, Adajan, Surat, Gujarat 394510","{""ward"":""Adajan Gam, Adajan"",""street"":""Shop No.1, Ground Floor, Western Heights, near Pal Lake Garden"",""city"":""Surat"",""postal_code"":""394510"",""state"":""Gujarat"",""country_code"":""IN""}","{""latitude"":21.1981157,""longitude"":72.7791744}",https://www.google.com/maps/place/Moti+Mahal+Tandoori+Trail+Surat/data=!4m7!3m6!1s0x3be04d000be3d8d7:0x6e3100788bfe192f!8m2!3d21.1981157!4d72.7791744!16s%2Fg%2F11yn_qrqnk!19sChIJ19jjCwBN4DsRLxn-i3gAMW4?authuser=0&rclk=1&hl=en,"{""link"":""https://www.zomato.com/surat/moti-mahal-tandoori-trail-pal-gam/order"",""source"":""zomato.com""}","[{""link"":""https://www.swiggy.com/restaurants/moti-mahal-tandoori-trail-surat-adajan-gam-koramangala-surat-1299768/dineout?is_retargeting=true&media_source=GoogleReserve&utm_campaign=GoogleMap&utm_source=GoogleReserve"",""source"":""swiggy.com""},{""link"":""https://www.eazydiner.com/surat/moti-mahal-tandoori-trail-adajan-surat-710285"",""source"":""eazydiner.com""}]",https://lh3.googleusercontent.com/gps-cs-s/AHRPTWmJqk30uOoCaYwkJ4P5UtN2motrwtKyzgNgt3V6QVG9JMWK722Pejzaa9vezTofGb0VQpb44zvynakka4lXGgPE25LE-PTaI5PsrC4V6MGt9HqPx2u1AzU_uE1vIhOvNrC62_i5sZILrKXx=w1920-h1080-k-no,400-600,"[{""day"":""Monday"",""times"":[""11 am-11:30 pm""]},{""day"":""Tuesday"",""times"":[""11 am-11:30 pm""]},{""day"":""Wednesday"",""times"":[""11 am-11:30 pm""]},{""day"":""Thursday"",""times"":[""11 am-11:30 pm""]},{""day"":""Friday"",""times"":[""11 am-11:30 pm""]},{""day"":""Saturday"",""times"":[""11 am-11:30 pm""]},{""day"":""Sunday"",""times"":[""11 am-11:30 pm""]}]"
ChIJbZLaVGpN4DsR8ekGJ7sT-8w,/g/11f6cqfpjk,Gajanand Fast Food,Fast food restaurant,"[""Fast food restaurant""]",4.5,234,082385 08050,http://gajanand.com/,"Palanpur Canal Rd, Palanpur Jakatnaka, Surat, Gujarat 395009","{""ward"":""Palanpur Jakatnaka"",""street"":""Palanpur Canal Rd"",""city"":""Surat"",""postal_code"":""395009"",""state"":""Gujarat"",""country_code"":""IN""}","{""latitude"":21.2084269,""longitude"":72.7760127}",https://www.google.com/maps/place/Gajanand+Fast+Food/data=!4m7!3m6!1s0x3be04d6a54da926d:0xccfb13bb2706e9f1!8m2!3d21.2084269!4d72.7760127!16s%2Fg%2F11f6cqfpjk!19sChIJbZLaVGpN4DsR8ekGJ7sT-8w?authuser=0&rclk=1&hl=en,,[],https://lh3.googleusercontent.com/gps-cs-s/AHRPTWmAaq0s8Zk2EDJFMLyja3yp9CBUE-SNTArwEU7e9VqBcH0sGYwRUl2e6s9dKnewturfcOgraFbHNn2USI22DwRdjE6DPh5ZTMEFqwJ0xTlq04dmU0pmvfzAwD3HhyYLGDIZDPDbDg4De5t8=w1920-h1080-k-no,200-400,"[{""day"":""Monday"",""times"":[""12-11 pm""]},{""day"":""Tuesday"",""times"":[""12-11 pm""]},{""day"":""Wednesday"",""times"":[""12-11 pm""]},{""day"":""Thursday"",""times"":[""12-11 pm""]},{""day"":""Friday"",""times"":[""12-11 pm""]},{""day"":""Saturday"",""times"":[""12-11 pm""]},{""day"":""Sunday"",""times"":[""12-11 pm""]}]"
ChIJ17NdRiFM4DsRqURZNBFQurw,/g/11bwc0m2_m,Sajid Nepali Chinese Food,Chinese restaurant,"[""Chinese restaurant"",""Nepalese restaurant""]",4.2,233,078178 55644,,"opp. Sana Corner, Sultaniya, Rander, Surat, Gujarat 395005","{""ward"":""Sultaniya, Rander"",""street"":""opp. Sana Corner"",""city"":""Surat"",""postal_code"":""395005"",""state"":""Gujarat"",""country_code"":""IN""}","{""latitude"":21.2149802,""longitude"":72.7999143}",https://www.google.com/maps/place/Sajid+Nepali+Chinese+Food/data=!4m7!3m6!1s0x3be04c21465db3d7:0xbcba5011345944a9!8m2!3d21.2149802!4d72.7999143!16s%2Fg%2F11bwc0m2_m!19sChIJ17NdRiFM4DsRqURZNBFQurw?authuser=0&hl=en&g_ep=EgoyMDI2MDgxOS4wIJJjKgBIAVAD&rclk=1,,[],https://lh3.googleusercontent.com/gps-cs-s/AHRPTWn82YI7K_qR81kii1Vkh_eOclem4RriOnMNfVSOERjZJZajCWxMjOoVxXCujA--5v6FHWACt-MvndtFfaEBISPE91ykNXHyUUOrHWPuXcOjEelsXgR7-eeXCsjAi_TS06KVWXQMUw=w1920-h1080-k-no,200-400,"[{""day"":""Monday"",""times"":[""5:30-11:30 pm""]},{""day"":""Tuesday"",""times"":[""5:30-11:30 pm""]},{""day"":""Wednesday"",""times"":[""5:30-11:30 pm""]},{""day"":""Thursday"",""times"":[""5:30-11:30 pm""]},{""day"":""Friday"",""times"":[""5:30-11:30 pm""]},{""day"":""Saturday"",""times"":[""5:30-11:30 pm""]},{""day"":""Sunday"",""times"":[""5:30-11:30 pm""]}]"
ChIJTchNzs9N4DsRkdvFPLkf5D8,/g/11cly_0pdl,SMOKEYS Coal Fired Pizza,Pizza restaurant,"[""Pizza restaurant""]",4.3,232,072111 77992,,"Star bazzar, Behind foot over bridge, Adajan Rd, Between Rajhans, Pal Gam, Surat, Gujarat 394510","{""ward"":""Between Rajhans, Adajan Gam, Pal Gam"",""street"":""Star bazzar, Behind foot over bridge, Adajan Rd"",""city"":""Surat"",""postal_code"":""394510"",""state"":""Gujarat"",""country_code"":""IN""}","{""latitude"":21.183942599999998,""longitude"":72.78840939999999}",https://www.google.com/maps/place/SMOKEYS+Coal+Fired+Pizza/data=!4m7!3m6!1s0x3be04dcfce4dc84d:0x3fe41fb93cc5db91!8m2!3d21.1839426!4d72.7884094!16s%2Fg%2F11cly_0pdl!19sChIJTchNzs9N4DsRkdvFPLkf5D8?authuser=0&hl=en&g_ep=EgoyMDI2MDgxOS4wIJJjKgBIAVAD&rclk=1,,[],https://lh3.googleusercontent.com/gps-cs-s/AHRPTWnynLpZU7PanDKHuxCGVtaGHWAVryNuQYIFKuGFLtglDXzaQUcQIeh2uoBSjz3QD_-SdWkRNChSyfzMT1jyX0nlnCIYSGR3mijBb3LHsQtJ0r8GjJHVE_ue_WVHGKMSsTLjiJUP6Q=w1920-h1080-k-no,400-600,"[{""day"":""Monday"",""times"":[""6-11 pm""]},{""day"":""Tuesday"",""times"":[""6-11 pm""]},{""day"":""Wednesday"",""times"":[""6-11 pm""]},{""day"":""Thursday"",""times"":[""6-11 pm""]},{""day"":""Friday"",""times"":[""6-11 pm""]},{""day"":""Saturday"",""times"":[""6-11 pm""]},{""day"":""Sunday"",""times"":[""6-11 pm""]}]"
ChIJq8mNmHVN4DsRj2P_K7MtIAY,/g/11sdvgrv56,The Good Stuff | Adajan,Cafe,"[""Cafe""]",4.5,231,098246 80081,http://www.thegoodstuff.cafe/,"Shop no G-18, The Boulevard, Near Pratham Circle, Green City Road Pal, Adajan, Surat, Gujarat 394510","{""ward"":""Adajan Gam, Adajan"",""street"":""Shop no G-18, The Boulevard, Near Pratham Circle, Green City Road Pal"",""city"":""Surat"",""postal_code"":""394510"",""state"":""Gujarat"",""country_code"":""IN""}","{""latitude"":21.1892914,""longitude"":72.7828225}",https://www.google.com/maps/place/The+Good+Stuff+%7C+Adajan/data=!4m7!3m6!1s0x3be04d75988dc9ab:0x6202db32bff638f!8m2!3d21.1892914!4d72.7828225!16s%2Fg%2F11sdvgrv56!19sChIJq8mNmHVN4DsRj2P_K7MtIAY?authuser=0&hl=en&g_ep=EgoyMDI2MDgxOS4wIJJjKgBIAVAD&rclk=1,,"[{""link"":""https://www.swiggy.com/restaurants/the-good-stuff-gujarat-koramangala-surat-1397958/dineout?is_retargeting=true&media_source=GoogleReserve&utm_campaign=GoogleMap&utm_source=GoogleReserve"",""source"":""swiggy.com""},{""link"":""https://www.eazydiner.com/surat/the-good-stuff-adajan-surat-708543"",""source"":""eazydiner.com""}]",https://lh3.googleusercontent.com/gps-cs-s/AHRPTWmHnAPZ-xhXxX_9B9i-WxTuIvHw5s558Uj_PIiItgpn-oIC2QDVOnWwghE3NyeEQsWcti6bxWWOnro5uK8_1zEJ4x41R8lC4TfpzfhF7oJKVF1ZxUvYEG7fqDm90Er-hQs63jrw=w1920-h1080-k-no,200-400,"[{""day"":""Monday"",""times"":[""11 am-12 am""]},{""day"":""Tuesday"",""times"":[""11 am-12 am""]},{""day"":""Wednesday"",""times"":[""11 am-12 am""]},{""day"":""Thursday"",""times"":[""11 am-12 am""]},{""day"":""Friday"",""times"":[""11 am-12 am""]},{""day"":""Saturday"",""times"":[""11 am-12 am""]},{""day"":""Sunday"",""times"":[""11 am-12 am""]}]"
ChIJc-mMQWhN4DsR4vIBOimss9g,/g/11gy3p90_9,Jalaram Khaman House,Fast food restaurant,"[""Fast food restaurant""]",4.2,230,,,"Ambikani ketan road nr ambaji gate Ashvmegh complex, Ambika Niketan, Athwa, Surat, Gujarat 395007","{""ward"":""Ambika Niketan, Athwa"",""street"":""Ambikani ketan road nr ambaji gate Ashvmegh complex"",""city"":""Surat"",""postal_code"":""395007"",""state"":""Gujarat"",""country_code"":""IN""}","{""latitude"":21.1755712,""longitude"":72.79442139999999}",https://www.google.com/maps/place/Jalaram+Khaman+House/data=!4m7!3m6!1s0x3be04d68418ce973:0xd8b3ac293a01f2e2!8m2!3d21.1755712!4d72.7944214!16s%2Fg%2F11gy3p90_9!19sChIJc-mMQWhN4DsR4vIBOimss9g?authuser=0&hl=en&g_ep=EgoyMDI2MDgxOS4wIJJjKgBIAVAD&rclk=1,,[],https://lh3.googleusercontent.com/gps-cs-s/AHRPTWnL0XOxW2CxSb9WOBT_-DHoIMHjoDLYQw-1ItMUBO6nHkR_9xkXpDJEqCqwPKikOQhNGAThzbpcJnQdLhUb-i65D0NvAeP9tB50RaV4Uq8TJHNwz7KyvJu0xoV3ROKsTBz8thtb=w1920-h1080-k-no,1-200,"[{""day"":""Monday"",""times"":[""6 am-8 pm""]},{""day"":""Tuesday"",""times"":[""6 am-8 pm""]},{""day"":""Wednesday"",""times"":[""6 am-8 pm""]},{""day"":""Thursday"",""times"":[""6 am-8 pm""]},{""day"":""Friday"",""times"":[""6 am-8 pm""]},{""day"":""Saturday"",""times"":[""6 am-8 pm""]},{""day"":""Sunday"",""times"":[""6 am-8 pm""]}]"
ChIJg-JOR-9N4DsRks3HV7ruu6Q,/g/11j7chfl8_,Grenee,Cafe,"[""Cafe""]",4,221,099047 72111,,"Shop No-12, Sant Vasuram Shopping Center, Opposite Old Water Tank, Near Balaji Tyre, Adajan Road, Road, Adajan, Surat, Gujarat 395009","{""ward"":""Maitry Society, Ankur Society, Muktanand Nagar, Adajan"",""street"":""Shop No-12, Sant Vasuram Shopping Center, Opposite Old Water Tank, Near Balaji Tyre, Adajan Road, Road"",""city"":""Surat"",""postal_code"":""395009"",""state"":""Gujarat"",""country_code"":""IN""}","{""latitude"":21.193286099999998,""longitude"":72.8003374}",https://www.google.com/maps/place/Grenee/data=!4m7!3m6!1s0x3be04def474ee283:0xa4bbeeba57c7cd92!8m2!3d21.1932861!4d72.8003374!16s%2Fg%2F11j7chfl8_!19sChIJg-JOR-9N4DsRks3HV7ruu6Q?authuser=0&hl=en&g_ep=EgoyMDI2MDgxOS4wIJJjKgBIAVAD&rclk=1,,[],https://lh3.googleusercontent.com/gps-cs-s/AHRPTWlXvucWeAExyTA5iLO85WRZCsyCU9dXWhJ2nCX-znnxEtCw27ynEbf_ZxS1gt6f6o1sPfq1nCG-YaPAEyB4AIIcUtvCANkbpcs3ryX1b8qc0WCW8G4nQvKeNzo9L2g_o5aE3I3a=w1920-h1080-k-no,1-200,"[{""day"":""Monday"",""times"":[""12 pm-1 am""]},{""day"":""Tuesday"",""times"":[""12 pm-1 am""]},{""day"":""Wednesday"",""times"":[""12 pm-1 am""]},{""day"":""Thursday"",""times"":[""12 pm-1 am""]},{""day"":""Friday"",""times"":[""12 pm-1 am""]},{""day"":""Saturday"",""times"":[""12 pm-1 am""]},{""day"":""Sunday"",""times"":[""12 pm-1 am""]}]"
ChIJzwT9Zq5N4DsRDt4Tri4_vx0,/g/11j0bj8rxs,Raju Fancy Dosa,Restaurant,"[""Restaurant""]",4.1,220,,,"Bhoomi Complex, Bhoomi complex, Opp ayodhya nagri, near surbhi dairy Adajan, Surat, Adajan, Vir Bhagat Singh Marg, Kedarnath Society, Mahadev Nagar, Palanpur Patia, Surat, Gujarat 395009","{""ward"":""Kedarnath Society, Mahadev Nagar, Palanpur Patia"",""street"":""Bhoomi Complex, Bhoomi complex, Opp ayodhya nagri, near surbhi dairy Adajan, Surat, Adajan, Vir Bhagat Singh Marg"",""city"":""Surat"",""postal_code"":""395009"",""state"":""Gujarat"",""country_code"":""IN""}","{""latitude"":21.207118299999998,""longitude"":72.7890862}",https://www.google.com/maps/place/Raju+Fancy+Dosa/data=!4m7!3m6!1s0x3be04dae66fd04cf:0x1dbf3f2eae13de0e!8m2!3d21.2071183!4d72.7890862!16s%2Fg%2F11j0bj8rxs!19sChIJzwT9Zq5N4DsRDt4Tri4_vx0?authuser=0&hl=en&g_ep=EgoyMDI2MDgxOS4wIJJjKgBIAVAD&rclk=1,,[],https://lh3.googleusercontent.com/gps-cs-s/AHRPTWmYUdr5tdci1zxRyb3nrfxGDVhrLq3Od7AD8ktx-_MhPom7G0T247SLEu0xaPiYj8DgnvvxCGyzV7n5i8koFgK38F3d3Vl_4Z64UEK_POw8WWJFHYQe_nvJKt89etKQax7TqB4y=w1920-h1080-k-no,1-200,[]
ChIJK6OuNIlN4DsR-1lcyyWhPtc,/g/11snp9_9mw,Spice Terrace Restaurant,Fine dining restaurant,"[""Fine dining restaurant""]",4.7,220,0261 711 7000,,"Marriott Hotel, Surat Marriot Rd, Umra Gam, Athwa, Surat, Gujarat 395007","{""ward"":""Umra Gam, Athwa"",""street"":""Marriott Hotel, Surat Marriot Rd"",""city"":""Surat"",""postal_code"":""395007"",""state"":""Gujarat"",""country_code"":""IN""}","{""latitude"":21.1775862,""longitude"":72.7897512}",https://www.google.com/maps/place/Spice+Terrace+Restaurant/data=!4m7!3m6!1s0x3be04d8934aea32b:0xd73ea125cb5c59fb!8m2!3d21.1775862!4d72.7897512!16s%2Fg%2F11snp9_9mw!19sChIJK6OuNIlN4DsR-1lcyyWhPtc?authuser=0&rclk=1&hl=en,"{""link"":""https://drive.google.com/file/d/1nxz87L-B8ME-agf0D_In40pytJ9mM7jM/view?usp=sharing"",""source"":""drive.google.com""}",[],https://lh3.googleusercontent.com/gps-cs-s/AHRPTWlfYyBVpkve7_s8talxYINOxro8RCKlvAlLVFBEalnjvGKqamQTm5JGG_f634aGKaNQY_HEV0EHxI6cUIh13qZomXh0yMrkoMHHa1aOEVOAfJ1SqSevqNRAWWJx1Wd55o5Fb75x=w1920-h1080-k-no,"200-1,200",[]
ChIJf4R_sulN4DsR_bwRG4heWMc,/g/11c8089krt,A One Coco,Cafe,"[""Cafe"",""Juice shop"",""Restaurant""]",4,212,093777 12360,,"Shop 2, premji nagar, near, Gujarat Gas Cir, opp. mahalaxmi fast food, Somanath Society, Umra Gam, Adajan, Surat, Gujarat 395007","{""ward"":""Somanath Society, Umra Gam, Adajan"",""street"":""Shop 2, premji nagar, near, Gujarat Gas Cir, opp. mahalaxmi fast food"",""city"":""Surat"",""postal_code"":""395007"",""state"":""Gujarat"",""country_code"":""IN""}","{""latitude"":21.1712621,""longitude"":72.7894748}",https://www.google.com/maps/place/A+One+Coco/data=!4m7!3m6!1s0x3be04de9b27f847f:0xc7585e881b11bcfd!8m2!3d21.1712621!4d72.7894748!16s%2Fg%2F11c8089krt!19sChIJf4R_sulN4DsR_bwRG4heWMc?authuser=0&hl=en&g_ep=EgoyMDI2MDgxOS4wIJJjKgBIAVAD&rclk=1,,[],https://lh3.googleusercontent.com/gps-cs-s/AHRPTWn0lPKlwIwk90J6XbB4wUzOcRX2TGQ02zAJGJKBS9tjujaDvq3vtvOlp2-nZcuXrsxMh9d4ScOXJfRAaNZfr3eyldMRmXnAPrIr4YPn_e0IR2xUj5ZnP-KcFHZ7Q9EaocIYoxAY=w1920-h1080-k-no,1-200,"[{""day"":""Monday"",""times"":[""12 pm-12 am""]},{""day"":""Tuesday"",""times"":[""12 pm-12 am""]},{""day"":""Wednesday"",""times"":[""12 pm-12 am""]},{""day"":""Thursday"",""times"":[""12 pm-12 am""]},{""day"":""Friday"",""times"":[""12 pm-12 am""]},{""day"":""Saturday"",""times"":[""12 pm-12 am""]},{""day"":""Sunday"",""times"":[""12 pm-12 am""]}]"
ChIJr4MIJ3hN4DsR1AV7SSAvHvk,/g/11gwfv0tdb,Hari Om Khaman House,Restaurant,"[""Restaurant""]",4.6,209,097248 05125,,"Shiv Chhaya Apartment, Veer Savarkar Cir, nr. Pankaj Nagar, Mahadev Nagar, Adajan, Surat, Gujarat 395009","{""ward"":""Mahadev Nagar, Adajan"",""street"":""Shiv Chhaya Apartment, Veer Savarkar Cir, nr. Pankaj Nagar"",""city"":""Surat"",""postal_code"":""395009"",""state"":""Gujarat"",""country_code"":""IN""}","{""latitude"":21.208005699999998,""longitude"":72.78310789999999}",https://www.google.com/maps/place/Hari+Om+Khaman+House/data=!4m7!3m6!1s0x3be04d78270883af:0xf91e2f20497b05d4!8m2!3d21.2080057!4d72.7831079!16s%2Fg%2F11gwfv0tdb!19sChIJr4MIJ3hN4DsR1AV7SSAvHvk?authuser=0&rclk=1&hl=en,,[],https://lh3.googleusercontent.com/gps-cs-s/AHRPTWmB_P4XKFZZXVkBth_moR1nRyQvdh1JC5CwZxXNYQmrFcnXZfW1cACgjGoi2wgW4vPNkG1F4_K9rv0Bm20JWyXhelm-3zJarO70gditVqkxyMPs3G2ufAAxRLvVobkl3844bolS=w1920-h1080-k-no,1-200,"[{""day"":""Monday"",""times"":[""7 am-2 pm""]},{""day"":""Tuesday"",""times"":[""7 am-2 pm""]},{""day"":""Wednesday"",""times"":[""7 am-2 pm""]},{""day"":""Thursday"",""times"":[""7 am-2 pm""]},{""day"":""Friday"",""times"":[""7 am-2 pm""]},{""day"":""Saturday"",""times"":[""7 am-2 pm""]},{""day"":""Sunday"",""times"":[""7 am-2 pm""]}]"
ChIJO03ThAdP4DsRRJ3-9_ROcq4,/g/11w_rj7byf,Taranovas pizza,Restaurant,"[""Restaurant"",""Italian restaurant"",""Pizza delivery"",""Pizza restaurant"",""Pizza takeaway""]",4.7,207,091989 81898,https://www.taranovaspizza.com/,"SHOP NO. 4, SWATI APARTMENT, B/C, ROAD, nr. KAILAS SWEET & SNACKS, Timaliawad, Nanpura, Surat, Gujarat 395001","{""ward"":""Timaliawad, Nanpura"",""street"":""SHOP NO. 4, SWATI APARTMENT, B/C, ROAD, nr. KAILAS SWEET & SNACKS"",""city"":""Surat"",""postal_code"":""395001"",""state"":""Gujarat"",""country_code"":""IN""}","{""latitude"":21.186915499999998,""longitude"":72.8137121}",https://www.google.com/maps/place/Taranovas+pizza/data=!4m7!3m6!1s0x3be04f0784d34d3b:0xae724ef4f7fe9d44!8m2!3d21.1869155!4d72.8137121!16s%2Fg%2F11w_rj7byf!19sChIJO03ThAdP4DsRRJ3-9_ROcq4?authuser=0&hl=en&g_ep=EgoyMDI2MDgxOS4wIJJjKgBIAVAD&rclk=1,"{""link"":""https://taranovaspizza.com/menu/"",""source"":""taranovaspizza.com""}",[],https://lh3.googleusercontent.com/gps-cs-s/AHRPTWlCa4p78yDTQ0xrIQfHdkQj5Gf5gMdxvnB6C1c40uo0rIpmy54TjYqe3mlpI7HTfyIZvdZKVGlSJGiUZL9i6fMOVx8_fFflrrnsfLvuq4-OpaUYdKa-eYSWcajfbI2_7vPVgLWbaXETHW8=w1920-h1080-k-no,"200-1,000","[{""day"":""Monday"",""times"":[""11 am-11:45 pm""]},{""day"":""Tuesday"",""times"":[""11 am-11:45 pm""]},{""day"":""Wednesday"",""times"":[""11 am-11:45 pm""]},{""day"":""Thursday"",""times"":[""11 am-11:45 pm""]},{""day"":""Friday"",""times"":[""11 am-11:45 pm""]},{""day"":""Saturday"",""times"":[""11 am-11:45 pm""]},{""day"":""Sunday"",""times"":[""11 am-11:45 pm""]}]"
ChIJQ43eFzVM4DsR2Wxd8nm04V8,/g/11g8gfybyd,My Egg Point,Fast food restaurant,"[""Fast food restaurant"",""Breakfast restaurant""]",4.4,202,097232 51151,,"b2, Shantideep Rd Adajan Gam, Adajan, Shantideep Rd, TGB, Adajan Gam, Adajan, Surat, Gujarat 395009","{""ward"":""TGB, Adajan Gam, Adajan"",""street"":""b2, Shantideep Rd Adajan Gam, Adajan, Shantideep Rd"",""city"":""Surat"",""postal_code"":""395009"",""state"":""Gujarat"",""country_code"":""IN""}","{""latitude"":21.196111,""longitude"":72.7830862}",https://www.google.com/maps/place/My+Egg+Point/data=!4m7!3m6!1s0x3be04c3517de8d43:0x5fe1b479f25d6cd9!8m2!3d21.196111!4d72.7830862!16s%2Fg%2F11g8gfybyd!19sChIJQ43eFzVM4DsR2Wxd8nm04V8?authuser=0&hl=en&g_ep=EgoyMDI2MDgxOS4wIJJjKgBIAVAD&rclk=1,,[],https://lh3.googleusercontent.com/gps-cs-s/AHRPTWlD-rCREzzPEeL3oSdaplyeYQN9BkPBaSD1kwnnKnkpfXBBVnM0olWgJiW5AJYYWPgRk724sLLVJpfQglKdFaRt-VVCf8nCK4vExS9fwNtNLQ3BlMfRSj6rQPZokcnBfprfCSxZ=w1920-h1080-k-no,200-400,"[{""day"":""Monday"",""times"":[""11:30 am-10:15 pm""]},{""day"":""Tuesday"",""times"":[""11:30 am-10:15 pm""]},{""day"":""Wednesday"",""times"":[""11:30 am-10:15 pm""]},{""day"":""Thursday"",""times"":[""11:30 am-10:15 pm""]},{""day"":""Friday"",""times"":[""11:30 am-10:15 pm""]},{""day"":""Saturday"",""times"":[""11:30 am-10:15 pm""]},{""day"":""Sunday"",""times"":[""11:30 am-10:15 pm""]}]"
ChIJhRcTBxJN4DsRhIsU_hcczdk,/g/11h52nsy7y,Om Shiv Shakthi Murugan Idli Dosa Center,South Indian restaurant,"[""South Indian restaurant""]",4,201,,,"Shop no. 37, 9 Square, Honey Park Rd, opposite V3, Opposite Sai Square Complex, Honey Park Area, Adajan, Surat, Gujarat 395009","{""ward"":""Opposite Sai Square Complex, Honey Park Area, Adajan"",""street"":""Shop no. 37, 9 Square, Honey Park Rd, opposite V3"",""city"":""Surat"",""postal_code"":""395009"",""state"":""Gujarat"",""country_code"":""IN""}","{""latitude"":21.2022414,""longitude"":72.7852059}",https://www.google.com/maps/place/Om+Shiv+Shakthi+Murugan+Idli+Dosa+Center/data=!4m7!3m6!1s0x3be04d1207131785:0xd9cd1c17fe148b84!8m2!3d21.2022414!4d72.7852059!16s%2Fg%2F11h52nsy7y!19sChIJhRcTBxJN4DsRhIsU_hcczdk?authuser=0&hl=en&g_ep=EgoyMDI2MDgxOS4wIJJjKgBIAVAD&rclk=1,,[],https://lh3.googleusercontent.com/gps-cs-s/AHRPTWnmh6CZzlsd3pEt-Oz1mpZvaW5VxdFwirNHcbGNoFYvpaTnQm0PHZPop7xU937YmJG3Uf7ay5SW0FXayMRg5iIH5e3XZL71Mn0nYszwd5Obo79RS3WXSfGnkzG8TBWDMnY4BTvT=w1920-h1080-k-no,1-200,"[{""day"":""Monday"",""times"":[""8 am-11 pm""]},{""day"":""Tuesday"",""times"":[""8 am-11 pm""]},{""day"":""Wednesday"",""times"":[""8 am-11 pm""]},{""day"":""Thursday"",""times"":[""8 am-11 pm""]},{""day"":""Friday"",""times"":[""8 am-11 pm""]},{""day"":""Saturday"",""times"":[""8 am-11 pm""]},{""day"":""Sunday"",""times"":[""8 am-11 pm""]}]"
ChIJQ88bXwhN4DsRahGf54KJ_1M,/g/11ys545x0h,Martino'z Pizza Gaurav Path,Pizza restaurant,"[""Pizza restaurant""]",4.5,194,099048 16500,,"GF-01/02/03, Swarnim Lifestyle, Gaurav Path Road, opp. Croma, Palanpur, Surat, Gujarat 395009","{""ward"":""Palanpur"",""street"":""GF-01/02/03, Swarnim Lifestyle, Gaurav Path Road, opp. Croma"",""city"":""Surat"",""postal_code"":""395009"",""state"":""Gujarat"",""country_code"":""IN""}","{""latitude"":21.2096148,""longitude"":72.7668908}",https://www.google.com/maps/place/Martino'z+Pizza+Gaurav+Path/data=!4m7!3m6!1s0x3be04d085f1bcf43:0x53ff8982e79f116a!8m2!3d21.2096148!4d72.7668908!16s%2Fg%2F11ys545x0h!19sChIJQ88bXwhN4DsRahGf54KJ_1M?authuser=0&hl=en&g_ep=EgoyMDI2MDgxOS4wIJJjKgBIAVAD&rclk=1,,[],https://lh3.googleusercontent.com/gps-cs-s/AHRPTWn_yOyrq5m39igWbxqzx5XGpctFQUjb3JBo1FAQUA7OFAE8ERRu1JxCHORhOiDctcW8Rzu20y3BUD4sgWagrIFX3DDaLE1lNs5dPjmzH_0RWnYLsS3J0HonnGpbjjx2VoMzwizCai1_EMmj=w1920-h1080-k-no,200-400,"[{""day"":""Monday"",""times"":[""11 am-1 am""]},{""day"":""Tuesday"",""times"":[""11 am-1 am""]},{""day"":""Wednesday"",""times"":[""11 am-1 am""]},{""day"":""Thursday"",""times"":[""11 am-1 am""]},{""day"":""Friday"",""times"":[""11 am-1 am""]},{""day"":""Saturday"",""times"":[""11 am-1 am""]},{""day"":""Sunday"",""times"":[""11 am-1 am""]}]"
ChIJi9n5AQBN4DsRHdoGV05k3Ao,/g/11ly_wmt2g,Maa Annapurna Nonveg Restaurant,Bengali restaurant,"[""Bengali restaurant"",""Non Vegetarian Restaurant""]",4,193,092654 89899,,"Shop no-10, Gaurav Path Road, near Stuti icon, opposite Arihant Heights, EVOQ, Palanpur, Surat, Gujarat 395009","{""ward"":""EVOQ, Palanpur"",""street"":""Shop no-10, Gaurav Path Road, near Stuti icon, opposite Arihant Heights"",""city"":""Surat"",""postal_code"":""395009"",""state"":""Gujarat"",""country_code"":""IN""}","{""latitude"":21.210539699999998,""longitude"":72.7679362}",https://www.google.com/maps/place/Maa+Annapurna+Nonveg+Restaurant/data=!4m7!3m6!1s0x3be04d0001f9d98b:0xadc644e5706da1d!8m2!3d21.2105397!4d72.7679362!16s%2Fg%2F11ly_wmt2g!19sChIJi9n5AQBN4DsRHdoGV05k3Ao?authuser=0&hl=en&g_ep=EgoyMDI2MDgxOS4wIJJjKgBIAVAD&rclk=1,,"[{""link"":""https://www.district.in/dining/surat/maa-annapurna-multicuisine-restaurant-palanpore/book?utm_source=rwg"",""source"":""district.in""},{""link"":""https://www.swiggy.com/restaurants/maa-annapurna-non-veg-restaurant-adajan-surat-1073595/dineout?is_retargeting=true&media_source=GoogleReserve&utm_campaign=GoogleMap&utm_source=GoogleReserve"",""source"":""swiggy.com""},{""link"":""https://www.zomato.com/surat/maa-annapurna-multicuisine-restaurant-palanpore/book?utm_source=rwg"",""source"":""zomato.com""}]",https://lh3.googleusercontent.com/gps-cs-s/AHRPTWlpFWNxdQcSaOtazHUZ7-Fy56TUX6V4Nr_T2ow8wJh0O7Ecc4AaqBcjP4M5W0idcHAGlRLUGMbbKbYbA3kUN0_PVfWGjLiCQFboMvuzfb0g4rTXU0qni4jKEjqdMWDE6H-r1-e82fLPMNz_=w1920-h1080-k-no,200-400,"[{""day"":""Monday"",""times"":[""12-11 pm""]},{""day"":""Tuesday"",""times"":[""12-11 pm""]},{""day"":""Wednesday"",""times"":[""12-11 pm""]},{""day"":""Thursday"",""times"":[""12-11 pm""]},{""day"":""Friday"",""times"":[""12-11 pm""]},{""day"":""Saturday"",""times"":[""12-11 pm""]},{""day"":""Sunday"",""times"":[""12-11 pm""]}]"
ChIJZQLWn8xN4DsRoCb9sUXsy9w,/g/1tj5675_,JALARAM KHICHDI,Restaurant,"[""Restaurant"",""Gujarati restaurant"",""Punjabi restaurant""]",4.2,191,,,"5QVP+FJ6, SHIVALIK WESTERN COMPLEX,LP SAVANI ROAD,ADAJAN,ADAJAN GAM, Surat, Gujarat 395009","{""ward"":""TGB, Adajan Gam, Adajan"",""street"":""5QVP+FJ6, SHIVALIK WESTERN COMPLEX,LP SAVANI ROAD,ADAJAN,ADAJAN GAM"",""city"":""Surat"",""postal_code"":""395009"",""state"":""Gujarat"",""country_code"":""IN""}","{""latitude"":21.1936561,""longitude"":72.7865252}",https://www.google.com/maps/place/JALARAM+KHICHDI/data=!4m7!3m6!1s0x3be04dcc9fd60265:0xdccbec45b1fd26a0!8m2!3d21.1936561!4d72.7865252!16s%2Fg%2F1tj5675_!19sChIJZQLWn8xN4DsRoCb9sUXsy9w?authuser=0&hl=en&g_ep=EgoyMDI2MDgxOS4wIJJjKgBIAVAD&rclk=1,,[],https://lh3.googleusercontent.com/gps-cs-s/AHRPTWlaMA28eZMc26rShvDgKzFeNSQsc0sIU2Mp1xc60rVrXHrq9Jf_zYKdfGNWjZbuOJwftxPvI0o4YsMOX1ji7zknitXPjlYX9OtGfbXsS5KvcAlYsNoskx0coLUyYSv1cS4sUFmqkg=w1920-h1080-k-no,,[]
ChIJGQfTeNZN4DsRiX7ELLLHaoM,/g/11fq4l12x6,Table 101,Family restaurant,"[""Family restaurant""]",4.2,187,0261 711 7000,https://www.marriott.com/hotels/travel/stvmc-surat-marriott-hotel/,"Surat Marriott Hotel Ambika Niketan, Athwalines, Surat, Gujarat 395007","{""ward"":""Athwalines, Athwa"",""street"":""Surat Marriott Hotel Ambika Niketan"",""city"":""Surat"",""postal_code"":""395007"",""state"":""Gujarat"",""country_code"":""IN""}","{""latitude"":21.1776482,""longitude"":72.7897954}",https://www.google.com/maps/place/Table+101/data=!4m7!3m6!1s0x3be04dd678d30719:0x836ac7b22cc47e89!8m2!3d21.1773972!4d72.790069!16s%2Fg%2F11fq4l12x6!19sChIJGQfTeNZN4DsRiX7ELLLHaoM?authuser=0&rclk=1&hl=en,"{""link"":""https://drive.google.com/file/d/15jIABUVeReM-AzoLdqHLQiGaT-uNi82K/view?usp=drive_link"",""source"":""drive.google.com""}","[{""link"":""https://www.swiggy.com/restaurants/table-101-athwa-adajan-surat-696050/dineout?is_retargeting=true&media_source=GoogleReserve&utm_campaign=GoogleMap&utm_source=GoogleReserve"",""source"":""swiggy.com""},{""link"":""https://www.district.in/dining/surat/table-101-surat-marriott-hotel-city-light/book?utm_source=rwg"",""source"":""district.in""},{""link"":""https://www.zomato.com/surat/table-101-surat-marriott-hotel-city-light/book?utm_source=rwg"",""source"":""zomato.com""},{""link"":""https://www.eazydiner.com/surat/table-101-athwa-surat-695226"",""source"":""eazydiner.com""}]",https://lh3.googleusercontent.com/gps-cs-s/AHRPTWmQD6NjEJYF0K4JGOwh4bM8DnDzoBHdrhdFXzoTXA_6pt3BRwHqusuBx_3BgEqVRpC108qfO7h9KN8_-m5q0ZB6-B1DsEDIqkBJs61xYZcIW_4ZeUgoqfnGa1lKVQ7nRP-1U8kO=w1920-h1080-k-no,,"[{""day"":""Monday"",""times"":[""6:30-11 am"",""12:30-3 pm"",""7 pm-12 am""]},{""day"":""Tuesday"",""times"":[""6:30-11 am"",""12:30-3 pm"",""7 pm-12 am""]},{""day"":""Wednesday"",""times"":[""6:30-11 am"",""12:30-3 pm"",""7 pm-12 am""]},{""day"":""Thursday"",""times"":[""6:30-11 am"",""12:30-3 pm"",""7 pm-12 am""]},{""day"":""Friday"",""times"":[""6:30-11 am"",""12:30-3 pm"",""7 pm-12 am""]},{""day"":""Saturday"",""times"":[""6:30-11 am"",""12:30-3 pm"",""7 pm-12 am""]},{""day"":""Sunday"",""times"":[""6:30-11 am"",""12:30-3:30 pm"",""7 pm-12 am""]}]"
ChIJiy8fjxpN4DsRhqZlok4dpOo,/g/11lz49pxn_,Chatpata - Palanpur - Opp Raj World,Fast food restaurant,"[""Fast food restaurant""]",4.8,185,076008 70970,https://www.chatpata.in/,"Shop No 15 & 16 - Ground Floor, Green Palladia Opposite Raj World, Palanpur, Palanpur Canal Rd, Palanpur Jakatnaka, Surat, Gujarat 395009","{""ward"":""Palanpur Jakatnaka"",""street"":""Shop No 15 & 16 - Ground Floor, Green Palladia Opposite Raj World, Palanpur, Palanpur Canal Rd"",""city"":""Surat"",""postal_code"":""395009"",""state"":""Gujarat"",""country_code"":""IN""}","{""latitude"":21.2107013,""longitude"":72.7730332}",https://www.google.com/maps/place/Chatpata+-+Palanpur+-+Opp+Raj+World/data=!4m7!3m6!1s0x3be04d1a8f1f2f8b:0xeaa41d4ea265a686!8m2!3d21.2107013!4d72.7730332!16s%2Fg%2F11lz49pxn_!19sChIJiy8fjxpN4DsRhqZlok4dpOo?authuser=0&rclk=1&hl=en,"{""link"":""https://www.chatpata.in/menu"",""source"":""chatpata.in""}",[],https://lh3.googleusercontent.com/gps-cs-s/AHRPTWlcVVunuUaNR44qoTwvfx0WSsr2oQzkRFuvBGu52CYBtKXqRZppJjH2zHUgQgzwwXJczDbz_PzcBjwMfWa5SdCQWMf0qHQ3J2uMwX45cQMhBKCdz4ebHCxRcbZkYbrH5ETvjq52IsP2yZoO=w1920-h1080-k-no,1-200,"[{""day"":""Monday"",""times"":[""11 am-11 pm""]},{""day"":""Tuesday"",""times"":[""11 am-11 pm""]},{""day"":""Wednesday"",""times"":[""11 am-11 pm""]},{""day"":""Thursday"",""times"":[""11 am-11 pm""]},{""day"":""Friday"",""times"":[""11 am-11 pm""]},{""day"":""Saturday"",""times"":[""11 am-11 pm""]},{""day"":""Sunday"",""times"":[""11 am-11 pm""]}]"
ChIJuVpzD91N4DsRL6sr0ua6p6Q,/g/11lt9r8ppp,Bs Fast Food,Fast food restaurant,"[""Fast food restaurant"",""Food court""]",5,182,079841 93105,,"New Rander, Road, near Alfesani School, Madni Co-Operative Housing Society, Gorat, Rander, Surat, Gujarat 395009","{""ward"":""Madni Co-Operative Housing Society, Gorat, Rander"",""street"":""New Rander, Road, near Alfesani School"",""city"":""Surat"",""postal_code"":""395009"",""state"":""Gujarat"",""country_code"":""IN""}","{""latitude"":21.2100477,""longitude"":72.80309969999999}",https://www.google.com/maps/place/Bs+Fast+Food/data=!4m7!3m6!1s0x3be04ddd0f735ab9:0xa4a7bae6d22bab2f!8m2!3d21.2100477!4d72.8030997!16s%2Fg%2F11lt9r8ppp!19sChIJuVpzD91N4DsRL6sr0ua6p6Q?authuser=0&rclk=1&hl=en,,[],https://lh3.googleusercontent.com/gps-cs-s/AHRPTWlMB77hCiN8L2SLShqZm3oNWC-kf6VmKKu3ctIW9RePWO8BVfuNhHA8qI8H7G2ZsKLNuMDwCLxSd-J5SnBKvHE1ybJVq2STeX_4e1yIP3804mFXkqSrXRonU36CDkgsNvlA7zDYbDWSgNOX=w1920-h1080-k-no,1-200,"[{""day"":""Monday"",""times"":[""1-10 pm""]},{""day"":""Tuesday"",""times"":[""1-10 pm""]},{""day"":""Wednesday"",""times"":[""1-10:01 pm""]},{""day"":""Thursday"",""times"":[""1-10 pm""]},{""day"":""Friday"",""times"":[""1-10 pm""]},{""day"":""Saturday"",""times"":[""1-10 pm""]},{""day"":""Sunday"",""times"":[""12-10 pm""]}]"
ChIJSXyhKIhN4DsRDSdJ2jeNYSY,/g/11xrn4wtwz,Kulche Shulche da Dhaba,Restaurant,"[""Restaurant""]",4.6,176,090037 08823,https://kulcheshulche.in/,"Plot D2, Gaurav Path Road, Pal Gam, Surat, Gujarat 394510","{""ward"":""Pal Gam"",""street"":""Plot D2, Gaurav Path Road"",""city"":""Surat"",""postal_code"":""394510"",""state"":""Gujarat"",""country_code"":""IN""}","{""latitude"":21.183912199999998,""longitude"":72.7739823}",https://www.google.com/maps/place/Kulche+Shulche+da+Dhaba/data=!4m7!3m6!1s0x3be04d8828a17c49:0x26618d37da49270d!8m2!3d21.1839122!4d72.7739823!16s%2Fg%2F11xrn4wtwz!19sChIJSXyhKIhN4DsRDSdJ2jeNYSY?authuser=0&hl=en&g_ep=EgoyMDI2MDgxOS4wIJJjKgBIAVAD&rclk=1,,[],https://lh3.googleusercontent.com/gps-cs-s/AHRPTWmoRx0V8VwHA1Hyja9t1WrWiI-1mYK62GSHf67yOJU2OvRBhUB0-HRZcLBaE9KA3Mx5HSHfBuiNAca0WJp9di9QGghLUbYpzd78QJvO7aREIoUSmk3ehuNVVTWsjST70K0kaln44gVwLw4=w1920-h1080-k-no,200-400,"[{""day"":""Monday"",""times"":[""6 pm-1 am""]},{""day"":""Tuesday"",""times"":[""2 pm-1 am""]},{""day"":""Wednesday"",""times"":[""2 pm-1 am""]},{""day"":""Thursday"",""times"":[""2 pm-1 am""]},{""day"":""Friday"",""times"":[""2 pm-1 am""]},{""day"":""Saturday"",""times"":[""2 pm-1 am""]},{""day"":""Sunday"",""times"":[""2 pm-1 am""]}]"
ChIJBzUrWA9N4DsRdEuVpNoZ-4A,/g/11n98b25g9,Maharashtra Nasta Center,Fast food restaurant,"[""Fast food restaurant"",""Breakfast restaurant"",""Tiffin center""]",4.6,175,099245 92103,https://www.instagram.com/maharastra_nasta_center?igsh=MW8yNm1qaWpweGRwaA==,"Lids Colman Ni, Gali Main Roaf, near Athwalins, Navo Mohollow, Meghdoot Society, Athwalines, Athwa, Surat, Gujarat 395007","{""ward"":""Navo Mohollow, Meghdoot Society, Athwalines, Athwa"",""street"":""Lids Colman Ni, Gali Main Roaf, near Athwalins"",""city"":""Surat"",""postal_code"":""395007"",""state"":""Gujarat"",""country_code"":""IN""}","{""latitude"":21.1794595,""longitude"":72.8006291}",https://www.google.com/maps/place/Maharashtra+Nasta+Center/data=!4m7!3m6!1s0x3be04d0f582b3507:0x80fb19daa4954b74!8m2!3d21.1794595!4d72.8006291!16s%2Fg%2F11n98b25g9!19sChIJBzUrWA9N4DsRdEuVpNoZ-4A?authuser=0&hl=en&g_ep=EgoyMDI2MDgxOS4wIJJjKgBIAVAD&rclk=1,,[],https://lh3.googleusercontent.com/gps-cs-s/AHRPTWnO9RY2MSK4rQj2nfgRM6uBSxS8JUCjJcZzXRqj-Ozs7roE7vHmr-1C1akmze6vbk38DA1IsedFW3uhP9b3SCQZEMCxQQo4r1-0lqahr0zEBGphoWpRqAobFwpWOrkJrFtgRTa35Q=w1920-h1080-k-no,1-200,"[{""day"":""Monday"",""times"":[""8 am-2:30 pm""]},{""day"":""Tuesday"",""times"":[""8 am-2:30 pm""]},{""day"":""Wednesday"",""times"":[""8 am-2:30 pm""]},{""day"":""Thursday"",""times"":[""8 am-2:30 pm""]},{""day"":""Friday"",""times"":[""8 am-2:30 pm""]},{""day"":""Saturday"",""times"":[""8 am-2:30 pm""]},{""day"":""Sunday"",""times"":[""8 am-1:30 pm""]}]"
ChIJUaygqdVN4DsR-S02enIQIjM,/g/1tdzdg21,Rajbhog Ice Cream & Kulfi,Ice cream shop,"[""Ice cream shop"",""Sweet shop"",""Caterer"",""Coffee shop"",""Confectionery store"",""Dairy store"",""Event management company"",""Fast food restaurant"",""Juice shop"",""Restaurant""]",4.1,172,098252 68434,,"10, Ankur Shopping Center Adajan Road, Gujarat Gas Cir, Ankur Society, Muktanand Nagar, Adajan, Surat, Gujarat 395009","{""ward"":""Maitry Society, Ankur Society, Muktanand Nagar, Adajan"",""street"":""10, Ankur Shopping Center Adajan Road, Gujarat Gas Cir"",""city"":""Surat"",""postal_code"":""395009"",""state"":""Gujarat"",""country_code"":""IN""}","{""latitude"":21.193916899999998,""longitude"":72.8012802}",https://www.google.com/maps/place/Rajbhog+Ice+Cream+%26+Kulfi/data=!4m7!3m6!1s0x3be04dd5a9a0ac51:0x332210727a362df9!8m2!3d21.1939169!4d72.8012802!16s%2Fg%2F1tdzdg21!19sChIJUaygqdVN4DsR-S02enIQIjM?authuser=0&hl=en&g_ep=EgoyMDI2MDgxOS4wIJJjKgBIAVAD&rclk=1,,[],https://lh3.googleusercontent.com/gps-cs-s/AHRPTWleARligs1bNHtB-Vc6zgTs5Cs-HflrFJaqGPZhgviJafSs7aTxN_zr1COcLQ0rREjJ__3b-ZGOyRyg9Uy73PFaRy3GLwLsIKWc3Q6uo4CVOKJG0_X8U1IsTdqhYnPFownXr2GoZg=w1920-h1080-k-no,,"[{""day"":""Monday"",""times"":[""9 am-11:30 pm""]},{""day"":""Tuesday"",""times"":[""9 am-11:30 pm""]},{""day"":""Wednesday"",""times"":[""9 am-11:30 pm""]},{""day"":""Thursday"",""times"":[""9 am-11:30 pm""]},{""day"":""Friday"",""times"":[""9 am-11:30 pm""]},{""day"":""Saturday"",""times"":[""9 am-11:30 pm""]},{""day"":""Sunday"",""times"":[""9 am-11:30 pm""]}]"
ChIJqWRkJx9N4DsR47rDNZIzcRg,/g/11vhsfb30y,Shaker's Galleria Cafe Pal,Cafe,"[""Cafe"",""Dessert restaurant"",""Dessert shop"",""Ice cream shop""]",4.7,171,092747 47734,https://linktr.ee/shakersgalleria_pal?fbclid=PAZXh0bgNhZW0CMTEAAaas12WpR1R9Z8mmTxanHQocHZ2M-DkCE5gGmF77FICdstZ2VNoAXkCLI_0_aem_j7MoafmlEJH7P1RVaG8O1Q,"The Boulevard, G-24, Galleria St, near Pratham Circle, Adajan Gam, Surat, Gujarat 394510","{""ward"":""Adajan Gam"",""street"":""The Boulevard, G-24, Galleria St, near Pratham Circle"",""city"":""Surat"",""postal_code"":""394510"",""state"":""Gujarat"",""country_code"":""IN""}","{""latitude"":21.189125,""longitude"":72.78284}",https://www.google.com/maps/place/Shaker's+Galleria+Cafe+Pal/data=!4m7!3m6!1s0x3be04d1f276464a9:0x1871339235c3bae3!8m2!3d21.189125!4d72.78284!16s%2Fg%2F11vhsfb30y!19sChIJqWRkJx9N4DsR47rDNZIzcRg?authuser=0&hl=en&g_ep=EgoyMDI2MDgxOS4wIJJjKgBIAVAD&rclk=1,"{""link"":""https://drive.google.com/file/d/1REzv2zzBGHJAIYDhrW4RacGtyKoPI8z1/view?usp=sharing"",""source"":""drive.google.com""}","[{""link"":""https://www.eazydiner.com/surat/shakers-galleria-adajan-surat-710070"",""source"":""eazydiner.com""},{""link"":""https://www.district.in/dining/surat/shakers-galleria-2-pal-gam/book?utm_source=rwg"",""source"":""district.in""},{""link"":""https://www.zomato.com/surat/shakers-galleria-2-pal-gam/book?utm_source=rwg"",""source"":""zomato.com""},{""link"":""https://www.swiggy.com/restaurants/shakers-galleria-cafe-pal-adajan-gam-koramangala-surat-1287808/dineout?is_retargeting=true&media_source=GoogleReserve&utm_campaign=GoogleMap&utm_source=GoogleReserve"",""source"":""swiggy.com""}]",https://lh3.googleusercontent.com/gps-cs-s/AHRPTWmKMV_5-OI8cvIViXi0Nhf7Kh_sNqyzaLS8NQAjnR-bkWfrTSxQ0Bq7-Qz3uV_Bt9PPw9I0G_FwmbJotUO2MTPxkOwvP7ZtCdq93kRkYaiv0VWVtByNe1he-SMQX4laZwV9cQwxJg=w1920-h1080-k-no,200-400,"[{""day"":""Monday"",""times"":[""12 pm-12 am""]},{""day"":""Tuesday"",""times"":[""12 pm-12 am""]},{""day"":""Wednesday"",""times"":[""12 pm-12 am""]},{""day"":""Thursday"",""times"":[""12 pm-12 am""]},{""day"":""Friday"",""times"":[""12 pm-12 am""]},{""day"":""Saturday"",""times"":[""12 pm-1 am""]},{""day"":""Sunday"",""times"":[""12 pm-1 am""]}]"
ChIJk2LyCo1N4DsRpT-ODSS-SVk,/g/11h7pr2skb,Shree Sai Sabudana ni Khichdi,Indian restaurant,"[""Indian restaurant""]",4.4,171,083205 82542,,"6Q3R+5C8, Jyotindra Dave Garden, Honey Park Rd, Adajan, Surat, Gujarat 395009","{""ward"":""Adajan Gam, Adajan"",""street"":""6Q3R+5C8, Jyotindra Dave Garden, Honey Park Rd"",""city"":""Surat"",""postal_code"":""395009"",""state"":""Gujarat"",""country_code"":""IN""}","{""latitude"":21.202922299999997,""longitude"":72.7910713}",https://www.google.com/maps/place/Shree+Sai+Sabudana+ni+Khichdi/data=!4m7!3m6!1s0x3be04d8d0af26293:0x5949be240d8e3fa5!8m2!3d21.2029223!4d72.7910713!16s%2Fg%2F11h7pr2skb!19sChIJk2LyCo1N4DsRpT-ODSS-SVk?authuser=0&hl=en&g_ep=EgoyMDI2MDgxOS4wIJJjKgBIAVAD&rclk=1,,[],https://lh3.googleusercontent.com/gps-cs-s/AHRPTWlMnZcWzojlj7DzgXwmNpbGBa03OBohE6L7Z7pgoscqyvnSwmU2ddWC6ZiJrVsF0d_1rTM5XG6AjGHYxCL6Due9q-fWWvAODbDmGiiVDDk0QpZNfCmOA8atTkEAQACFiDPcPTBT=w1920-h1080-k-no,1-200,"[{""day"":""Monday"",""times"":[""9 am-10 pm""]},{""day"":""Tuesday"",""times"":[""9 am-10 pm""]},{""day"":""Wednesday"",""times"":[""9 am-10 pm""]},{""day"":""Thursday"",""times"":[""9 am-10 pm""]},{""day"":""Friday"",""times"":[""9 am-10 pm""]},{""day"":""Saturday"",""times"":[""9 am-10 pm""]},{""day"":""Sunday"",""times"":[""9 am-10 pm""]}]"
ChIJcQ-s4IJN4DsRVM7AjseL1s4,/g/11t3v4j4vq,Snap Kitchen,North Indian restaurant,"[""North Indian restaurant""]",4.3,169,084600 33969,http://www.hotelsadbhavvilla.com/,"3rd floor Marvella business hub, Hazira Rd, opp. RTO Pal, Adajan, Surat, Gujarat 394510","{""ward"":""Adajan Gam, Adajan"",""street"":""3rd floor Marvella business hub, Hazira Rd, opp. RTO Pal"",""city"":""Surat"",""postal_code"":""394510"",""state"":""Gujarat"",""country_code"":""IN""}","{""latitude"":21.1831381,""longitude"":72.78344349999999}",https://www.google.com/maps/place/Snap+Kitchen/data=!4m7!3m6!1s0x3be04d82e0ac0f71:0xced68bc78ec0ce54!8m2!3d21.1831381!4d72.7834435!16s%2Fg%2F11t3v4j4vq!19sChIJcQ-s4IJN4DsRVM7AjseL1s4?authuser=0&rclk=1,,"[{""link"":""https://www.swiggy.com/restaurants/snap-kitchen-hazira-road-adajan-surat-417184/dineout?is_retargeting=true&media_source=GoogleReserve&utm_campaign=GoogleMap&utm_source=GoogleReserve"",""source"":""swiggy.com""},{""link"":""https://www.eazydiner.com/surat/snup-kitchen-adajan-surat-685490"",""source"":""eazydiner.com""}]",https://lh3.googleusercontent.com/gps-cs-s/AHRPTWnNB2bTR_KnEzrbTFak5bZEDvhYq2pzwJGh5thFRWqxIJ3vA2dvuWs6xMoZnH7U4adAHw1l-ARfCm2qu2hEt74K9fAaZ3Zv3X_bhDPH8ave-NQW5dzhGzXeRcQXBw0JZZSWbRe3CA=w1920-h1080-k-no,200-400,"[{""day"":""Monday"",""times"":[""10 am-3 pm"",""6-11 pm""]},{""day"":""Tuesday"",""times"":[""10 am-3 pm"",""6-11 pm""]},{""day"":""Wednesday"",""times"":[""10 am-3 pm"",""6-11 pm""]},{""day"":""Thursday"",""times"":[""10 am-3 pm"",""6-11 pm""]},{""day"":""Friday"",""times"":[""10 am-3 pm"",""6-11 pm""]},{""day"":""Saturday"",""times"":[""10 am-3 pm"",""6-11 pm""]},{""day"":""Sunday"",""times"":[""10 am-3 pm"",""6-11 pm""]}]"
ChIJu2n9JdFN4DsR0MQUV_-0BJY,/g/11fq87nrrp,Vintage Asia,Asian restaurant,"[""Asian restaurant""]",4.6,169,090999 75650,https://www.vintageasiasurat.com/,"Surat Marriott Hotel AmbikaNiketan, Athwalines, Surat, Gujarat 395007","{""ward"":""Athwalines, Athwa"",""street"":""Surat Marriott Hotel AmbikaNiketan"",""city"":""Surat"",""postal_code"":""395007"",""state"":""Gujarat"",""country_code"":""IN""}","{""latitude"":21.1776482,""longitude"":72.7898168}",https://www.google.com/maps/place/Vintage+Asia/data=!4m7!3m6!1s0x3be04dd125fd69bb:0x9604b4ff5714c4d0!8m2!3d21.177529!4d72.7894771!16s%2Fg%2F11fq87nrrp!19sChIJu2n9JdFN4DsR0MQUV_-0BJY?authuser=0&rclk=1&hl=en,"{""link"":""https://drive.google.com/drive/folders/1NqSbM6VCfdH-JnYBjS_y3Umq0Va6y5Xp?usp=sharing"",""source"":""drive.google.com""}","[{""link"":""https://www.district.in/dining/surat/vintage-asia-surat-marriott-hotel-city-light/book?utm_source=rwg"",""source"":""district.in""},{""link"":""https://www.zomato.com/surat/vintage-asia-surat-marriott-hotel-city-light/book?utm_source=rwg"",""source"":""zomato.com""},{""link"":""https://www.eazydiner.com/surat/vintage-asia-surat-marriott-hotel-surat-695232"",""source"":""eazydiner.com""},{""link"":""https://www.swiggy.com/restaurants/vintage-asia-marriott-hotel-athwa-adajan-surat-699848/dineout?is_retargeting=true&media_source=GoogleReserve&utm_campaign=GoogleMap&utm_source=GoogleReserve"",""source"":""swiggy.com""}]",https://lh3.googleusercontent.com/gps-cs-s/AHRPTWltjiQnhGl0EdwFmMTJyQ_gJ1dC2eJ8TkcaQMvd2yORVFOoW6S3ua2gIKx94ude7ohgmKZSHRaS3tBM5KQCVDhMkOwIhYq6d3fr5Hrz5Q6jrG5mDNfh6P0XvClYDopL72_5HfK7cYHGAtJU=w1920-h1080-k-no,"200-1,400","[{""day"":""Monday"",""times"":[""7-11 pm""]},{""day"":""Tuesday"",""times"":[""7-11 pm""]},{""day"":""Wednesday"",""times"":[""7-11 pm""]},{""day"":""Thursday"",""times"":[""7-11 pm""]},{""day"":""Friday"",""times"":[""7-11 pm""]},{""day"":""Saturday"",""times"":[""7-11 pm""]},{""day"":""Sunday"",""times"":[""7-11 pm""]}]"
ChIJQTa-pWNO4DsRiMrWBX05yHs,/g/1tfs998z,Ikim New Janta Ice Cream Adajan,Ice cream shop,"[""Ice cream shop"",""Cafe""]",4,164,098251 55641,http://newjanta.in/,"4, Ahura Nagar Shopping Centre, Adajan, Surat, Gujarat 395009","{""ward"":""Aahura Nagar Society, Adajan Gam, Adajan"",""street"":""4, Ahura Nagar Shopping Centre"",""city"":""Surat"",""postal_code"":""395009"",""state"":""Gujarat"",""country_code"":""IN""}","{""latitude"":21.190157,""longitude"":72.7968562}",https://www.google.com/maps/place/Ikim+New+Janta+Ice+Cream+Adajan/data=!4m7!3m6!1s0x3be04e63a5be3641:0x7bc8397d05d6ca88!8m2!3d21.190157!4d72.7968562!16s%2Fg%2F1tfs998z!19sChIJQTa-pWNO4DsRiMrWBX05yHs?authuser=0&hl=en&g_ep=EgoyMDI2MDgxOS4wIJJjKgBIAVAD&rclk=1,,[],https://lh3.googleusercontent.com/gps-cs-s/AHRPTWmyQ2ZNTgPjCthdgFFk23Wc0WPx6mXC2smopCB6opYDUb8TpH6blXgfw_qto8jyZqobNYkP-75HNkfhET68kgIWM8zMPVUPKzaQ8XR0ZIZ_R2wJqq6fW55JIFYuE3pUEUryyrB2tA=w1920-h1080-k-no,,"[{""day"":""Monday"",""times"":[""10 am-12 am""]},{""day"":""Tuesday"",""times"":[""10 am-12 am""]},{""day"":""Wednesday"",""times"":[""10 am-12 am""]},{""day"":""Thursday"",""times"":[""10 am-12 am""]},{""day"":""Friday"",""times"":[""10 am-12 am""]},{""day"":""Saturday"",""times"":[""10 am-12 am""]},{""day"":""Sunday"",""times"":[""10 am-12 am""]}]"
ChIJ34xFK21N4DsRaUw1UNF9fCE,/g/11xp8wyt7p,Coffee King - Pal Gam,Cafe,"[""Cafe"",""Coffee shop"",""Continental restaurant"",""Indian sizzler restaurant"",""Pasta shop"",""Vegetarian restaurant""]",4.6,161,098985 14410,https://www.coffeeking.in/,"PickBall Club, Opposite Kratos Club ,Gaurav Path Road, Bhatha, Adajan, Pal Gam, Surat, Gujarat 394510","{""ward"":""Adajan, Pal Gam"",""street"":""PickBall Club, Opposite Kratos Club ,Gaurav Path Road, Bhatha"",""city"":""Surat"",""postal_code"":""394510"",""state"":""Gujarat"",""country_code"":""IN""}","{""latitude"":21.186857399999997,""longitude"":72.7718933}",https://www.google.com/maps/place/Coffee+King+%E2%80%93+Pal+Gam/data=!4m7!3m6!1s0x3be04d6d2b458cdf:0x217c7dd150354c69!8m2!3d21.1868574!4d72.7718933!16s%2Fg%2F11xp8wyt7p!19sChIJ34xFK21N4DsRaUw1UNF9fCE?authuser=0&hl=en&g_ep=EgoyMDI2MDgxOS4wIJJjKgBIAVAD&rclk=1,,"[{""link"":""https://www.eazydiner.com/surat/coffee-king-pal-gam-surat-707909"",""source"":""eazydiner.com""},{""link"":""https://www.zomato.com/surat/coffee-king-pal-gam/book?utm_source=rwg"",""source"":""zomato.com""},{""link"":""https://www.district.in/dining/surat/coffee-king-pal-gam/book?utm_source=rwg"",""source"":""district.in""}]",https://lh3.googleusercontent.com/gps-cs-s/AHRPTWl3y3jCiQbEJOKzQKjFsYSmq-4YTMEW_Ystk5nEuIiDb2OlGpVREQxpdrB69q2jFjwxnvXj3v2h-0uj0eGlInPPZX6UiAT1824quADofMd90G8rhgrThnJ9GTZBS1x7vKMKA5boC89YAGcP=w1920-h1080-k-no,400-600,"[{""day"":""Monday"",""times"":[""12 pm-12 am""]},{""day"":""Tuesday"",""times"":[""12 pm-12 am""]},{""day"":""Wednesday"",""times"":[""12 pm-12 am""]},{""day"":""Thursday"",""times"":[""12 pm-12 am""]},{""day"":""Friday"",""times"":[""12 pm-12 am""]},{""day"":""Saturday"",""times"":[""12 pm-12 am""]},{""day"":""Sunday"",""times"":[""12 pm-12 am""]}]"
ChIJJeZ3ZpBN4DsRyMaQbJhedYk,/g/11tx73d0q5,Cheesecake Mills adajan,Restaurant,"[""Restaurant""]",4.5,159,063535 75411,http://www.cheesecakemills.in/,"G-7 The Boulevard, Near Pratham Circle, Green City Road Pal, Adajan, Surat, Gujarat 394510","{""ward"":""Adajan Gam, Adajan"",""street"":""G-7 The Boulevard, Near Pratham Circle, Green City Road Pal"",""city"":""Surat"",""postal_code"":""394510"",""state"":""Gujarat"",""country_code"":""IN""}","{""latitude"":21.1899278,""longitude"":72.782771}",https://www.google.com/maps/place/Cheesecake+Mills+adajan/data=!4m7!3m6!1s0x3be04d906677e625:0x89755e986c90c6c8!8m2!3d21.1899278!4d72.782771!16s%2Fg%2F11tx73d0q5!19sChIJJeZ3ZpBN4DsRyMaQbJhedYk?authuser=0&hl=en&g_ep=EgoyMDI2MDgxOS4wIJJjKgBIAVAD&rclk=1,,[],https://lh3.googleusercontent.com/gps-cs-s/AHRPTWk2ShY4FYAGEyauNB58T400Tb_AwiXesewQvRD5U0vhdQ3d7oWhlvups_N00K5-nQ4H710eKUYaB4IfcOb74-evMhuKTWCy-nY81i3gjL279-cGdBC6JVSMiH4xjwrIqehnB-Da=w1920-h1080-k-no,200-400,"[{""day"":""Monday"",""times"":[""10 am-11 pm""]},{""day"":""Tuesday"",""times"":[""10 am-11 pm""]},{""day"":""Wednesday"",""times"":[""10 am-11 pm""]},{""day"":""Thursday"",""times"":[""10 am-11 pm""]},{""day"":""Friday"",""times"":[""10 am-11 pm""]},{""day"":""Saturday"",""times"":[""10 am-11 pm""]},{""day"":""Sunday"",""times"":[""10 am-11 pm""]}]"
ChIJJdM_U2hN4DsRsGbtghPyudI,/g/11snrz1f68,Puffizza,Pizza restaurant,"[""Pizza restaurant"",""Indian restaurant"",""Italian restaurant"",""Mexican restaurant"",""Pasta shop"",""Pizza delivery"",""Pizza takeaway""]",4.1,156,096245 57009,https://www.puffizza.com/,"101D, Velocity Business Hub Near Madhuvan Circle, LP Savani Road Pal, Adajan, Surat, Gujarat 395009","{""ward"":""TGB, Adajan Gam, Adajan"",""street"":""101D, Velocity Business Hub Near Madhuvan Circle, LP Savani Road Pal"",""city"":""Surat"",""postal_code"":""395009"",""state"":""Gujarat"",""country_code"":""IN""}","{""latitude"":21.1921559,""longitude"":72.7874616}",https://www.google.com/maps/place/Puffizza/data=!4m7!3m6!1s0x3be04d68533fd325:0xd2b9f21382ed66b0!8m2!3d21.1921559!4d72.7874616!16s%2Fg%2F11snrz1f68!19sChIJJdM_U2hN4DsRsGbtghPyudI?authuser=0&hl=en&g_ep=EgoyMDI2MDgxOS4wIJJjKgBIAVAD&rclk=1,"{""link"":""https://drive.google.com/file/d/1KKTUUHJyE19Ztpsj2ZCWL1P1tslDizED/view?usp=share_link"",""source"":""drive.google.com""}","[{""link"":""https://www.zomato.com/surat/puffizza-adajan-gam/book?utm_source=rwg"",""source"":""zomato.com""},{""link"":""https://www.swiggy.com/restaurants/puffizza-its-not-just-pizza-its-puffizza-gam-adajan-surat-492048/dineout?is_retargeting=true&media_source=GoogleReserve&utm_campaign=GoogleMap&utm_source=GoogleReserve"",""source"":""swiggy.com""},{""link"":""https://www.district.in/dining/surat/puffizza-adajan-gam/book?utm_source=rwg"",""source"":""district.in""}]",https://lh3.googleusercontent.com/gps-cs-s/AHRPTWnZgcopRqYxbbPK3xJ3ZsRRu1iOWxazC3EwvYdvgioIf1fnsjzyooXA8q2NEZLeCVg7-dChcprWgqjM6Osp28AMCHhXv_B01wcwW8SGLCiaT4r-0jHKntmWK2SxkXPs9uK7ls9W=w1920-h1080-k-no,200-400,"[{""day"":""Monday"",""times"":[""11 am-3 am""]},{""day"":""Tuesday"",""times"":[""11 am-3 am""]},{""day"":""Wednesday"",""times"":[""11 am-3 am""]},{""day"":""Thursday"",""times"":[""11 am-3 am""]},{""day"":""Friday"",""times"":[""11 am-3 am""]},{""day"":""Saturday"",""times"":[""11 am-3 am""]},{""day"":""Sunday"",""times"":[""11 am-3 am""]}]"
ChIJ3fCHEN1N4DsRljTGZjGLbes,/g/11cn9gn0cj,Tipsy Topsy Parle Point,Fast food restaurant,"[""Fast food restaurant""]",4.1,154,,,"5QGV+3Q5, Umra Gam, Athwa, Surat, Gujarat 395007","{""ward"":""Umra Gam, Athwa"",""street"":""5QGV+3Q5"",""city"":""Surat"",""postal_code"":""395007"",""state"":""Gujarat"",""country_code"":""IN""}","{""latitude"":21.175138699999998,""longitude"":72.794482}",https://www.google.com/maps/place/Tipsy+Topsy+Parle+Point/data=!4m7!3m6!1s0x3be04ddd1087f0dd:0xeb6d8b3166c63496!8m2!3d21.1751387!4d72.794482!16s%2Fg%2F11cn9gn0cj!19sChIJ3fCHEN1N4DsRljTGZjGLbes?authuser=0&hl=en&g_ep=EgoyMDI2MDgxOS4wIJJjKgBIAVAD&rclk=1,,[],https://lh3.googleusercontent.com/gps-cs-s/AHRPTWn2w7c34-6RF460_ZSbfXe2eGRd57D7bdwf-E9zy7apGZF63d6u3ftQJwp14FpV6o4tnExkn0mMP8dhRmQ2y6QsLUdRgwNmBsA4Sbx8HMAZl3A8qcGJ1-RaHMb-JM9CVkQvfB8=w1920-h1080-k-no,1-200,"[{""day"":""Monday"",""times"":[""10 am-11 pm""]},{""day"":""Tuesday"",""times"":[""10 am-11 pm""]},{""day"":""Wednesday"",""times"":[""10 am-11 pm""]},{""day"":""Thursday"",""times"":[""10 am-11 pm""]},{""day"":""Friday"",""times"":[""10 am-11 pm""]},{""day"":""Saturday"",""times"":[""10 am-11 pm""]},{""day"":""Sunday"",""times"":[""10 am-11 pm""]}]"
ChIJE0VYLrlN4DsRx1_uWovMkAw,/g/11vrr3l460,Surat Khaman House Amish Bhai,Restaurant,"[""Restaurant""]",4.4,151,099246 66000,,"Sagar Complex, 3/4, Anand Mahal Rd, Opposite Center Point, Giriraj Society, Adajan, Surat, Gujarat 395009","{""ward"":""Opposite Center Point, Giriraj Society, Adajan"",""street"":""Sagar Complex, 3/4, Anand Mahal Rd"",""city"":""Surat"",""postal_code"":""395009"",""state"":""Gujarat"",""country_code"":""IN""}","{""latitude"":21.1976649,""longitude"":72.7961534}",https://www.google.com/maps/place/Surat+Khaman+House+Amish+Bhai/data=!4m7!3m6!1s0x3be04db92e584513:0xc90cc8b5aee5fc7!8m2!3d21.1976649!4d72.7961534!16s%2Fg%2F11vrr3l460!19sChIJE0VYLrlN4DsRx1_uWovMkAw?authuser=0&hl=en&g_ep=EgoyMDI2MDgxOS4wIJJjKgBIAVAD&rclk=1,,[],https://lh3.googleusercontent.com/gps-cs-s/AHRPTWn_Gujz7GdQGAX1gsjVLNmhOXA6LhkYGdDRYwxBYlCOcPcLUF0r5GnWeQFC9K4t-bhaqtnZRnJoTMuP12FsLiKhTfaqyuX0-mmIEUCbmnrAyXHMXapwnxRSTLDhD5u5sXs1qUJxP1vV2RiK=w1920-h1080-k-no,1-200,"[{""day"":""Monday"",""times"":[""6 am-8 pm""]},{""day"":""Tuesday"",""times"":[""6 am-8 pm""]},{""day"":""Wednesday"",""times"":[""6 am-8 pm""]},{""day"":""Thursday"",""times"":[""6 am-8 pm""]},{""day"":""Friday"",""times"":[""6 am-8 pm""]},{""day"":""Saturday"",""times"":[""6 am-8 pm""]},{""day"":""Sunday"",""times"":[""6 am-8 pm""]}]"
ChIJtZHVR3dO4DsRiVkoGarT4RU,/g/11c464lst0,Le Cuisine Restaurant,Fast food restaurant,"[""Fast food restaurant""]",4.2,150,,,"Dr. Mansukhlal Tower, Ram Nagar, Athwa Gate, Surat, Gujarat 395001","{""ward"":""Ram Nagar, Athwa Gate"",""street"":""Dr. Mansukhlal Tower"",""city"":""Surat"",""postal_code"":""395001"",""state"":""Gujarat"",""country_code"":""IN""}","{""latitude"":21.1848463,""longitude"":72.80944029999999}",https://www.google.com/maps/place/Le+Cuisine+Restaurant/data=!4m7!3m6!1s0x3be04e7747d591b5:0x15e1d3aa19285989!8m2!3d21.1848463!4d72.8094403!16s%2Fg%2F11c464lst0!19sChIJtZHVR3dO4DsRiVkoGarT4RU?authuser=0&hl=en&g_ep=EgoyMDI2MDgxOS4wIJJjKgBIAVAD&rclk=1,,[],https://lh3.googleusercontent.com/gps-cs-s/AHRPTWk8vj-yc1hEzi7GBapZ2tKUoCxtOoxKh1y47PjOG7PnygPF5NC4i_rk5ClQZpNldc0OjnCe6NUOgyXa4EsJwwb8SThnWeucNC7f5j-uOYO9YLTOpXpaalD80mbyL5_Ij5qfNeE=w1920-h1080-k-no,1-200,"[{""day"":""Monday"",""times"":[""12 pm-12 am""]},{""day"":""Tuesday"",""times"":[""12 pm-12 am""]},{""day"":""Wednesday"",""times"":[""12 pm-12 am""]},{""day"":""Thursday"",""times"":[""12 pm-12 am""]},{""day"":""Friday"",""times"":[""12 pm-12 am""]},{""day"":""Saturday"",""times"":[""12 pm-12 am""]},{""day"":""Sunday"",""times"":[""12 pm-12 am""]}]"
ChIJzwhl15RP4DsRMBV3OYU97_k,/g/11gjq0pxvx,A1 Parsi Food,Restaurant,"[""Restaurant""]",4,147,098252 71323,,"5RQ7+9RH, Dangor St, Timaliawad, Nanpura, Surat, Gujarat 395001","{""ward"":""Timaliawad, Nanpura"",""street"":""5RQ7+9RH, Dangor St"",""city"":""Surat"",""postal_code"":""395001"",""state"":""Gujarat"",""country_code"":""IN""}","{""latitude"":21.1884406,""longitude"":72.8145942}",https://www.google.com/maps/place/A1+Parsi+Food/data=!4m7!3m6!1s0x3be04f94d76508cf:0xf9ef3d8539771530!8m2!3d21.1884406!4d72.8145942!16s%2Fg%2F11gjq0pxvx!19sChIJzwhl15RP4DsRMBV3OYU97_k?authuser=0&hl=en&g_ep=EgoyMDI2MDgxOS4wIJJjKgBIAVAD&rclk=1,,[],https://lh3.googleusercontent.com/gps-cs-s/AHRPTWmspFspCLH-LnS4kA7Tb3UFuWmDqHoAVR1q2_qtOW6JDgc4WqHqIz0SrGJ5eDKW-YQCpauTGa290gi_7Yg687ym4xb_ZWVgVgLlREbtocxNMwU_v8Z1H61IFeG3EtX75CzYz1JA=w1920-h1080-k-no,200-800,"[{""day"":""Monday"",""times"":[""11 am-11 pm""]},{""day"":""Tuesday"",""times"":[""11 am-11 pm""]},{""day"":""Wednesday"",""times"":[""11 am-11 pm""]},{""day"":""Thursday"",""times"":[""11 am-11 pm""]},{""day"":""Friday"",""times"":[""11 am-11 pm""]},{""day"":""Saturday"",""times"":[""11 am-11 pm""]},{""day"":""Sunday"",""times"":[""11 am-11 pm""]}]"
ChIJzek5dOBN4DsRQDHKcDcTIGc,/g/11v9kkb1jk,Little Fork Cafe,Cafe,"[""Cafe""]",4.8,144,074340 56474,,"G12-A, Green Palladia, adajan, opp. Raj World Shopping center, Palanpur, Surat, Gujarat 395009","{""ward"":""Palanpur"",""street"":""G12-A, Green Palladia, adajan, opp. Raj World Shopping center"",""city"":""Surat"",""postal_code"":""395009"",""state"":""Gujarat"",""country_code"":""IN""}","{""latitude"":21.2107817,""longitude"":72.7730366}",https://www.google.com/maps/place/Little+Fork+Cafe/data=!4m7!3m6!1s0x3be04de07439e9cd:0x6720133770ca3140!8m2!3d21.2107817!4d72.7730366!16s%2Fg%2F11v9kkb1jk!19sChIJzek5dOBN4DsRQDHKcDcTIGc?authuser=0&hl=en&g_ep=EgoyMDI2MDgxOS4wIJJjKgBIAVAD&rclk=1,,"[{""link"":""https://www.swiggy.com/restaurants/little-fork-cafe-palanpore-adajan-surat-767704/dineout?is_retargeting=true&media_source=GoogleReserve&utm_campaign=GoogleMap&utm_source=GoogleReserve"",""source"":""swiggy.com""}]",https://lh3.googleusercontent.com/gps-cs-s/AHRPTWnViUBFnuogwpaiiE1lpfyErJA0FANhJm-HhAwyohGh46_Pemmh9v-CaT8_bZTx2-amW76dbaDbGd_iue3eeTaw7F6lz1l7v367ZLyPDnFrt68FWYiUTcXD_VEjHuBGgcZqcKelPw=w1920-h1080-k-no,1-200,"[{""day"":""Monday"",""times"":[""12-11:50 pm""]},{""day"":""Tuesday"",""times"":[""12-11:50 pm""]},{""day"":""Wednesday"",""times"":[""12-11:50 pm""]},{""day"":""Thursday"",""times"":[""12-11:50 pm""]},{""day"":""Friday"",""times"":[""12-11:50 pm""]},{""day"":""Saturday"",""times"":[""12-11:50 pm""]},{""day"":""Sunday"",""times"":[""12-11:50 pm""]}]"
ChIJ360xhGhN4DsRmTrVr_Te7Cs,/g/11vqk_60sd,Jalaram Pavbhaji & Chinese,Food court,"[""Food court"",""Fast food restaurant""]",4.8,137,063519 25236,,"Navkar Apartment, 7-8, Road, beside Gangeshwar Mahadev Mandir, Atman Park, Adajan, Surat, Gujarat 395009","{""ward"":""Atman Park, Adajan"",""street"":""Navkar Apartment, 7-8, Road, beside Gangeshwar Mahadev Mandir"",""city"":""Surat"",""postal_code"":""395009"",""state"":""Gujarat"",""country_code"":""IN""}","{""latitude"":21.199334099999998,""longitude"":72.7888073}",https://www.google.com/maps/place/Jalaram+Pavbhaji+%26+Chinese/data=!4m7!3m6!1s0x3be04d688431addf:0x2becdef4afd53a99!8m2!3d21.1993341!4d72.7888073!16s%2Fg%2F11vqk_60sd!19sChIJ360xhGhN4DsRmTrVr_Te7Cs?authuser=0&rclk=1&hl=en,,[],https://lh3.googleusercontent.com/gps-cs-s/AHRPTWlMrLbOwZhP_67pPXqjL4QeDEEny9HRPdXfpsdDTUBOA6ZSsR7Py_RJVWlzkG3HDjE6YOmSDt8HuYsrOGWSsKSV7erJ_E-Sex0gj0-BQhji4EjywDqMiBI1nCejaMQUcHCFGeEXfw=w1920-h1080-k-no,,"[{""day"":""Monday"",""times"":[""5-11:30 pm""]},{""day"":""Tuesday"",""times"":[""5-11:30 pm""]},{""day"":""Wednesday"",""times"":[""5-11:30 pm""]},{""day"":""Thursday"",""times"":[""5-11:30 pm""]},{""day"":""Friday"",""times"":[""5-11:30 pm""]},{""day"":""Saturday"",""times"":[""5-11:30 pm""]},{""day"":""Sunday"",""times"":[""5-11:30 pm""]}]"
ChIJpz0sEvVN4DsRk9URbWPnAeg,/g/11lmglg54t,Umiya Kutchi Dabeli,Fast food restaurant,"[""Fast food restaurant""]",4.8,137,095374 91112,,"Arihant Arcade, Palanpur Canal Rd, near Mathura Nagari, Palanpur, Surat, Gujarat 395009","{""ward"":""Palanpur"",""street"":""Arihant Arcade, Palanpur Canal Rd, near Mathura Nagari"",""city"":""Surat"",""postal_code"":""395009"",""state"":""Gujarat"",""country_code"":""IN""}","{""latitude"":21.2071752,""longitude"":72.7701067}",https://www.google.com/maps/place/Umiya+Kutchi+Dabeli/data=!4m7!3m6!1s0x3be04df5122c3da7:0xe801e7636d11d593!8m2!3d21.2071752!4d72.7701067!16s%2Fg%2F11lmglg54t!19sChIJpz0sEvVN4DsRk9URbWPnAeg?authuser=0&rclk=1&hl=en,,[],https://lh3.googleusercontent.com/gps-cs-s/AHRPTWl0EIBfn_OS6U6A9XZaSO6VwqeKSAwNBcIEHYvinHyNsz753OFZapApdHtU0G4aESKx3CDhtE35ZGUpkD5kEaLKNKbI0HCkcBfJ9IpHK6I8Yjgnyt4-BbMFXpW5bXTSFyw0H97D=w1920-h1080-k-no,1-200,"[{""day"":""Monday"",""times"":[""12-10 pm""]},{""day"":""Tuesday"",""times"":[""12-10 pm""]},{""day"":""Wednesday"",""times"":[""12-10 pm""]},{""day"":""Thursday"",""times"":[""12-10 pm""]},{""day"":""Friday"",""times"":[""12-10 pm""]},{""day"":""Saturday"",""times"":[""12-10 pm""]},{""day"":""Sunday"",""times"":[""12-10 pm""]}]"
ChIJXT4HfqxN4DsROlAz9COG9IA,/g/11ltjzfzmv,Banana Patra,South Indian restaurant,"[""South Indian restaurant""]",4.4,134,084695 46000,,"G-6, Marvella Business Hub, opp. Pal RTO, Adajan Gam, Pal Gam, Surat, Gujarat 394510","{""ward"":""Adajan Gam, Pal Gam"",""street"":""G-6, Marvella Business Hub, opp. Pal RTO"",""city"":""Surat"",""postal_code"":""394510"",""state"":""Gujarat"",""country_code"":""IN""}","{""latitude"":21.1830969,""longitude"":72.783337}",https://www.google.com/maps/place/Banana+Patra/data=!4m7!3m6!1s0x3be04dac7e073e5d:0x80f48623f433503a!8m2!3d21.1830969!4d72.783337!16s%2Fg%2F11ltjzfzmv!19sChIJXT4HfqxN4DsROlAz9COG9IA?authuser=0&hl=en&g_ep=EgoyMDI2MDgxOS4wIJJjKgBIAVAD&rclk=1,,"[{""link"":""https://www.zomato.com/surat/banana-patra-adajan-gam/book?utm_source=rwg"",""source"":""zomato.com""},{""link"":""https://www.district.in/dining/surat/banana-patra-adajan-gam/book?utm_source=rwg"",""source"":""district.in""}]",https://lh3.googleusercontent.com/gps-cs-s/AHRPTWl1MKy_yr0D_BDhJSXaE0LOtHkTDgcQcgck7YJfYnmpVe4JGPg9RO9fAIyUytOS7q_mpvk4FZ9IaD-rnwU8i5JXjq9-axMaj2eKhXajmDPbrbjW1-Cl3n3bqbWJsty9-Z7M5Ufh=w1920-h1080-k-no,200-400,"[{""day"":""Monday"",""times"":[""10 am-11 pm""]},{""day"":""Tuesday"",""times"":[""10 am-11 pm""]},{""day"":""Wednesday"",""times"":[""10 am-11 pm""]},{""day"":""Thursday"",""times"":[""10 am-11 pm""]},{""day"":""Friday"",""times"":[""10 am-11 pm""]},{""day"":""Saturday"",""times"":[""10 am-11 pm""]},{""day"":""Sunday"",""times"":[""10 am-11 pm""]}]"
ChIJp27hLrJN4DsRyYzN0SSMbPw,/g/11ss9t_4gv,Bell  11,Fast food restaurant,"[""Fast food restaurant"",""Catering food and drink supplier""]",4.8,133,098792 48370,,"La Pentola, 29, near Galaxy Circle, Adajan, Surat, Gujarat 395009","{""ward"":""Adajan"",""street"":""La Pentola, 29, near Galaxy Circle"",""city"":""Surat"",""postal_code"":""395009"",""state"":""Gujarat"",""country_code"":""IN""}","{""latitude"":21.1893636,""longitude"":72.7785303}",https://www.google.com/maps/place/Bell+%F0%9F%94%94+11/data=!4m7!3m6!1s0x3be04db22ee16ea7:0xfc6c8c24d1cd8cc9!8m2!3d21.1893636!4d72.7785303!16s%2Fg%2F11ss9t_4gv!19sChIJp27hLrJN4DsRyYzN0SSMbPw?authuser=0&hl=en&g_ep=EgoyMDI2MDgxOS4wIJJjKgBIAVAD&rclk=1,,"[{""link"":""https://www.swiggy.com/restaurants/bell-11-pal-gam-adajan-surat-730181/dineout?is_retargeting=true&media_source=GoogleReserve&utm_campaign=GoogleMap&utm_source=GoogleReserve"",""source"":""swiggy.com""}]",https://lh3.googleusercontent.com/gps-cs-s/AHRPTWlBzWEV1dqua2RicEIkcRtDPb9rZpu912tFtwu5WsojYscjhr-xInT0Z6SrjJJS3hWa7h3XF0f2-z3XaxR3HR8pybt3gYsVTD1hK3vDT1mfDmolHKoALnHBXPKUwfGSPGsuw0LwRXoSL7fJ=w1920-h1080-k-no,200-400,"[{""day"":""Monday"",""times"":[""4:30 pm-1 am""]},{""day"":""Tuesday"",""times"":[""4:30 pm-1 am""]},{""day"":""Wednesday"",""times"":[""4:30 pm-1 am""]},{""day"":""Thursday"",""times"":[""4:30 pm-1 am""]},{""day"":""Friday"",""times"":[""4:30 pm-1 am""]},{""day"":""Saturday"",""times"":[""4:30 pm-1 am""]},{""day"":""Sunday"",""times"":[""4:30 pm-1 am""]}]"
ChIJsZz1KQBN4DsRE3R3F9g1EXM,/g/11xyml70dx,Great Indian Tadka,Indian restaurant,"[""Indian restaurant""]",4.4,131,,,"6,7&8, Siddhi Residency, Pal Gam Rd, Pal Gam, Surat, Gujarat 394510","{""ward"":""Pal Gam"",""street"":""6,7&8, Siddhi Residency, Pal Gam Rd"",""city"":""Surat"",""postal_code"":""394510"",""state"":""Gujarat"",""country_code"":""IN""}","{""latitude"":21.1934221,""longitude"":72.77932729999999}",https://www.google.com/maps/place/Great+Indian+Tadka/data=!4m7!3m6!1s0x3be04d0029f59cb1:0x731135d817777413!8m2!3d21.1934221!4d72.7793273!16s%2Fg%2F11xyml70dx!19sChIJsZz1KQBN4DsRE3R3F9g1EXM?authuser=0&rclk=1&hl=en,,"[{""link"":""https://www.swiggy.com/restaurants/great-indian-tadka-pal-gam-koramangala-surat-1338483/dineout?is_retargeting=true&media_source=GoogleReserve&utm_campaign=GoogleMap&utm_source=GoogleReserve"",""source"":""swiggy.com""},{""link"":""https://www.eazydiner.com/surat/great-indian-tadka-pal-gam-surat-709656"",""source"":""eazydiner.com""}]",https://lh3.googleusercontent.com/gps-cs-s/AHRPTWm9C7AUX6EprX7wDtPsYWKuC5qs0MUNnS0zrcWUmo7ymBC0lFDyCOo5tg2DJVKovBwQqgOO2aK8mV-fveKod1iKGJgrhJZSuXG0Un2qJ14qyOusXKZqqAUP0gdIf0Zxunn9cczt97WplIGn=w1920-h1080-k-no,200-400,"[{""day"":""Monday"",""times"":[""11 am-3 pm"",""6-11:30 pm""]},{""day"":""Tuesday"",""times"":[""Open 24 hours""]},{""day"":""Wednesday"",""times"":[""Open 24 hours""]},{""day"":""Thursday"",""times"":[""Open 24 hours""]},{""day"":""Friday"",""times"":[""Open 24 hours""]},{""day"":""Saturday"",""times"":[""Open 24 hours""]},{""day"":""Sunday"",""times"":[""Open 24 hours""]}]"
ChIJWaYqEP9N4DsRUrER7P0q2vY,/g/11vkrhjpkp,ROYAL STREET FOOD,Food court,"[""Food court""]",4.9,131,088496 49129,,"opp. Shilalekh Apartment, near Madhuvan Circle, Adajan Gam, Adajan, Surat, Gujarat 395009","{""ward"":""Adajan Gam, Adajan"",""street"":""opp. Shilalekh Apartment, near Madhuvan Circle"",""city"":""Surat"",""postal_code"":""395009"",""state"":""Gujarat"",""country_code"":""IN""}","{""latitude"":21.190282999999997,""longitude"":72.786231}",https://www.google.com/maps/place/ROYAL+STREET+FOOD/data=!4m7!3m6!1s0x3be04dff102aa659:0xf6da2afdec11b152!8m2!3d21.190283!4d72.786231!16s%2Fg%2F11vkrhjpkp!19sChIJWaYqEP9N4DsRUrER7P0q2vY?authuser=0&hl=en&g_ep=EgoyMDI2MDgxOS4wIJJjKgBIAVAD&rclk=1,,[],https://lh3.googleusercontent.com/gps-cs-s/AHRPTWlHt7NMQSEUGVCegeYAc7YHTmr3Lzx99sSDa3RjdOa3qBi2Y_sUOvr3JoCOZHmdGj7Efh9NzfUAdoWWn8UJk8uPXXDeWa0GWx2iHeN-mgaO0LgrMP5QyxZ9OpgzhQ6ijTaj8C8QFcTE_yXT=w1920-h1080-k-no,1-200,"[{""day"":""Monday"",""times"":[""9 am-5 pm""]},{""day"":""Tuesday"",""times"":[""9 am-5 pm""]},{""day"":""Wednesday"",""times"":[""9 am-5 pm""]},{""day"":""Thursday"",""times"":[""9 am-5 pm""]},{""day"":""Friday"",""times"":[""9 am-5 pm""]},{""day"":""Saturday"",""times"":[""9 am-5 pm""]},{""day"":""Sunday"",""times"":[""Closed""]}]"
ChIJA6eds4pN4DsRcxoPwyDYuU8,/g/11jzw6fs19,Blowup Cafe,Cafe,"[""Cafe"",""Coffee shop"",""Dessert restaurant"",""Fast food restaurant"",""Pancake restaurant"",""Sandwich shop"",""Sundae restaurant""]",4.6,123,099799 32037,https://dkassociate.in/,"G-6, Helios, Galaxy Circle, Adajan, next to Surat, Peoples Bank, Pal Gam, Surat, Gujarat 395009","{""ward"":""Peoples Bank, Pal Gam"",""street"":""G-6, Helios, Galaxy Circle, Adajan, next to Surat"",""city"":""Surat"",""postal_code"":""395009"",""state"":""Gujarat"",""country_code"":""IN""}","{""latitude"":21.190038299999998,""longitude"":72.7794837}",https://www.google.com/maps/place/Blowup+Cafe/data=!4m7!3m6!1s0x3be04d8ab39da703:0x4fb9d820c30f1a73!8m2!3d21.1900383!4d72.7794837!16s%2Fg%2F11jzw6fs19!19sChIJA6eds4pN4DsRcxoPwyDYuU8?authuser=0&hl=en&g_ep=EgoyMDI2MDgxOS4wIJJjKgBIAVAD&rclk=1,,"[{""link"":""https://www.swiggy.com/restaurants/blowup-cafe-pal-gam-koramangala-surat-1101540/dineout?is_retargeting=true&media_source=GoogleReserve&utm_campaign=GoogleMap&utm_source=GoogleReserve"",""source"":""swiggy.com""},{""link"":""https://www.zomato.com/surat/blow-up-cafe-pal-gam/book?utm_source=rwg"",""source"":""zomato.com""},{""link"":""https://www.district.in/dining/surat/blow-up-cafe-pal-gam/book?utm_source=rwg"",""source"":""district.in""}]",https://lh3.googleusercontent.com/gps-cs-s/AHRPTWk-HoQ65yL5HvizAYhkLQY4jAAwDV_mQPiPACO0KTp1shHaYUr0O9gDoQMyLFKUxwY2a_luhXkK0G1wa93u-DzoSOO5v59NxsFp4HqO1QMBCd09I07gA05VVCPnBKHtc3MR6_w=w1920-h1080-k-no,1-200,"[{""day"":""Monday"",""times"":[""12 pm-12 am""]},{""day"":""Tuesday"",""times"":[""12 pm-12 am""]},{""day"":""Wednesday"",""times"":[""12 pm-12 am""]},{""day"":""Thursday"",""times"":[""12 pm-12 am""]},{""day"":""Friday"",""times"":[""12 pm-12 am""]},{""day"":""Saturday"",""times"":[""12 pm-12 am""]},{""day"":""Sunday"",""times"":[""12 pm-12 am""]}]"
ChIJY-p-PWtN4DsRtjmt_5gFqOQ,/g/11jq481xw6,Jay Bhavani Omelet Center,Family restaurant,"[""Family restaurant""]",4.4,123,093276 18120,,"Jalaram Temple, Pal Gam, Surat, Gujarat 394510","{""ward"":""Pal Gam"",""street"":""Jalaram Temple"",""city"":""Surat"",""postal_code"":""394510"",""state"":""Gujarat"",""country_code"":""IN""}","{""latitude"":21.1915269,""longitude"":72.77660089999999}",https://www.google.com/maps/place/Jay+Bhavani+Omelet+Center/data=!4m7!3m6!1s0x3be04d6b3d7eea63:0xe4a80598ffad39b6!8m2!3d21.1915269!4d72.7766009!16s%2Fg%2F11jq481xw6!19sChIJY-p-PWtN4DsRtjmt_5gFqOQ?authuser=0&hl=en&g_ep=EgoyMDI2MDgxOS4wIJJjKgBIAVAD&rclk=1,,[],https://lh3.googleusercontent.com/gps-cs-s/AHRPTWk0WPTY80XFzHZ8Xw8C0SZsgFGoYwzHlPfI3YxFkyGM6z1eu8Y7EVk2YE3MOaHQcj-mPNE7bN6zdP1YTntIj-FCOGK3Te1oiX-B3xWB8F7khvSIu-jjPjveZzUCdooPXZabNQZi=w1920-h1080-k-no,200-400,"[{""day"":""Monday"",""times"":[""12 pm-12 am""]},{""day"":""Tuesday"",""times"":[""12 pm-12 am""]},{""day"":""Wednesday"",""times"":[""12 pm-12 am""]},{""day"":""Thursday"",""times"":[""12 pm-12 am""]},{""day"":""Friday"",""times"":[""12 pm-12 am""]},{""day"":""Saturday"",""times"":[""12 pm-12 am""]},{""day"":""Sunday"",""times"":[""12 pm-12 am""]}]"
ChIJyUS5Rn5N4DsRp_1b04k8TFE,/g/11fp3s298b,Baba omlet Center,Restaurant,"[""Restaurant""]",4.3,121,081408 89181,,"Alishan apartment, G7 Nr. Income tax building, opp. Star bazar, Adajan, Surat, Gujarat 395009","{""ward"":""Jalaram Society, Adajan Gam, Adajan"",""street"":""Alishan apartment, G7 Nr. Income tax building, opp. Star bazar"",""city"":""Surat"",""postal_code"":""395009"",""state"":""Gujarat"",""country_code"":""IN""}","{""latitude"":21.1871305,""longitude"":72.7944946}",https://www.google.com/maps/place/Baba+omlet+Center/data=!4m7!3m6!1s0x3be04d7e46b944c9:0x514c3c89d35bfda7!8m2!3d21.1871305!4d72.7944946!16s%2Fg%2F11fp3s298b!19sChIJyUS5Rn5N4DsRp_1b04k8TFE?authuser=0&rclk=1&hl=en,,"[{""link"":""https://www.swiggy.com/restaurants/baba-omlet-center-gam-adajan-surat-1292146/dineout?is_retargeting=true&media_source=GoogleReserve&utm_campaign=GoogleMap&utm_source=GoogleReserve"",""source"":""swiggy.com""}]",https://lh3.googleusercontent.com/gps-cs-s/AHRPTWlDhox8ql4n9cwfgbAytJ6kobxNW0kyjAbD6WvqE-eJqAXS3EOTU-kUPvFHd4xouGKM-7IWTTAKu_FhKTOjHjDXMyQApQVEk_9IdQHeg4BL-mmHW58sZ4mNgbT-u7MtlMZbQUhs=w1920-h1080-k-no,200-400,"[{""day"":""Monday"",""times"":[""10 am-11:30 pm""]},{""day"":""Tuesday"",""times"":[""10 am-11:30 pm""]},{""day"":""Wednesday"",""times"":[""10 am-11:30 pm""]},{""day"":""Thursday"",""times"":[""10 am-11:30 pm""]},{""day"":""Friday"",""times"":[""10 am-11:30 pm""]},{""day"":""Saturday"",""times"":[""10 am-11:30 pm""]},{""day"":""Sunday"",""times"":[""10 am-11:30 pm""]}]"
ChIJC8jZlEhM4DsRvjPg3TYLx8A,/g/11c70b005j,Gujarati & Non Gujarati Tiffin Services in surat,Tiffin Service Provider,"[""Tiffin Service Provider"",""Gujarati restaurant"",""Restaurant""]",4.2,115,097222 05522,,"Sidheswar Complex, Vidhyakunj School, C2 - G2, Pal Rd, opp. Nootan Row House, B/h, Adajan, Surat, Gujarat 394510","{""ward"":""B/h, Adajan"",""street"":""Sidheswar Complex, Vidhyakunj School, C2 - G2, Pal Rd, opp. Nootan Row House"",""city"":""Surat"",""postal_code"":""394510"",""state"":""Gujarat"",""country_code"":""IN""}","{""latitude"":21.2061918,""longitude"":72.78118119999999}",https://www.google.com/maps/place/Gujarati+%26+Non+Gujarati+Tiffin+Services+in+surat/data=!4m7!3m6!1s0x3be04c4894d9c80b:0xc0c70b36dde033be!8m2!3d21.2061918!4d72.7811812!16s%2Fg%2F11c70b005j!19sChIJC8jZlEhM4DsRvjPg3TYLx8A?authuser=0&hl=en&g_ep=EgoyMDI2MDgxOS4wIJJjKgBIAVAD&rclk=1,,[],https://lh3.googleusercontent.com/gps-cs-s/AHRPTWlnLWVwAAHRVl6JLntMBqn_-yx6ks7m5kYzdKnZoukh9EpVRq9JB0ms_nyGNpwLP03DlBb6BTLIjBOGkSKKj6u3mJuNuVQPFhakNibAXTrSw51uXReUzROrTFTutQ24mo53=w1920-h1080-k-no,,[]
ChIJaevdZgBN4DsRkiPuvfJpOhQ,/g/11wc6w17dw,Abhishekam - The Taste of South | Adajan,South Indian restaurant,"[""South Indian restaurant""]",4.7,109,098670 82589,,"Shop no 7, Royal Residency, op Mahalakshmi temple, Anand Mahal Rd, Chatrapati Shivaji Nagar, Adajan Gam, Adajan, Surat, Gujarat 395009","{""ward"":""Chatrapati Shivaji Nagar, Adajan Gam, Adajan"",""street"":""Shop no 7, Royal Residency, op Mahalakshmi temple, Anand Mahal Rd"",""city"":""Surat"",""postal_code"":""395009"",""state"":""Gujarat"",""country_code"":""IN""}","{""latitude"":21.1969678,""longitude"":72.794229}",https://www.google.com/maps/place/Abhishekam+-+The+Taste+of+South+%7C+Adajan/data=!4m7!3m6!1s0x3be04d0066ddeb69:0x143a69f2bdee2392!8m2!3d21.1969678!4d72.794229!16s%2Fg%2F11wc6w17dw!19sChIJaevdZgBN4DsRkiPuvfJpOhQ?authuser=0&rclk=1,,[],https://lh3.googleusercontent.com/gps-cs-s/AHRPTWnH0j4cP-azJeyBaszW4mPjyUmZu5NKVYmJKMHgtTB8NDog8flDLcZSzeeYFOhnkGj22WLPO0QMi8xO59b4u24tbkxA9UEfwdyeYzOz56fdcfWYEpXDREsuKcm3toENZNDRymOp=w1920-h1080-k-no,1-200,"[{""day"":""Monday"",""times"":[""8 am-10:30 pm""]},{""day"":""Tuesday"",""times"":[""8 am-10:30 pm""]},{""day"":""Wednesday"",""times"":[""8 am-10:30 pm""]},{""day"":""Thursday"",""times"":[""8 am-10:30 pm""]},{""day"":""Friday"",""times"":[""8 am-10:30 pm""]},{""day"":""Saturday"",""times"":[""8 am-10:30 pm""]},{""day"":""Sunday"",""times"":[""8 am-10:30 pm""]}]"
ChIJcVMo6hRN4DsRbVuba4AymJw,/g/11h64s6pl0,Gurung Momos(Parle Point),Chinese restaurant,"[""Chinese restaurant""]",4.4,109,,,"5QGV+2QX, below dhiraj sons, Parle Point, Umra Gam, Athwa, Surat, Gujarat 395007","{""ward"":""Parle Point, Umra Gam, Athwa"",""street"":""5QGV+2QX, below dhiraj sons"",""city"":""Surat"",""postal_code"":""395007"",""state"":""Gujarat"",""country_code"":""IN""}","{""latitude"":21.175103399999998,""longitude"":72.79449319999999}",https://www.google.com/maps/place/Gurung+Momos(Parle+Point)/data=!4m7!3m6!1s0x3be04d14ea285371:0x9c9832806b9b5b6d!8m2!3d21.1751034!4d72.7944932!16s%2Fg%2F11h64s6pl0!19sChIJcVMo6hRN4DsRbVuba4AymJw?authuser=0&hl=en&g_ep=EgoyMDI2MDgxOS4wIJJjKgBIAVAD&rclk=1,,[],https://lh3.googleusercontent.com/gps-cs-s/AHRPTWmsKMg_KbJCLT4sHNYIZdY6BwlMRHO-z-MXDUBc1m517c3lv6rDNz6jpq1YJp3lS7NcAYmG2LXNK67_qcQcw_O-oRTQN0Ur2U127FaxQyF86fxhAIj4DOZ-mp6kW6NNyRoIIKQv=w1920-h1080-k-no,1-200,"[{""day"":""Monday"",""times"":[""4-11 pm""]},{""day"":""Tuesday"",""times"":[""4-11 pm""]},{""day"":""Wednesday"",""times"":[""4-11 pm""]},{""day"":""Thursday"",""times"":[""4-11 pm""]},{""day"":""Friday"",""times"":[""4-11 pm""]},{""day"":""Saturday"",""times"":[""4-11 pm""]},{""day"":""Sunday"",""times"":[""4-11 pm""]}]"
ChIJgV7ua8lN4DsRqrwwm5Ibtx8,/g/11z4mhqk0b,Indian Idli- Authentic South Indian Cafe | Pal Gam Circle | Adajan,South Indian restaurant,"[""South Indian restaurant""]",4.9,106,075740 17065,,"G-26, Raj Victoria, TGB Rd, near Pal Gam - Palanpur Jakatnaka Road, Adajan Gam, Adajan, Surat, Gujarat 394510","{""ward"":""Adajan Gam, Adajan"",""street"":""G-26, Raj Victoria, TGB Rd, near Pal Gam - Palanpur Jakatnaka Road"",""city"":""Surat"",""postal_code"":""394510"",""state"":""Gujarat"",""country_code"":""IN""}","{""latitude"":21.1931363,""longitude"":72.7801461}",https://www.google.com/maps/place/Indian+idli/data=!4m7!3m6!1s0x3be04dc96bee5e81:0x1fb71b929b30bcaa!8m2!3d21.1931363!4d72.7801461!16s%2Fg%2F11z4mhqk0b!19sChIJgV7ua8lN4DsRqrwwm5Ibtx8?authuser=0&rclk=1&hl=en,,[],https://lh3.googleusercontent.com/gps-cs-s/AHRPTWnhaPOBVLivSfQFO8MMcVMShSBRQI-4D1etz8vw7sWiV_Vxnws3uor_pR7iYCjhxPbbPkqYtlvfYl2ZAyNQREoLoQw7qkjO19IK4dk6xsXqQ6m7yHujhE9PcYQ3wCtkRshl8Py2GmbA5OFJ=w1920-h1080-k-no,1-200,"[{""day"":""Monday"",""times"":[""8 am-12 am""]},{""day"":""Tuesday"",""times"":[""8 am-12 am""]},{""day"":""Wednesday"",""times"":[""8 am-12 am""]},{""day"":""Thursday"",""times"":[""8 am-12 am""]},{""day"":""Friday"",""times"":[""8 am-12 am""]},{""day"":""Saturday"",""times"":[""8 am-12 am""]},{""day"":""Sunday"",""times"":[""8 am-12 am""]}]"
ChIJz3_oci5M4DsRnCfKbLCrEb8,/g/1261hzt2z,Mehul Vadapav,Fast food restaurant,"[""Fast food restaurant""]",4.1,106,090992 22909,,"6Q3V+4W5, Guru Ram Pavan Bhumi, Adajan Gam, Adajan, Surat, Gujarat 395009","{""ward"":""Guru Ram Pavan Bhumi, Adajan Gam, Adajan"",""street"":""6Q3V+4W5"",""city"":""Surat"",""postal_code"":""395009"",""state"":""Gujarat"",""country_code"":""IN""}","{""latitude"":21.2027729,""longitude"":72.7948734}",https://www.google.com/maps/place/Mehul+Vadapav/data=!4m7!3m6!1s0x3be04c2e72e87fcf:0xbf11abb06cca279c!8m2!3d21.2027729!4d72.7948734!16s%2Fg%2F1261hzt2z!19sChIJz3_oci5M4DsRnCfKbLCrEb8?authuser=0&hl=en&g_ep=EgoyMDI2MDgxOS4wIJJjKgBIAVAD&rclk=1,,[],https://lh3.googleusercontent.com/gps-cs-s/AHRPTWlv5j6BpeoBP5RsA4IrvPlG_5rXDseAr_VNQl8_1A9rSIq41wjut1l_OJP0WW5wBuuxcbLJdqOjE_RXGOUb4jn99VBJ-T6rO_dHbGrvj6_4BdTXnw0iRciy26J8gbd5uezr0WDr=w1920-h1080-k-no,1-200,"[{""day"":""Monday"",""times"":[""11:30 am-10 pm""]},{""day"":""Tuesday"",""times"":[""11:30 am-10 pm""]},{""day"":""Wednesday"",""times"":[""11:30 am-10 pm""]},{""day"":""Thursday"",""times"":[""11:30 am-10 pm""]},{""day"":""Friday"",""times"":[""11:30 am-10 pm""]},{""day"":""Saturday"",""times"":[""11:30 am-10 pm""]},{""day"":""Sunday"",""times"":[""11:30 am-10 pm""]}]"
ChIJIbEGdvxP4DsRqgeVaQlzWa4,/g/11s_xpqn4h,URBAN EGGS,Fast food restaurant,"[""Fast food restaurant""]",4.1,105,090999 22626,,"rangila park, Shop no : 3 black jack cinema, Ghod Dod Rd, opp. JADE ,BLUE, Surat, Gujarat 395001","{""ward"":""Maktampur, Amarakunj Society, Athwa"",""street"":""rangila park, Shop no : 3 black jack cinema, Ghod Dod Rd, opp. JADE ,BLUE"",""city"":""Surat"",""postal_code"":""395001"",""state"":""Gujarat"",""country_code"":""IN""}","{""latitude"":21.175156899999998,""longitude"":72.8056757}",https://www.google.com/maps/place/URBAN+EGGS/data=!4m7!3m6!1s0x3be04ffc7606b121:0xae597309699507aa!8m2!3d21.1751569!4d72.8056757!16s%2Fg%2F11s_xpqn4h!19sChIJIbEGdvxP4DsRqgeVaQlzWa4?authuser=0&hl=en&g_ep=EgoyMDI2MDgxOS4wIJJjKgBIAVAD&rclk=1,,"[{""link"":""https://www.zomato.com/surat/urban-china-athwa/book?utm_source=rwg"",""source"":""zomato.com""},{""link"":""https://www.district.in/dining/surat/urban-china-athwa/book?utm_source=rwg"",""source"":""district.in""}]",https://lh3.googleusercontent.com/gps-cs-s/AHRPTWmoduGstVAOD-O5Rl9gMlklAs_nnymkhQsoJJ5Hr7AUwra4Jm0jLM_VtiIf4vi-Y1aFz3jzJMUuQZvIfVvZ6rFigI0yLI91_ujXGkqqIEdEpAyMQjVJEnF3d5xr374nDk-bUNrY0Fw5vA4=w1920-h1080-k-no,200-400,"[{""day"":""Monday"",""times"":[""Open 24 hours""]},{""day"":""Tuesday"",""times"":[""Open 24 hours""]},{""day"":""Wednesday"",""times"":[""Open 24 hours""]},{""day"":""Thursday"",""times"":[""Open 24 hours""]},{""day"":""Friday"",""times"":[""Open 24 hours""]},{""day"":""Saturday"",""times"":[""Open 24 hours""]},{""day"":""Sunday"",""times"":[""Open 24 hours""]}]"
ChIJj5WumT9N4DsRCpBmhC_cuKs,/g/11q4l0gd59,HOUSE OF PLATTER,Restaurant,"[""Restaurant""]",4.2,104,095880 75022,,"6, Ground floor, fortune Island, nr. Galaxy Circle, Pal Gam, Surat, Gujarat 394510","{""ward"":""Pal Gam"",""street"":""6, Ground floor, fortune Island, nr. Galaxy Circle"",""city"":""Surat"",""postal_code"":""394510"",""state"":""Gujarat"",""country_code"":""IN""}","{""latitude"":21.1912232,""longitude"":72.77895939999999}",https://www.google.com/maps/place/HOUSE+OF+PLATTER/data=!4m7!3m6!1s0x3be04d3f99ae958f:0xabb8dc2f8466900a!8m2!3d21.1912232!4d72.7789594!16s%2Fg%2F11q4l0gd59!19sChIJj5WumT9N4DsRCpBmhC_cuKs?authuser=0&hl=en&g_ep=EgoyMDI2MDgxOS4wIJJjKgBIAVAD&rclk=1,,[],https://lh3.googleusercontent.com/gps-cs-s/AHRPTWmreVhiHN8wILosfUX2vBcwecDQFxJQDy7U8nJKuSUNgNKwMDKwqwW1l5YZVwUwCz3ijGQ4tfIAi-tSHj6PbqMnfvotB2OcQQ4gKvHe0Rp3CJXybJ9L1spuDUDfji6j_LYQwOp-2l7KuXI=w1920-h1080-k-no,400-600,[]
ChIJ4SkV1mJN4DsRW-OlzB1GOUg,/g/11fsnjsk0n,Leval-1 Restaurant & Caterers,Restaurant,"[""Restaurant""]",4.2,104,098249 10101,,"1, Samay Complex, Anand Mahal Rd, opp. Center Point, Opposite Center Point, Adajan Gam, Adajan, Surat, Gujarat 395009","{""ward"":""Opposite Center Point, Adajan Gam, Adajan"",""street"":""1, Samay Complex, Anand Mahal Rd, opp. Center Point"",""city"":""Surat"",""postal_code"":""395009"",""state"":""Gujarat"",""country_code"":""IN""}","{""latitude"":21.1975813,""longitude"":72.79511579999999}",https://www.google.com/maps/place/Leval-1+Restaurant+%26+Caterers/data=!4m7!3m6!1s0x3be04d62d61529e1:0x4839461dcca5e35b!8m2!3d21.1975813!4d72.7951158!16s%2Fg%2F11fsnjsk0n!19sChIJ4SkV1mJN4DsRW-OlzB1GOUg?authuser=0&rclk=1&hl=en,,"[{""link"":""https://www.swiggy.com/restaurants/leval-1-gam-adajan-surat-369097/dineout?is_retargeting=true&media_source=GoogleReserve&utm_campaign=GoogleMap&utm_source=GoogleReserve"",""source"":""swiggy.com""}]",https://lh3.googleusercontent.com/gps-cs-s/AHRPTWlxgS505QqWZr0M7e6D3Kyy38bvVLWqupPsUY044zhArQWvnb8Ocvcc6YSjAtqYYL2gn5JmgQdewZss6HTeRch9QqJ9brpFbq6CDEIhQsLkKSJiiStJAuARxzhUBFbNnWSBt4Cq=w1920-h1080-k-no,1-200,"[{""day"":""Monday"",""times"":[""11:30 am-11:30 pm""]},{""day"":""Tuesday"",""times"":[""11:30 am-11:30 pm""]},{""day"":""Wednesday"",""times"":[""11:30 am-11 pm""]},{""day"":""Thursday"",""times"":[""11:30 am-11 pm""]},{""day"":""Friday"",""times"":[""11:30 am-11 pm""]},{""day"":""Saturday"",""times"":[""11:30 am-11 pm""]},{""day"":""Sunday"",""times"":[""11:30 am-11 pm""]}]"
ChIJD6fTBvVN4DsR2kMfwVV1HOA,/g/11xfly4h7z,Health Point Natural Food & Juice Bar Surat,Juice shop,"[""Juice shop"",""Beverage Store"",""Coffee shop"",""Salad shop""]",4.9,103,063531 74274,https://health-point-natural.grexa.site/,"Shop 4, School, Shiv Campus, near L.P Savani, Honey Park Area, Adajan, Surat, Gujarat 395009","{""ward"":""Honey Park Area, Adajan"",""street"":""Shop 4, School, Shiv Campus, near L.P Savani"",""city"":""Surat"",""postal_code"":""395009"",""state"":""Gujarat"",""country_code"":""IN""}","{""latitude"":21.2021236,""longitude"":72.7823117}",https://www.google.com/maps/place/Health+Point+Natural+Food+%26+Juice+Bar+Surat/data=!4m7!3m6!1s0x3be04df506d3a70f:0xe01c7555c11f43da!8m2!3d21.2021236!4d72.7823117!16s%2Fg%2F11xfly4h7z!19sChIJD6fTBvVN4DsR2kMfwVV1HOA?authuser=0&hl=en&g_ep=EgoyMDI2MDgxOS4wIJJjKgBIAVAD&rclk=1,"{""link"":""https://wa.me/send?phone=916353174274&text=Hi%2C%20I%20found%20your%20business%20on%20Google%20and%20would%20love%20to%20know%20more%20about%20your%20services."",""source"":""wa.me""}",[],https://lh3.googleusercontent.com/gps-cs-s/AHRPTWlWDa98dUN4x2_IshJXH1IUXwaXcvL7Kwkn9vPfnA9eDWdkP1m5vlHtVKvO6O4qHNfceZtkwdxEzBRPahnKCCJO8onQvaa5zoEY_x4I4Uqkb62QrxCOjxbouZEayPiStjvPT9Wi1qI5UF92=w1920-h1080-k-no,1-200,"[{""day"":""Monday"",""times"":[""7 am-12 am""]},{""day"":""Tuesday"",""times"":[""7 am-12 am""]},{""day"":""Wednesday"",""times"":[""7 am-12 am""]},{""day"":""Thursday"",""times"":[""7 am-12 am""]},{""day"":""Friday"",""times"":[""7 am-12 am""]},{""day"":""Saturday"",""times"":[""7 am-12 am""]},{""day"":""Sunday"",""times"":[""7 am-12 am""]}]"
ChIJeynHygxN4DsRnuhClxytAWw,/g/11ycc3znf2,Burger Farm,Fast food restaurant,"[""Fast food restaurant""]",4.3,98,097730 13285,https://burgerfarm.in/,"Shop - G-22, Raj Victoria, Pal, Adajan Gam, Adajan, Surat, Gujarat 394510","{""ward"":""Adajan Gam, Adajan"",""street"":""Shop - G-22, Raj Victoria, Pal"",""city"":""Surat"",""postal_code"":""394510"",""state"":""Gujarat"",""country_code"":""IN""}","{""latitude"":21.192895399999998,""longitude"":72.7800355}",https://www.google.com/maps/place/Burger+Farm/data=!4m7!3m6!1s0x3be04d0ccac7297b:0x6c01ad1c9742e89e!8m2!3d21.1928954!4d72.7800355!16s%2Fg%2F11ycc3znf2!19sChIJeynHygxN4DsRnuhClxytAWw?authuser=0&hl=en&g_ep=EgoyMDI2MDgxOS4wIJJjKgBIAVAD&rclk=1,,[],https://lh3.googleusercontent.com/gps-cs-s/AHRPTWmSQgr8R4d9m1RdOlxu0a1w6fDDdPku3QxP6qBDo7pmgZC289OGAEJSuI4RVnQz2jUgqS-QhHwZ0lzpiLdddqEPvct3kz49LM7Cn4MBXkPbR112Z4_cFahaHE8sn2LIWL7Kg8VDq2LAM4I=w1920-h1080-k-no,200-400,"[{""day"":""Monday"",""times"":[""11 am-2 am""]},{""day"":""Tuesday"",""times"":[""11 am-2 am""]},{""day"":""Wednesday"",""times"":[""11 am-2 am""]},{""day"":""Thursday"",""times"":[""11 am-2 am""]},{""day"":""Friday"",""times"":[""11 am-2 am""]},{""day"":""Saturday"",""times"":[""11 am-2 am""]},{""day"":""Sunday"",""times"":[""11 am-2 am""]}]"
ChIJNbyMAQBN4DsRpDT-EXNQ97g,/g/11mkzxhvfh,Jalaram Chinese,South Indian restaurant,"[""South Indian restaurant"",""Chinese restaurant"",""Family restaurant"",""Fast food restaurant"",""Indian restaurant"",""Vegetarian restaurant""]",4.8,98,088492 04721,,"G-3,4, Om Shivam Complex, near Gangeshwar Mahadev Mandir, Chatrapati Shivaji Nagar, Adajan Gam, Adajan, Surat, Gujarat 395009","{""ward"":""Chatrapati Shivaji Nagar, Adajan Gam, Adajan"",""street"":""G-3,4, Om Shivam Complex, near Gangeshwar Mahadev Mandir"",""city"":""Surat"",""postal_code"":""395009"",""state"":""Gujarat"",""country_code"":""IN""}","{""latitude"":21.1979406,""longitude"":72.7916635}",https://www.google.com/maps/place/Jalaram+Fancy+Dosa+%26+Chinese/data=!4m7!3m6!1s0x3be04d00018cbc35:0xb8f7507311fe34a4!8m2!3d21.1979406!4d72.7916635!16s%2Fg%2F11mkzxhvfh!19sChIJNbyMAQBN4DsRpDT-EXNQ97g?authuser=0&rclk=1,,[],https://lh3.googleusercontent.com/gps-cs-s/AHRPTWkzksZVtMyHqlqtdeojdxhYV347ejv-u5X1Bx19vMBscsSTOLaas69FOdtwOPEHFcSSg1APpzm00U0Uw3RArxDndAlTgfyiDV0lDYsL0fG_TItkk2hm6dgMfxwWyVYZGqQXUGY1OeAF4CM=w1920-h1080-k-no,1-400,[]
ChIJ38sBW9RN4DsRi_Eg8N17b4w,/g/11gf280bxb,Jay Bhole Omelette Center,Fast food restaurant,"[""Fast food restaurant""]",4.4,98,098240 08910,,"Sant VasuRam Shopping Centre, Maitry Society, Ankur Society, Muktanand Nagar, Adajan, Surat, Gujarat 395009","{""ward"":""Maitry Society, Ankur Society, Muktanand Nagar, Adajan"",""street"":""Sant VasuRam Shopping Centre"",""city"":""Surat"",""postal_code"":""395009"",""state"":""Gujarat"",""country_code"":""IN""}","{""latitude"":21.193340199999998,""longitude"":72.8003561}",https://www.google.com/maps/place/Jay+Bhole+Omelette+Center/data=!4m7!3m6!1s0x3be04dd45b01cbdf:0x8c6f7bddf020f18b!8m2!3d21.1933402!4d72.8003561!16s%2Fg%2F11gf280bxb!19sChIJ38sBW9RN4DsRi_Eg8N17b4w?authuser=0&hl=en&g_ep=EgoyMDI2MDgxOS4wIJJjKgBIAVAD&rclk=1,,[],https://lh3.googleusercontent.com/gps-cs-s/AHRPTWm35kfuzj3sGtsmCXKSqQ8Nuu3KW-Ss75096KazlAWxZetS2zTbTB3jXPNqtVYhV6KgEy2RtgCsY03Yu_VyuqU4Ubiif8xzrXLgz0qsu3qWaM3W7g3Bhu3PFMKZHeC9dyYrgyDlWQ=w1920-h1080-k-no,1-200,"[{""day"":""Monday"",""times"":[""12-11 pm""]},{""day"":""Tuesday"",""times"":[""12-11 pm""]},{""day"":""Wednesday"",""times"":[""12-11 pm""]},{""day"":""Thursday"",""times"":[""12-11 pm""]},{""day"":""Friday"",""times"":[""12-11 pm""]},{""day"":""Saturday"",""times"":[""12-11 pm""]},{""day"":""Sunday"",""times"":[""12-11 pm""]}]"
ChIJv0qWhsBN4DsRs80CPZFjaNo,/g/11vzy3kfyj,UNIQUE RESTAURANT,Restaurant,"[""Restaurant""]",4.8,98,097373 13199,,"shop no. 7, star world, Green City Rd, near baghban circle, Pal Gam, Surat, Gujarat 394510","{""ward"":""Pal Gam"",""street"":""shop no. 7, star world, Green City Rd, near baghban circle"",""city"":""Surat"",""postal_code"":""394510"",""state"":""Gujarat"",""country_code"":""IN""}","{""latitude"":21.1890939,""longitude"":72.7706328}",https://www.google.com/maps/place/UNIQUE+RESTAURANT/data=!4m7!3m6!1s0x3be04dc086964abf:0xda6863913d02cdb3!8m2!3d21.1890939!4d72.7706328!16s%2Fg%2F11vzy3kfyj!19sChIJv0qWhsBN4DsRs80CPZFjaNo?authuser=0&rclk=1,,[],https://lh3.googleusercontent.com/gps-cs-s/AHRPTWlGNzkdef19a8ewZN7agwih9KZxNEDyNxDnN9SJfvDqXWI3yc3ZQfSI1U8LHTMI0vxxqhYjInsXDi6eTUoqAisY4VCKnHSTF4FgsMEJui-VNsL0w-UcP63WvYlr9WMoP0AdGwRwHg=w1920-h1080-k-no,200-800,[]
ChIJvSd_EL9N4DsRe-Ps0cfgzps,/g/11j23636j1,Bhavna Khakhra (Adajan Branch),Food products supplier,"[""Food products supplier"",""Food manufacturer"",""Food Processing Company""]",4.9,96,098799 70819,,"SHOP NO E-5 MADHAV RESIDENCY, Anand Mahal Rd, beside SHREEJI ARCADE, near BHULKA BHAWAN SCHOOL, Adajan, Surat, Gujarat 395009","{""ward"":""Adajan Gam, Adajan"",""street"":""SHOP NO E-5 MADHAV RESIDENCY, Anand Mahal Rd, beside SHREEJI ARCADE, near BHULKA BHAWAN SCHOOL"",""city"":""Surat"",""postal_code"":""395009"",""state"":""Gujarat"",""country_code"":""IN""}","{""latitude"":21.1936781,""longitude"":72.7977315}",https://www.google.com/maps/place/Bhavna+Khakhra+(Adajan+Branch)/data=!4m7!3m6!1s0x3be04dbf107f27bd:0x9bcee0c7d1ece37b!8m2!3d21.1936781!4d72.7977315!16s%2Fg%2F11j23636j1!19sChIJvSd_EL9N4DsRe-Ps0cfgzps?authuser=0&hl=en&g_ep=EgoyMDI2MDgxOS4wIJJjKgBIAVAD&rclk=1,,[],https://lh3.googleusercontent.com/gps-cs-s/AHRPTWnb5bhC6Octp4JYK91R_8UYjuY9fxuEkaDsSGQdaXh9YulysI4nfigqDUY2xbyzGDsfZ5rMN18BSc3U0nC3Mu5mS2hZ3SivMmSvDVwG9boQXGcDk8VandLfvUKF9EumbU5p1MlPX7cGDTUA=w1920-h1080-k-no,,"[{""day"":""Monday"",""times"":[""10 am-9 pm""]},{""day"":""Tuesday"",""times"":[""10 am-9 pm""]},{""day"":""Wednesday"",""times"":[""10 am-9 pm""]},{""day"":""Thursday"",""times"":[""10 am-9 pm""]},{""day"":""Friday"",""times"":[""10 am-9 pm""]},{""day"":""Saturday"",""times"":[""10 am-9 pm""]},{""day"":""Sunday"",""times"":[""10 am-9 pm""]}]"
ChIJGW_WRHdO4DsR_6L8X-SRZZI,/g/11dxdy_rrh,Shree Janta Icecream,Ice cream shop,"[""Ice cream shop"",""Restaurant""]",4.3,96,094271 34734,,"12, Virat Apartment, Diwalibaug, opposite Bank Of Baroda, Athwa Gate, Surat, Gujarat 395001","{""ward"":""Athwa Gate"",""street"":""12, Virat Apartment, Diwalibaug, opposite Bank Of Baroda"",""city"":""Surat"",""postal_code"":""395001"",""state"":""Gujarat"",""country_code"":""IN""}","{""latitude"":21.1854321,""longitude"":72.80940389999999}",https://www.google.com/maps/place/Shree+Janta+Icecream/data=!4m7!3m6!1s0x3be04e7744d66f19:0x926591e45ffca2ff!8m2!3d21.1854321!4d72.8094039!16s%2Fg%2F11dxdy_rrh!19sChIJGW_WRHdO4DsR_6L8X-SRZZI?authuser=0&hl=en&g_ep=EgoyMDI2MDgxOS4wIJJjKgBIAVAD&rclk=1,,"[{""link"":""https://www.swiggy.com/restaurants/shree-janta-icecream-athwa-adajan-surat-875376/dineout?is_retargeting=true&media_source=GoogleReserve&utm_campaign=GoogleMap&utm_source=GoogleReserve"",""source"":""swiggy.com""}]",https://lh3.googleusercontent.com/gps-cs-s/AHRPTWnfoV7SSdAtf80yXqflJOsRPCiaEz7krsPb5wwD8bSuNj9kzjEC1pb6l_Ya6bza0S3PH3csLMpecRYkS3iiWPoGE_7IhjSD9bdqq_blZ9G1s5YgxmKXUbVT_sh6v8eRaFmWWKwO=w1920-h1080-k-no,,"[{""day"":""Monday"",""times"":[""11 am-12 am""]},{""day"":""Tuesday"",""times"":[""11 am-12 am""]},{""day"":""Wednesday"",""times"":[""11 am-12 am""]},{""day"":""Thursday"",""times"":[""11 am-12 am""]},{""day"":""Friday"",""times"":[""11 am-12 am""]},{""day"":""Saturday"",""times"":[""11 am-12 am""]},{""day"":""Sunday"",""times"":[""11 am-12 am""]}]"
ChIJdd-XnvZP4DsRHSee-IPVFzM,/g/11lmdk3xgx,"Ajay's Cafe Gokulam Dairy, Surat",Fast food restaurant,"[""Fast food restaurant""]",4.6,94,098250 10603,https://ajays.co.in/,"Shop No 3, ashiyana park society, Appartment, opp. Gokulam Dairy, Athwalines, Athwa, Surat, Gujarat 395007","{""ward"":""Athwalines, Athwa"",""street"":""Shop No 3, ashiyana park society, Appartment, opp. Gokulam Dairy"",""city"":""Surat"",""postal_code"":""395007"",""state"":""Gujarat"",""country_code"":""IN""}","{""latitude"":21.1792187,""longitude"":72.81113119999999}","https://www.google.com/maps/place/Ajay's+Caf%C3%A9+Gokulam+Dairy,+Surat/data=!4m7!3m6!1s0x3be04ff69e97df75:0x3317d583f89e271d!8m2!3d21.1792187!4d72.8111312!16s%2Fg%2F11lmdk3xgx!19sChIJdd-XnvZP4DsRHSee-IPVFzM?authuser=0&hl=en&g_ep=EgoyMDI2MDgxOS4wIJJjKgBIAVAD&rclk=1","{""link"":""https://ajays.co.in/menu/"",""source"":""ajays.co.in""}",[],https://lh3.googleusercontent.com/gps-cs-s/AHRPTWnKgv27lqrpuo5k0LyiXfupOvluUERYVdjGPmSWMS7QeDPtK7apUfpEFtjlRUoBE-9c990L7wpo8ZCtU7QMTI5JeIt-agZFbEKcFz6PAdzHtMxAtVImmraoHba9qUIhWUR4J07K2M2_Uffw=w1920-h1080-k-no,1-200,"[{""day"":""Monday"",""times"":[""10:30 am-11 pm""]},{""day"":""Tuesday"",""times"":[""10:30 am-11 pm""]},{""day"":""Wednesday"",""times"":[""10:30 am-11 pm""]},{""day"":""Thursday"",""times"":[""10:30 am-11 pm""]},{""day"":""Friday"",""times"":[""10:30 am-11 pm""]},{""day"":""Saturday"",""times"":[""10:30 am-11 pm""]},{""day"":""Sunday"",""times"":[""10:30 am-11 pm""]}]"
ChIJTwwpwtBN4DsR4_hMGUVHfuI,/g/11x603nb97,Naturals Ice Cream,Ice cream shop,"[""Ice cream shop"",""Sweet shop"",""Dessert restaurant"",""Dessert shop"",""Frozen dessert supplier"",""Indian sweets shop""]",4.4,92,076004 14522,https://naturalicecreams.in/,"Guru Ram Pavan Bhoomi, Shop No. G/5, Ground Floor White Orchid, Subhash Chandra Bose Marg, Adajan, Surat, Gujarat 395009","{""ward"":""Adajan Gam, Adajan"",""street"":""Guru Ram Pavan Bhoomi, Shop No. G/5, Ground Floor White Orchid, Subhash Chandra Bose Marg"",""city"":""Surat"",""postal_code"":""395009"",""state"":""Gujarat"",""country_code"":""IN""}","{""latitude"":21.1894425,""longitude"":72.7896971}",https://www.google.com/maps/place/Naturals+Ice+Cream/data=!4m7!3m6!1s0x3be04dd0c2290c4f:0xe27e4745194cf8e3!8m2!3d21.1894425!4d72.7896971!16s%2Fg%2F11x603nb97!19sChIJTwwpwtBN4DsR4_hMGUVHfuI?authuser=0&hl=en&g_ep=EgoyMDI2MDgxOS4wIJJjKgBIAVAD&rclk=1,,[],https://lh3.googleusercontent.com/gps-cs-s/AHRPTWkgmFgH67bb9ASDkAcH6u1OtfGh1IilI5hyliLI_fj3jSpuqTsixnaytErzLqHzUoLzb7cNc_GwSBvPfgaG4becmLDZXyFuai3rZcbmc8rch4HGiYQ0OVHIbkYJtb0z7kSlb2Q6X8xynk4=w1920-h1080-k-no,,"[{""day"":""Monday"",""times"":[""11 am-12 am""]},{""day"":""Tuesday"",""times"":[""11 am-12 am""]},{""day"":""Wednesday"",""times"":[""11 am-12 am""]},{""day"":""Thursday"",""times"":[""11 am-12 am""]},{""day"":""Friday"",""times"":[""11 am-12 am""]},{""day"":""Saturday"",""times"":[""11 am-12 am""]},{""day"":""Sunday"",""times"":[""11 am-12 am""]}]"
ChIJlTgDEIRN4DsRE2o-zcLYPxs,/g/11yfj5b008,Spice Theory,North Indian restaurant,"[""North Indian restaurant"",""Chinese restaurant"",""Continental restaurant""]",4.5,92,097683 56920,https://www.instagram.com/spicetheorysurat?igsh=Y3N5cnpibGZyb2t0&utm_source=qr,"58, The Galleria, Near Sanjeevkumar Auditorium, opp New RTO, Pal, Adajan, Surat, Gujarat 395009, Surat, Gujarat 394510","{""ward"":""Adajan Gam"",""street"":""58, The Galleria, Near Sanjeevkumar Auditorium, opp New RTO, Pal, Adajan, Surat, Gujarat 395009"",""city"":""Surat"",""postal_code"":""394510"",""state"":""Gujarat"",""country_code"":""IN""}","{""latitude"":21.185050399999998,""longitude"":72.7830544}",https://www.google.com/maps/place/Spice+Theory/data=!4m7!3m6!1s0x3be04d8410033895:0x1b3fd8c2cd3e6a13!8m2!3d21.1850504!4d72.7830544!16s%2Fg%2F11yfj5b008!19sChIJlTgDEIRN4DsRE2o-zcLYPxs?authuser=0&rclk=1&hl=en,"{""link"":""https://drive.google.com/file/d/1YpeE-PsF7dSuoacGiWQ_VpEhOJ4LpF-Y/view?usp=drivesdk"",""source"":""drive.google.com""}",[],https://lh3.googleusercontent.com/gps-cs-s/AHRPTWm192LqoyCi43aS4g0LdukZf8iLKOPdzgI0p7ofwzR75bSYLphp7a6e9cfPFgU-1X6KHAhg3YiPEXBC5s_3f2PtNBLyu23ZiFKw4D7a9sSt6uUwIRjLTJcJbXU9Sl9g-Hnq6T-4UqAG_JQ=w1920-h1080-k-no,200-400,[]
ChIJP11jxThN4DsRNzLBoIXrp_k,/g/11ft2v95jk,Appu omlette center,Hawker stall,"[""Hawker stall"",""Fast food restaurant""]",4.6,89,099091 44138,,"Athwa, Surat, Gujarat 395007","{""ward"":""Athwa"",""street"":null,""city"":""Surat"",""postal_code"":""395007"",""state"":""Gujarat"",""country_code"":""IN""}","{""latitude"":21.1750173,""longitude"":72.7984604}",https://www.google.com/maps/place/Appu+omlette+center/data=!4m7!3m6!1s0x3be04d38c5635d3f:0xf9a7eb85a0c13237!8m2!3d21.1750173!4d72.7984604!16s%2Fg%2F11ft2v95jk!19sChIJP11jxThN4DsRNzLBoIXrp_k?authuser=0&hl=en&g_ep=EgoyMDI2MDgxOS4wIJJjKgBIAVAD&rclk=1,,[],https://lh3.googleusercontent.com/gps-cs-s/AHRPTWnhp-qyzcGm_8_rqZk7Ou-tiNJm-yAxMe7SEzp6ahnFXjFmM5vOn3Ao1pqKlrKUY732aV78XtnAd0NcmzUXyCASe7wO5V5YkIGz-OfPmR4JqWr3OJS3xpTuqPkgq7DdedOxEqEf=w1920-h1080-k-no,200-400,"[{""day"":""Monday"",""times"":[""3-11 pm""]},{""day"":""Tuesday"",""times"":[""3-11 pm""]},{""day"":""Wednesday"",""times"":[""3-11 pm""]},{""day"":""Thursday"",""times"":[""3 am-11 pm""]},{""day"":""Friday"",""times"":[""3-11 pm""]},{""day"":""Saturday"",""times"":[""3-11 pm""]},{""day"":""Sunday"",""times"":[""3-11 pm""]}]"
ChIJk1FpAFZN4DsRxbtD9t32jTI,/g/11x7pjwdfx,happy paji da dhaba,Restaurant,"[""Restaurant""]",4.3,89,099046 39874,,"5QPC+FQX, Gaurav Path Road, opp. Kratos club, Adajan, Pal Gam, Surat, Gujarat 394510","{""ward"":""Adajan, Pal Gam"",""street"":""5QPC+FQX, Gaurav Path Road, opp. Kratos club"",""city"":""Surat"",""postal_code"":""394510"",""state"":""Gujarat"",""country_code"":""IN""}","{""latitude"":21.1862443,""longitude"":72.7719956}",https://www.google.com/maps/place/happy+paji+da+dhaba/data=!4m7!3m6!1s0x3be04d5600695193:0x328df6ddf643bbc5!8m2!3d21.1862443!4d72.7719956!16s%2Fg%2F11x7pjwdfx!19sChIJk1FpAFZN4DsRxbtD9t32jTI?authuser=0&hl=en&g_ep=EgoyMDI2MDgxOS4wIJJjKgBIAVAD&rclk=1,,[],https://lh3.googleusercontent.com/gps-cs-s/AHRPTWmy_VYdBZ6P5elIDCUQlRiQaN40HSTqr9dsiyiFH65yFh68F6LE9xWaZ4arYfWF-GrFu3hc1GtJ0SD-8Jry5nV9dWsUDN8MCXpxoDhYbWLyZH-joyRKwlhyrQjGy69uoeRSBq3oZAyxfrQe=w1920-h1080-k-no,200-400,"[{""day"":""Monday"",""times"":[""10 am-11:30 pm""]},{""day"":""Tuesday"",""times"":[""10 am-11:30 pm""]},{""day"":""Wednesday"",""times"":[""10 am-11:30 pm""]},{""day"":""Thursday"",""times"":[""10 am-11:30 pm""]},{""day"":""Friday"",""times"":[""10 am-11:30 pm""]},{""day"":""Saturday"",""times"":[""10 am-11:30 pm""]},{""day"":""Sunday"",""times"":[""10 am-11:30 pm""]}]"
ChIJy0SCIABN4DsRJasurLpepgg,/g/11z354vxms,The Crave Kitchen,Indian takeaway,"[""Indian takeaway"",""Chinese takeaway"",""Delivery Chinese restaurant"",""Punjabi restaurant"",""Restaurant""]",5,88,078339 39393,https://www.thecravekitchen.com/,"G-19, Green Atria, Anand Mahal Rd, opp. Sneh Sankul Wadi, Giriraj Society, Adajan, Surat, Gujarat 395009","{""ward"":""Giriraj Society, Adajan"",""street"":""G-19, Green Atria, Anand Mahal Rd, opp. Sneh Sankul Wadi"",""city"":""Surat"",""postal_code"":""395009"",""state"":""Gujarat"",""country_code"":""IN""}","{""latitude"":21.199274199999998,""longitude"":72.7960605}",https://www.google.com/maps/place/The+Crave+Kitchen/data=!4m7!3m6!1s0x3be04d00208244cb:0x8a65ebaac2eab25!8m2!3d21.1992242!4d72.7961305!16s%2Fg%2F11z354vxms!19sChIJy0SCIABN4DsRJasurLpepgg?authuser=0&rclk=1&hl=en,,[],https://lh3.googleusercontent.com/gps-cs-s/AHRPTWlsjpaUZS4buQuZRvKySuh4oc7Zi-pQlM7a6ccUhY3OPpzuZEFnzi5F03N0FO7CC5JgUdQniBPbLKK3lio8HY_ajIhLEmqNbh9Wz1cxsh3COWj0C8LxwbOoS8EMq9nwkmCcL2IXUcmDTHs=w1920-h1080-k-no,200-400,"[{""day"":""Monday"",""times"":[""10:30 am-3 pm"",""5:30-10:30 pm""]},{""day"":""Tuesday"",""times"":[""10:30 am-3 pm"",""5:30-10:30 pm""]},{""day"":""Wednesday"",""times"":[""10:30 am-3 pm"",""5:30-10:30 pm""]},{""day"":""Thursday"",""times"":[""10:30 am-3 pm"",""5:30-10:30 pm""]},{""day"":""Friday"",""times"":[""10:30 am-3 pm"",""5:30-10:30 pm""]},{""day"":""Saturday"",""times"":[""10:30 am-3 pm"",""5:30-10:30 pm""]},{""day"":""Sunday"",""times"":[""10:30 am-3 pm"",""5:30-10:30 pm""]}]"
ChIJEbQrItRN4DsRsdMqRYx6ogM,/g/11kv76422f,HP Locho,Gujarati restaurant,"[""Gujarati restaurant""]",4.3,88,070431 31310,,"Ground Floor 32, Sai Tirth Apartment, Palanpor Gam Rd, Palanpur, Surat, Gujarat 395009","{""ward"":""Palanpur"",""street"":""Ground Floor 32, Sai Tirth Apartment, Palanpor Gam Rd"",""city"":""Surat"",""postal_code"":""395009"",""state"":""Gujarat"",""country_code"":""IN""}","{""latitude"":21.2068697,""longitude"":72.77359129999999}",https://www.google.com/maps/place/HP+Locho/data=!4m7!3m6!1s0x3be04dd4222bb411:0x3a27a8c452ad3b1!8m2!3d21.2068697!4d72.7735913!16s%2Fg%2F11kv76422f!19sChIJEbQrItRN4DsRsdMqRYx6ogM?authuser=0&hl=en&g_ep=EgoyMDI2MDgxOS4wIJJjKgBIAVAD&rclk=1,,[],https://lh3.googleusercontent.com/gps-cs-s/AHRPTWmu5ujqSWi3os8zj30N_mnYSz0q4FHFaV-NZlmxqDzrg0z51K3VsahBVHIDMNRH_RbpRro79zPZmlhBrlSt2kedqg4MVxcg9n3TQPQD1z0jSoSgW3uJ7f-p1sHGZ40i8gelI2WATQ=w1920-h1080-k-no,1-200,"[{""day"":""Monday"",""times"":[""7 am-3 pm""]},{""day"":""Tuesday"",""times"":[""7 am-3 pm""]},{""day"":""Wednesday"",""times"":[""7 am-3 pm""]},{""day"":""Thursday"",""times"":[""7 am-3 pm""]},{""day"":""Friday"",""times"":[""7 am-3 pm""]},{""day"":""Saturday"",""times"":[""7 am-3 pm""]},{""day"":""Sunday"",""times"":[""7 am-3 pm""]}]"
ChIJEUQj-LhN4DsRWNvYO9tf4v8,/g/11wmh3m8kj,Turban Punjab,Restaurant,"[""Restaurant""]",4.5,88,099981 23124,,"85/86, Shreeji Arcade, Anand Mahal Rd, Opp. Mahan Terrace, Adajan Gam, Adajan, Surat, Gujarat 395009","{""ward"":""Opp. Mahan Terrace, Adajan Gam, Adajan"",""street"":""85/86, Shreeji Arcade, Anand Mahal Rd"",""city"":""Surat"",""postal_code"":""395009"",""state"":""Gujarat"",""country_code"":""IN""}","{""latitude"":21.1939226,""longitude"":72.7980087}",https://www.google.com/maps/place/Turban+Punjab/data=!4m7!3m6!1s0x3be04db8f8234411:0xffe25fdb3bd8db58!8m2!3d21.1939226!4d72.7980087!16s%2Fg%2F11wmh3m8kj!19sChIJEUQj-LhN4DsRWNvYO9tf4v8?authuser=0&rclk=1&hl=en,,"[{""link"":""https://www.swiggy.com/restaurants/turban-punjab-adajan-road-koramangala-surat-994931/dineout?is_retargeting=true&media_source=GoogleReserve&utm_campaign=GoogleMap&utm_source=GoogleReserve"",""source"":""swiggy.com""}]",https://lh3.googleusercontent.com/gps-proxy/ALd4DhF6tSjygI4RkvpQ5ukRy8DlN8zuIewtmcW-FhFRzX-8GFaa-c4XAmE2ymOZYnWjn6-cQaZciuB8-zipLZu-mm-FVGj8h-nmBSkGXEhf0MrKTMa64UUgi3Mx9c4PEO6LfhwFctdGTgcgB1qp6UeVQNryqjFvbItZ9mHL2i1fmu0n5ChJJGjcjMc=w1920-h1080-k-no,200-400,"[{""day"":""Monday"",""times"":[""10 am-1:30 am""]},{""day"":""Tuesday"",""times"":[""10 am-1:30 am""]},{""day"":""Wednesday"",""times"":[""10 am-1:30 am""]},{""day"":""Thursday"",""times"":[""10 am-1:30 am""]},{""day"":""Friday"",""times"":[""10 am-1:30 am""]},{""day"":""Saturday"",""times"":[""10 am-1:30 am""]},{""day"":""Sunday"",""times"":[""10 am-1:30 am""]}]"
ChIJxwA48E1N4DsRfbo7jvNzve0,/g/11stszv75j,Surati Egg Zone,Restaurant,"[""Restaurant""]",4.2,87,076005 01601,,"G13, Om Shivam Complex, Gangeshwar Mahadev Temple Rd, nr. SMC Hall, Chatrapati Shivaji Nagar, Adajan Gam, Adajan, Surat, Gujarat 395009","{""ward"":""Chatrapati Shivaji Nagar, Adajan Gam, Adajan"",""street"":""G13, Om Shivam Complex, Gangeshwar Mahadev Temple Rd, nr. SMC Hall"",""city"":""Surat"",""postal_code"":""395009"",""state"":""Gujarat"",""country_code"":""IN""}","{""latitude"":21.198265,""longitude"":72.79156929999999}",https://www.google.com/maps/place/Surati+Egg+Zone/data=!4m7!3m6!1s0x3be04d4df03800c7:0xedbd73f38e3bba7d!8m2!3d21.198265!4d72.7915693!16s%2Fg%2F11stszv75j!19sChIJxwA48E1N4DsRfbo7jvNzve0?authuser=0&hl=en&g_ep=EgoyMDI2MDgxOS4wIJJjKgBIAVAD&rclk=1,,"[{""link"":""https://www.zomato.com/surat/surati-egg-zone-adajan-gam/book?utm_source=rwg"",""source"":""zomato.com""},{""link"":""https://www.district.in/dining/surat/surati-egg-zone-adajan-gam/book?utm_source=rwg"",""source"":""district.in""}]",https://lh3.googleusercontent.com/gps-cs-s/AHRPTWmN0nuiQXPg0kGZQD-ct9uenRszi8nNhlxN2rbEMD9_cSOUGqxH7XGT9fabMGBUfgJjBdb_88xR9oGNeXqTN8A_wCiyKLoyXzXa2ERWkUC1W3n908H1Y0GWtS7nxoJmSDpBMZEZ=w1920-h1080-k-no,200-400,"[{""day"":""Monday"",""times"":[""11:30 am-12 am""]},{""day"":""Tuesday"",""times"":[""11:30 am-12 am""]},{""day"":""Wednesday"",""times"":[""11:30 am-12 am""]},{""day"":""Thursday"",""times"":[""11:30 am-12 am""]},{""day"":""Friday"",""times"":[""2:30 pm-12 am""]},{""day"":""Saturday"",""times"":[""11:30 am-12 am""]},{""day"":""Sunday"",""times"":[""11:30 am-12 am""]}]"
ChIJzS58mQNP4DsR9R5jNVNsFSI,/g/11nxcdpq64,Bhavani Omlette Center,Restaurant,"[""Restaurant""]",4.1,85,099257 70491,,"Adarsh society, 107/A, Ghod Dod Rd, Adarsh Society, Athwa, Surat, Gujarat 395001","{""ward"":""Adarsh Society, Athwa"",""street"":""Adarsh society, 107/A, Ghod Dod Rd"",""city"":""Surat"",""postal_code"":""395001"",""state"":""Gujarat"",""country_code"":""IN""}","{""latitude"":21.1774927,""longitude"":72.8115443}",https://www.google.com/maps/place/Bhavani+Omlette+Center/data=!4m7!3m6!1s0x3be04f03997c2ecd:0x22156c5335631ef5!8m2!3d21.1774927!4d72.8115443!16s%2Fg%2F11nxcdpq64!19sChIJzS58mQNP4DsR9R5jNVNsFSI?authuser=0&hl=en&g_ep=EgoyMDI2MDgxOS4wIJJjKgBIAVAD&rclk=1,,[],https://lh3.googleusercontent.com/gps-cs-s/AHRPTWkJmUiuScpPNxWkz5OSvBOX5N1Du5QDaUEsT3wQvU4vBmE23XXw-DH8wBs_s0RW95jn7BlE1dteuCcoYZ59rN0lg6xX1PSXolBWXwnGB8I8n3KDRVrUNJ60i_H4dv4You3ZaW6Gh7ZGuR0=w1920-h1080-k-no,200-400,"[{""day"":""Monday"",""times"":[""6-10 pm""]},{""day"":""Tuesday"",""times"":[""6-10 pm""]},{""day"":""Wednesday"",""times"":[""6-10 pm""]},{""day"":""Thursday"",""times"":[""6-10 pm""]},{""day"":""Friday"",""times"":[""6-10 pm""]},{""day"":""Saturday"",""times"":[""6-10 pm""]},{""day"":""Sunday"",""times"":[""6-10 pm""]}]"
ChIJ2TydPK9N4DsR6YDg4ik35Yg,/g/11gzr1d451,Lovely Chicken Corner,Chicken restaurant,"[""Chicken restaurant""]",4,82,098791 77411,,"Adajan Hazira Road, near Titanium Square, Adajan Gam, Adajan, Surat, Gujarat 395009","{""ward"":""Adajan Gam, Adajan"",""street"":""Adajan Hazira Road, near Titanium Square"",""city"":""Surat"",""postal_code"":""395009"",""state"":""Gujarat"",""country_code"":""IN""}","{""latitude"":21.1888649,""longitude"":72.7951222}",https://www.google.com/maps/place/Lovely+Chicken+Corner/data=!4m7!3m6!1s0x3be04daf3c9d3cd9:0x88e53729e2e080e9!8m2!3d21.1888649!4d72.7951222!16s%2Fg%2F11gzr1d451!19sChIJ2TydPK9N4DsR6YDg4ik35Yg?authuser=0&hl=en&g_ep=EgoyMDI2MDgxOS4wIJJjKgBIAVAD&rclk=1,,[],https://lh3.googleusercontent.com/gps-cs-s/AHRPTWns3O_k9TF2irzTVN5w1Mly9NQk2pwLo-dq8Iq8fT3ZnXxGSutuxY4ZVvFw0CsRNrkrAT1zsSRaYwsB34XBfrYWVGaFWk-YJLf-3MkxKDxZoltyLsyINoyxKTkqA095p-uUjrmU=w1920-h1080-k-no,200-400,"[{""day"":""Monday"",""times"":[""5:30-11 pm""]},{""day"":""Tuesday"",""times"":[""5:30-11 pm""]},{""day"":""Wednesday"",""times"":[""5:30-11 pm""]},{""day"":""Thursday"",""times"":[""5:30-11 pm""]},{""day"":""Friday"",""times"":[""5:30-11 pm""]},{""day"":""Saturday"",""times"":[""5:30-11 pm""]},{""day"":""Sunday"",""times"":[""5:30-11 pm""]}]"
ChIJH8QAnLZN4DsRnOhWVMHB2ss,/g/11ykgmrw_g,Chatpata - Palanpur Jakatnaka - Ugat Road,Restaurant,"[""Restaurant""]",4.7,80,,https://www.chatpata.in/,"Shop No - G 7 & G 8, V Square, Ugat Rd, near Palanpur Jakatnaka, Thakor Dwar Society, Sima Nagar, Surat, Gujarat 395005","{""ward"":""Thakor Dwar Society, Sima Nagar"",""street"":""Shop No - G 7 & G 8, V Square, Ugat Rd, near Palanpur Jakatnaka"",""city"":""Surat"",""postal_code"":""395005"",""state"":""Gujarat"",""country_code"":""IN""}","{""latitude"":21.2104247,""longitude"":72.7825941}",https://www.google.com/maps/place/Chatpata+-+Palanpur+Jakatnaka+-+Ugat+Road/data=!4m7!3m6!1s0x3be04db69c00c41f:0xcbdac1c15456e89c!8m2!3d21.2104247!4d72.7825941!16s%2Fg%2F11ykgmrw_g!19sChIJH8QAnLZN4DsRnOhWVMHB2ss?authuser=0&rclk=1&hl=en,"{""link"":""https://www.chatpata.in/menu"",""source"":""chatpata.in""}",[],https://lh3.googleusercontent.com/gps-cs-s/AHRPTWlmYpd6ixRuzdi46yNA1GJcTAYiHvCYJEW083B0jOSYq8WC0aW-AP3FO71PmIsC0KZgREbYkvcVgEOrW1MMToz7uavO6-WA9RI8oKmfJh8Ih8p8e4azuvTn4cHGbp2Up6SCGwZkjhoRX5Y=w1920-h1080-k-no,1-200,"[{""day"":""Monday"",""times"":[""11 am-11 pm""]},{""day"":""Tuesday"",""times"":[""11 am-11 pm""]},{""day"":""Wednesday"",""times"":[""11 am-11 pm""]},{""day"":""Thursday"",""times"":[""11 am-11 pm""]},{""day"":""Friday"",""times"":[""11 am-11 pm""]},{""day"":""Saturday"",""times"":[""11 am-11 pm""]},{""day"":""Sunday"",""times"":[""11 am-11 pm""]}]"
ChIJF5GI7dlN4DsR4fT2IMO_JzE,/g/11yp_fh7b_,Pizza Hut | Adajan Gam LP Savani,Pizza restaurant,"[""Pizza restaurant"",""Pizza delivery"",""Pizza takeaway""]",4.3,80,076694 18939,https://restaurants.pizzahut.co.in/,"Shop No-101, The Galleria Shopping Hub, F.F, Pal - Umra Bridge, Adajan Gam, Surat, Gujarat 380050","{""ward"":""Adajan Gam"",""street"":""Shop No-101, The Galleria Shopping Hub, F.F, Pal - Umra Bridge"",""city"":""Surat"",""postal_code"":""380050"",""state"":""Gujarat"",""country_code"":""IN""}","{""latitude"":21.1853643,""longitude"":72.7832099}",https://www.google.com/maps/place/Pizza+Hut+%7C+Adajan+Gam+LP+Savani/data=!4m7!3m6!1s0x3be04dd9ed889117:0x3127bfc320f6f4e1!8m2!3d21.1853643!4d72.7832099!16s%2Fg%2F11yp_fh7b_!19sChIJF5GI7dlN4DsR4fT2IMO_JzE?authuser=0&hl=en&g_ep=EgoyMDI2MDgxOS4wIJJjKgBIAVAD&rclk=1,,[],https://lh3.googleusercontent.com/gps-cs-s/AHRPTWlyHWPG16kMiTSJg102h1oShXNZYXS6ldyNgK51zzCsRLzemdCpw8o5tlMySLtMq6g49rnvyPNCTRUWGgqFEosJKp3tSl0fTq6SJ125oI1oYbNkJVL1l_vh6rDXYmk7L1bYQbphFFpmr2I=w1920-h1080-k-no,"200-1,000","[{""day"":""Monday"",""times"":[""11 am-11 pm""]},{""day"":""Tuesday"",""times"":[""11 am-11 pm""]},{""day"":""Wednesday"",""times"":[""11 am-11 pm""]},{""day"":""Thursday"",""times"":[""11 am-11 pm""]},{""day"":""Friday"",""times"":[""11 am-11 pm""]},{""day"":""Saturday"",""times"":[""11 am-11 pm""]},{""day"":""Sunday"",""times"":[""11 am-11 pm""]}]"
ChIJW3mYQq1N4DsRxTVU1kk1ZIQ,/g/11s35rbmp6,Shree Datt Chinese,Fast food restaurant,"[""Fast food restaurant""]",4.8,80,088661 05000,,"Akshar Jyot Complex, near Bhulka Bhavan school, Adajan Gam, Adajan, Surat, Gujarat 395009","{""ward"":""Adajan Gam, Adajan"",""street"":""Akshar Jyot Complex, near Bhulka Bhavan school"",""city"":""Surat"",""postal_code"":""395009"",""state"":""Gujarat"",""country_code"":""IN""}","{""latitude"":21.191764199999998,""longitude"":72.79815769999999}",https://www.google.com/maps/place/Shree+Datt+Chinese/data=!4m7!3m6!1s0x3be04dad4298795b:0x84643549d65435c5!8m2!3d21.1917642!4d72.7981577!16s%2Fg%2F11s35rbmp6!19sChIJW3mYQq1N4DsRxTVU1kk1ZIQ?authuser=0&hl=en&rclk=1,,[],https://lh3.googleusercontent.com/gps-cs-s/AHRPTWlDZuzp3qGHuCefnkGZm82lIOe1fxx3SDr96EtNFXD3FVp9-vBB8Tmy3ab8S8xUEOtSMGPUPhs1bTDBg-BWZpHoXeRlD1O4nULEbBHkIElQIvGJ1Yg6xOyBOgoLgDVCnUEbNaUsT84-ih8=w1920-h1080-k-no,1-200,"[{""day"":""Monday"",""times"":[""6-11 pm""]},{""day"":""Tuesday"",""times"":[""6-11 pm""]},{""day"":""Wednesday"",""times"":[""6-11 pm""]},{""day"":""Thursday"",""times"":[""6-11 pm""]},{""day"":""Friday"",""times"":[""6-11 pm""]},{""day"":""Saturday"",""times"":[""6-11 pm""]},{""day"":""Sunday"",""times"":[""6-11 pm""]}]"
ChIJU3AMsDNN4DsR9JFwWT5bR5A,/g/11sd_vwmq2,Junto Community,Cafe,"[""Cafe""]",4.7,78,,,"FP-160, Honey Park Rd, beside Hardik park soc, Adajan Gam, Adajan, Surat, Gujarat 395009","{""ward"":""Adajan Gam, Adajan"",""street"":""FP-160, Honey Park Rd, beside Hardik park soc"",""city"":""Surat"",""postal_code"":""395009"",""state"":""Gujarat"",""country_code"":""IN""}","{""latitude"":21.202731399999998,""longitude"":72.7876103}",https://www.google.com/maps/place/Junto+Community/data=!4m7!3m6!1s0x3be04d33b00c7053:0x90475b3e597091f4!8m2!3d21.2027314!4d72.7876103!16s%2Fg%2F11sd_vwmq2!19sChIJU3AMsDNN4DsR9JFwWT5bR5A?authuser=0&hl=en&g_ep=EgoyMDI2MDgxOS4wIJJjKgBIAVAD&rclk=1,,[],https://lh3.googleusercontent.com/gps-cs-s/AHRPTWnNBgC_kZTWytCnGHAAPU_ocjBz13ZkDKlFXFZlSHw73qYEQcXltVO0Tj86fbkKlNyGq2APRjeSmDyBoONMscQrUcKVblrHx2_PiBbTynFw4utNiFkFW_mv2rs_Xo-yaRrNQiA1=w1920-h1080-k-no,200-400,[]
ChIJWz6wztRN4DsRgNClkWB89kw,/g/11l1jqdcpd,Gopaal Loccho | Gopal Locho | Adajan,Restaurant,"[""Restaurant""]",4.2,77,098245 00064,https://www.gopalkhamanhouse.com/,"G-5, Shuham Residency, Parshuram Garden Rd, Adajan Gam, Adajan, Surat, Gujarat 395009","{""ward"":""Adajan Gam, Adajan"",""street"":""G-5, Shuham Residency, Parshuram Garden Rd"",""city"":""Surat"",""postal_code"":""395009"",""state"":""Gujarat"",""country_code"":""IN""}","{""latitude"":21.1991575,""longitude"":72.7866696}",https://www.google.com/maps/place/Gopaal+Loccho+%7C+Gopal+Locho+%7C+Adajan/data=!4m7!3m6!1s0x3be04dd4ceb03e5b:0x4cf67c6091a5d080!8m2!3d21.1991575!4d72.7866696!16s%2Fg%2F11l1jqdcpd!19sChIJWz6wztRN4DsRgNClkWB89kw?authuser=0&rclk=1&hl=en,,[],https://lh3.googleusercontent.com/gps-cs-s/AHRPTWkmEbiggd81OweZKP4UIi0qLKGFVAHFDSXdCkqPOrXZW-hewcHU2KjDI_wc49VDgdR8fLVlFObOW8OFrMXy1nu8F7CiJvrEDnofYmbANKjCkc-bQkSLdUrd-r0sYaEbrnJM9YkPyT_Y3Aw=w1920-h1080-k-no,1-200,"[{""day"":""Monday"",""times"":[""7 am-11 pm""]},{""day"":""Tuesday"",""times"":[""7 am-11 pm""]},{""day"":""Wednesday"",""times"":[""7 am-11 pm""]},{""day"":""Thursday"",""times"":[""7 am-11 pm""]},{""day"":""Friday"",""times"":[""7 am-11 pm""]},{""day"":""Saturday"",""times"":[""7 am-11 pm""]},{""day"":""Sunday"",""times"":[""7 am-11 pm""]}]"
ChIJS9Pd3bxN4DsRmTa2lUfmqlY,/g/11x65w8mbw,The Sugar Cloud,Cafe,"[""Cafe"",""Cake shop"",""Coffee shop"",""Confectionery store"",""Dessert shop"",""Donut shop"",""Fast food restaurant"",""Ice cream shop"",""Momo restaurant"",""Sandwich shop""]",5,76,079779 45039,,"Infinity Business Hub, G-12/b, Main Canal Road, Palanpur, Surat, Gujarat 395009","{""ward"":""Palanpur"",""street"":""Infinity Business Hub, G-12/b, Main Canal Road"",""city"":""Surat"",""postal_code"":""395009"",""state"":""Gujarat"",""country_code"":""IN""}","{""latitude"":21.2065835,""longitude"":72.7735545}",https://www.google.com/maps/place/The+Sugar+Cloud/data=!4m7!3m6!1s0x3be04dbcddddd34b:0x56aae64795b63699!8m2!3d21.2065835!4d72.7735545!16s%2Fg%2F11x65w8mbw!19sChIJS9Pd3bxN4DsRmTa2lUfmqlY?authuser=0&hl=en&g_ep=EgoyMDI2MDgxOS4wIJJjKgBIAVAD&rclk=1,,[],https://lh3.googleusercontent.com/gps-cs-s/AHRPTWnLHgMi49U8dPuoQ4uI3Jcy8A0aE9tGb5p0Up0QFuLlvYje9OtJnCCySaGyxyyYOdjov8_5sBOOP-aR1JuQG5HciNwCNPol_BN4El1cGkDrdJDIJWP9mi7oYKFi8YoIGBcRsKtUf-JBW0k=w1920-h1080-k-no,1-200,"[{""day"":""Monday"",""times"":[""11 am-11 pm""]},{""day"":""Tuesday"",""times"":[""11 am-11 pm""]},{""day"":""Wednesday"",""times"":[""11 am-11 pm""]},{""day"":""Thursday"",""times"":[""11 am-11 pm""]},{""day"":""Friday"",""times"":[""11 am-11 pm""]},{""day"":""Saturday"",""times"":[""11 am-11 pm""]},{""day"":""Sunday"",""times"":[""11 am-11 pm""]}]"
ChIJkZYNQ2hN4DsRXOLT7HCJ2-U,/g/11j0hlp9yx,Rooster Fast Food Restaurant,Fast food restaurant,"[""Fast food restaurant"",""Restaurant""]",4.1,75,091579 82665,,"Sangini Magnus, Rander Rd, nr. Navyug College, Surat, Gujarat 395009","{""ward"":""Ghanshyam Society, Adajan"",""street"":""Sangini Magnus, Rander Rd, nr. Navyug College"",""city"":""Surat"",""postal_code"":""395009"",""state"":""Gujarat"",""country_code"":""IN""}","{""latitude"":21.2005098,""longitude"":72.80383259999999}",https://www.google.com/maps/place/Rooster+Fast+Food+Restaurant/data=!4m7!3m6!1s0x3be04d68430d9691:0xe5db8970ecd3e25c!8m2!3d21.2005098!4d72.8038326!16s%2Fg%2F11j0hlp9yx!19sChIJkZYNQ2hN4DsRXOLT7HCJ2-U?authuser=0&hl=en&g_ep=EgoyMDI2MDgxOS4wIJJjKgBIAVAD&rclk=1,"{""link"":""https://zomato.com/surat/rooster-rander"",""source"":""zomato.com""}","[{""link"":""https://www.swiggy.com/restaurants/rooster-fast-food-restaurant-patiya-adajan-surat-671862/dineout?is_retargeting=true&media_source=GoogleReserve&utm_campaign=GoogleMap&utm_source=GoogleReserve"",""source"":""swiggy.com""}]",https://lh3.googleusercontent.com/gps-cs-s/AHRPTWm-We571ByYOoVRSzv4d1pcf6zYo55drB6vIsOjkT6AL8q3SjN-_nyXzawE3NOHs1o5DBW6U86K1WKOImzeyD5XDqV3p4e8jIhqGw5otGMDpDnmpxELoX4XJ64Yu27XVK8IwVYE=w1920-h1080-k-no,,"[{""day"":""Monday"",""times"":[""10 am-11:30 pm""]},{""day"":""Tuesday"",""times"":[""10 am-11:30 pm""]},{""day"":""Wednesday"",""times"":[""10 am-11:30 pm""]},{""day"":""Thursday"",""times"":[""10 am-11:30 pm""]},{""day"":""Friday"",""times"":[""10 am-11:30 pm""]},{""day"":""Saturday"",""times"":[""10 am-11:30 pm""]},{""day"":""Sunday"",""times"":[""10 am-11:30 pm""]}]"
ChIJO_lY5qtN4DsRZ1PGXMp0rhc,/g/11z2stgpv1,Chaav Restaurant,Restaurant,"[""Restaurant""]",4.3,74,,,"GEB Office, Police Chowki Road, near Saurabh TGB, TGB, Adajan Gam, Adajan, Surat, Gujarat 395009","{""ward"":""TGB, Adajan Gam, Adajan"",""street"":""GEB Office, Police Chowki Road, near Saurabh TGB"",""city"":""Surat"",""postal_code"":""395009"",""state"":""Gujarat"",""country_code"":""IN""}","{""latitude"":21.195751599999998,""longitude"":72.7832525}",https://www.google.com/maps/place/Chaav+Restaurant/data=!4m7!3m6!1s0x3be04dabe658f93b:0x17ae74ca5cc65367!8m2!3d21.1957516!4d72.7832525!16s%2Fg%2F11z2stgpv1!19sChIJO_lY5qtN4DsRZ1PGXMp0rhc?authuser=0&rclk=1&hl=en,,[],https://lh3.googleusercontent.com/gps-cs-s/AHRPTWlAbMLOerUCanutOdB3nHu-ujoSGaTIQWUAu4UrCb5VixhxPOUvWishShwgijqRYJ-TP-7vyQBvOjAjeEleDYUzcc2V_pL2dxMnS3bEfED2G0ueXUSRQad9oOM3g3IVqq7f5UkH2HF11d2d=w1920-h1080-k-no,200-400,"[{""day"":""Monday"",""times"":[""11 am-11 pm""]},{""day"":""Tuesday"",""times"":[""11 am-11 pm""]},{""day"":""Wednesday"",""times"":[""11 am-11 pm""]},{""day"":""Thursday"",""times"":[""11 am-11 pm""]},{""day"":""Friday"",""times"":[""11 am-11 pm""]},{""day"":""Saturday"",""times"":[""11 am-11 pm""]},{""day"":""Sunday"",""times"":[""11 am-11 pm""]}]"
ChIJe_70MwBN4DsR_oghze_573g,/g/11vz62fjcc,RBG - Park Inn By Radisson surat,Family restaurant,"[""Family restaurant""]",4.6,73,06355 752 737,,"Adajan Gam, Pal Gam, Surat, Gujarat 394510","{""ward"":""Adajan Gam, Pal Gam"",""street"":null,""city"":""Surat"",""postal_code"":""394510"",""state"":""Gujarat"",""country_code"":""IN""}","{""latitude"":21.1864594,""longitude"":72.7858612}",https://www.google.com/maps/place/RBG+-+Park+Inn+By+Radisson+surat/data=!4m7!3m6!1s0x3be04d0033f4fe7b:0x78eff9efcd2188fe!8m2!3d21.1864594!4d72.7858612!16s%2Fg%2F11vz62fjcc!19sChIJe_70MwBN4DsR_oghze_573g?authuser=0&rclk=1&hl=en,,"[{""link"":""https://www.zomato.com/surat/rbg-park-inn-by-radisson-pal-gam/book?utm_source=rwg"",""source"":""zomato.com""},{""link"":""https://www.district.in/dining/surat/rbg-park-inn-by-radisson-pal-gam/book?utm_source=rwg"",""source"":""district.in""}]",https://lh3.googleusercontent.com/gps-cs-s/AHRPTWm1SxsQUFFItaHhaZWqekKX7cz-u-N41qNZREiHAEeZZem4_cdhUQW6lDwHhhnHNn7paHtSI9uJaHBJ7kpxR3oXdCKBO01M2lIeujVh88hyuuh9RRRPOu4toitLnk-r1lFuJLHb=w1920-h1080-k-no,"600-1,400","[{""day"":""Monday"",""times"":[""7 am-10:30 pm""]},{""day"":""Tuesday"",""times"":[""7 am-10:30 pm""]},{""day"":""Wednesday"",""times"":[""7 am-10:30 pm""]},{""day"":""Thursday"",""times"":[""7 am-10:30 pm""]},{""day"":""Friday"",""times"":[""7 am-10:30 pm""]},{""day"":""Saturday"",""times"":[""7 am-10:30 pm""]},{""day"":""Sunday"",""times"":[""7 am-10:30 pm""]}]"
ChIJeRWtSABN4DsRMvsfZhYfqIo,/g/11w9nxvr3q,Shree Somnath Kathiyawadi Restaurant,Family restaurant,"[""Family restaurant""]",4.4,73,085296 56179,,"1st floor, Bhandari Complex, Hazira - Adajan Rd, Guru Ram Pavan Bhumi, Adajan Gam, Adajan, Surat, Gujarat 395009","{""ward"":""Guru Ram Pavan Bhumi, Adajan Gam, Adajan"",""street"":""1st floor, Bhandari Complex, Hazira - Adajan Rd"",""city"":""Surat"",""postal_code"":""395009"",""state"":""Gujarat"",""country_code"":""IN""}","{""latitude"":21.1915075,""longitude"":72.79761859999999}",https://www.google.com/maps/place/Shree+Somnath+Kathiyawadi+Restaurant/data=!4m7!3m6!1s0x3be04d0048ad1579:0x8aa81f16661ffb32!8m2!3d21.1915075!4d72.7976186!16s%2Fg%2F11w9nxvr3q!19sChIJeRWtSABN4DsRMvsfZhYfqIo?authuser=0&hl=en&g_ep=EgoyMDI2MDgxOS4wIJJjKgBIAVAD&rclk=1,,[],https://lh3.googleusercontent.com/gps-cs-s/AHRPTWnLRImfDL6BqzTAflMdgMqZ3tL_06ctnr5YVQuJwwNb5Bw-LFrA8VDHmY6HToE-WOFlhDkSVv0CyokDY0RoFQh5HZ7wYcloZlg9Xi_F1_oBJjORa2z3r9tvkKJ8MMNM9pJSShNY9Fbyt7IP=w1920-h1080-k-no,1-200,"[{""day"":""Monday"",""times"":[""11:30 am-10 pm""]},{""day"":""Tuesday"",""times"":[""11:30 am-10 pm""]},{""day"":""Wednesday"",""times"":[""11:30 am-10 pm""]},{""day"":""Thursday"",""times"":[""11:30 am-10 pm""]},{""day"":""Friday"",""times"":[""11:30 am-10 pm""]},{""day"":""Saturday"",""times"":[""11:30 am-10 pm""]},{""day"":""Sunday"",""times"":[""11:30 am-10 pm""]}]"
ChIJFxXQLKNN4DsR4gPJltozRec,/g/11hdqjq0dm,Popular Restuarant,Restaurant,"[""Restaurant""]",4.5,72,093280 87191,,"1,2, 3, Hazira - Adajan Rd, Ambika Nagar Society, Ichchhapor, Surat, Gujarat 394510","{""ward"":""Ambika Nagar Society, Ichchhapor"",""street"":""1,2, 3, Hazira - Adajan Rd"",""city"":""Surat"",""postal_code"":""394510"",""state"":""Gujarat"",""country_code"":""IN""}","{""latitude"":21.191894599999998,""longitude"":72.7307696}",https://www.google.com/maps/place/Popular+Restuarant/data=!4m7!3m6!1s0x3be04da32cd01517:0xe74533da96c903e2!8m2!3d21.1921945!4d72.7306351!16s%2Fg%2F11hdqjq0dm!19sChIJFxXQLKNN4DsR4gPJltozRec?authuser=0&rclk=1&hl=en,,[],https://lh3.googleusercontent.com/gps-cs-s/AHRPTWmDaNhHaaoo61hJysHoyuu-T7yX5u3ASzG4IugqZ3rM7ewm34yIT4HS-kcV9SBM-EpP113ljSqq9YNkmcrTiOo6DSecYSgt-Tji8_IKS-b7HQoKKhh73S0IEGhKbBDfEiSpZfqD=w1920-h1080-k-no,200-400,"[{""day"":""Monday"",""times"":[""10 am-11 pm""]},{""day"":""Tuesday"",""times"":[""10 am-11 pm""]},{""day"":""Wednesday"",""times"":[""10 am-11 pm""]},{""day"":""Thursday"",""times"":[""10 am-11 pm""]},{""day"":""Friday"",""times"":[""10 am-11 pm""]},{""day"":""Saturday"",""times"":[""10 am-11 pm""]},{""day"":""Sunday"",""times"":[""10 am-11 pm""]}]"
ChIJMXL3XhBN4DsRkrzsPbUe0HY,/g/11s5frdlb4,Sainath Alupuri parle point,Fast food restaurant,"[""Fast food restaurant""]",4.3,72,,,"temple, 1 Ashvamegh complex beside surat khaman house, nr. Ambika Niketan, Surat, Gujarat 395007","{""ward"":""Umra Gam, Athwa"",""street"":""temple, 1 Ashvamegh complex beside surat khaman house, nr. Ambika Niketan"",""city"":""Surat"",""postal_code"":""395007"",""state"":""Gujarat"",""country_code"":""IN""}","{""latitude"":21.175555499999998,""longitude"":72.7944486}",https://www.google.com/maps/place/Sainath+Alupuri+parle+point/data=!4m7!3m6!1s0x3be04d105ef77231:0x76d01eb53decbc92!8m2!3d21.1755555!4d72.7944486!16s%2Fg%2F11s5frdlb4!19sChIJMXL3XhBN4DsRkrzsPbUe0HY?authuser=0&hl=en&g_ep=EgoyMDI2MDgxOS4wIJJjKgBIAVAD&rclk=1,,[],https://lh3.googleusercontent.com/gps-cs-s/AHRPTWl-_h4StPMbJDcID1rl3xmxx3_3pRY-2hhDb7HHryiJ3ITio3MKFgKZTVK_PftrzvXjJO3iZgs0rljBAJM3qvPU_v-vcj5psrCI9Jdb8mxGb5DyijtqhsVgCC7phCpdUuO1fZaObA=w1920-h1080-k-no,1-200,"[{""day"":""Monday"",""times"":[""9 am-7 pm""]},{""day"":""Tuesday"",""times"":[""9 am-7 pm""]},{""day"":""Wednesday"",""times"":[""9 am-7 pm""]},{""day"":""Thursday"",""times"":[""9 am-7 pm""]},{""day"":""Friday"",""times"":[""9 am-7 pm""]},{""day"":""Saturday"",""times"":[""9 am-7 pm""]},{""day"":""Sunday"",""times"":[""9 am-6:30 pm""]}]"
ChIJxeisDIFN4DsRDFTfKmfP3MU,/g/11hdsld10g,Murlidhar Tea & Nasta House,Restaurant,"[""Restaurant""]",4.4,70,,,"Main Road, Hazira - Adajan Rd, Adajan Gam, Bhatha, Surat, Gujarat 394510","{""ward"":""Adajan Gam, Bhatha"",""street"":""Main Road, Hazira - Adajan Rd"",""city"":""Surat"",""postal_code"":""394510"",""state"":""Gujarat"",""country_code"":""IN""}","{""latitude"":21.180852899999998,""longitude"":72.7728798}",https://www.google.com/maps/place/Murlidhar+Tea+%26+Nasta+House/data=!4m7!3m6!1s0x3be04d810cace8c5:0xc5dccf672adf540c!8m2!3d21.1808529!4d72.7728798!16s%2Fg%2F11hdsld10g!19sChIJxeisDIFN4DsRDFTfKmfP3MU?authuser=0&hl=en&g_ep=EgoyMDI2MDgxOS4wIJJjKgBIAVAD&rclk=1,,[],https://lh3.googleusercontent.com/gps-cs-s/AHRPTWkLWYtaluG5v-Q46UW16wEGUatijy2A908797URXNv0TXeT0vh_997WsQSo9JnELF_pXUGu4RiyBQAkUg-YZ3apMxYNnkMNqzTepIUynR40VhwoapZWiNOrQ0K9Y3nZ6HR2cNtKMz38Pyf2=w1920-h1080-k-no,1-200,"[{""day"":""Monday"",""times"":[""8 am-11 pm""]},{""day"":""Tuesday"",""times"":[""8 am-11 pm""]},{""day"":""Wednesday"",""times"":[""8 am-11 pm""]},{""day"":""Thursday"",""times"":[""8 am-11 pm""]},{""day"":""Friday"",""times"":[""8 am-11 pm""]},{""day"":""Saturday"",""times"":[""8 am-11 pm""]},{""day"":""Sunday"",""times"":[""8 am-11 pm""]}]"
ChIJbXElf21N4DsR1Pe5z-0bC78,/g/11sh4bvw88,BELONG CAFE,Cafe,"[""Cafe""]",4.3,68,099044 08399,,"Green city, JUGGERNUT ,NEAR MAHAVEER GREENS APARTMENT GALAXY CIRCLE, Pal Rd, Surat, Gujarat 394510","{""ward"":""Adajan Gam"",""street"":""Green city, JUGGERNUT ,NEAR MAHAVEER GREENS APARTMENT GALAXY CIRCLE, Pal Rd"",""city"":""Surat"",""postal_code"":""394510"",""state"":""Gujarat"",""country_code"":""IN""}","{""latitude"":21.1908659,""longitude"":72.7802883}",https://www.google.com/maps/place/BELONG+CAF%C3%89/data=!4m7!3m6!1s0x3be04d6d7f25716d:0xbf0b1bedcfb9f7d4!8m2!3d21.1908659!4d72.7802883!16s%2Fg%2F11sh4bvw88!19sChIJbXElf21N4DsR1Pe5z-0bC78?authuser=0&hl=en&g_ep=EgoyMDI2MDgxOS4wIJJjKgBIAVAD&rclk=1,,[],https://lh3.googleusercontent.com/gps-cs-s/AHRPTWldfiRjhaB7Rs7noBvzwQSUVXrFMwHDfSKPFIU2wu5-yrRnHcG8ZrN34ZAsbJKthQEV78stBECyaHqc_HbxFLEYriSOgOu2g27Oq-u_ID4AsLZWU37t-8BWF1qwKZ0sj1Q4w5ux=w1920-h1080-k-no,1-200,"[{""day"":""Monday"",""times"":[""1:30-11 pm""]},{""day"":""Tuesday"",""times"":[""1:30-11 pm""]},{""day"":""Wednesday"",""times"":[""1:30-11 pm""]},{""day"":""Thursday"",""times"":[""1:30-11 pm""]},{""day"":""Friday"",""times"":[""1:30-11 pm""]},{""day"":""Saturday"",""times"":[""1:30-11 pm""]},{""day"":""Sunday"",""times"":[""1:30-11:30 pm""]}]"
ChIJCbeRaXhN4DsR7bhVz2Sx08c,/g/11lw8pm3yw,Kitchen 77 restaurant surat,Indian restaurant,"[""Indian restaurant"",""Restaurant""]",5,68,,,"Kitchen 77, Sarita Sagar sankul trust, Adajan Rd, opposite swaminarayan temple, Bapu Nagar, Adajan, Surat, Gujarat 395009","{""ward"":""Bapu Nagar, Adajan"",""street"":""Kitchen 77, Sarita Sagar sankul trust, Adajan Rd, opposite swaminarayan temple"",""city"":""Surat"",""postal_code"":""395009"",""state"":""Gujarat"",""country_code"":""IN""}","{""latitude"":21.1915457,""longitude"":72.80676389999999}",https://www.google.com/maps/place/Kitchen+77+restaurant+surat/data=!4m7!3m6!1s0x3be04d786991b709:0xc7d3b164cf55b8ed!8m2!3d21.1915457!4d72.8067639!16s%2Fg%2F11lw8pm3yw!19sChIJCbeRaXhN4DsR7bhVz2Sx08c?authuser=0&rclk=1,,[],https://lh3.googleusercontent.com/gps-cs-s/AHRPTWkifR3odYa5qdLegU1YMeiCFYZyYug-QOhyhnB62s9rAHlAMfpDl_-RWiO9vi5jECsdRAJVsgVdOuNeMlg2WxpQeibi8mOMPd1MLoDw2BuXdfGpD_V5Ch13Tj49RnTtvKPO1-rcvA=w1920-h1080-k-no,200-400,[]
ChIJVUoZMNZN4DsRAJ8ZXQRuh1k,/g/11z5w3l5cc,The Brew Heaven Cafe & Restro,Cafe,"[""Cafe""]",4.8,67,,,"SOHAM ARCADE, 145, Gaurav Path Road, near Bagban Circle, Adajan, Pal Gam, Surat, Gujarat 394510","{""ward"":""Adajan, Pal Gam"",""street"":""SOHAM ARCADE, 145, Gaurav Path Road, near Bagban Circle"",""city"":""Surat"",""postal_code"":""394510"",""state"":""Gujarat"",""country_code"":""IN""}","{""latitude"":21.1895194,""longitude"":72.77087449999999}",https://www.google.com/maps/place/The+Brew+Heaven+Cafe+%26+Restro/data=!4m7!3m6!1s0x3be04dd630194a55:0x59876e045d199f00!8m2!3d21.1895194!4d72.7708745!16s%2Fg%2F11z5w3l5cc!19sChIJVUoZMNZN4DsRAJ8ZXQRuh1k?authuser=0&hl=en&g_ep=EgoyMDI2MDgxOS4wIJJjKgBIAVAD&rclk=1,,"[{""link"":""https://www.eazydiner.com/surat/the-brew-heaven-cafe-restro-pal-gam-surat-716048"",""source"":""eazydiner.com""},{""link"":""https://www.swiggy.com/restaurants/the-brew-heaven-cafe-and-restro-adajan-koramangala-surat-1380506/dineout?is_retargeting=true&media_source=GoogleReserve&utm_campaign=GoogleMap&utm_source=GoogleReserve"",""source"":""swiggy.com""}]",https://lh3.googleusercontent.com/gps-cs-s/AHRPTWlWO2v54WnfYeROJvfYDygcotBCnq5BtvILAYb9Mjs2tOIzDRIUla7VcXGmEopx5U_WsT1-drb_sWpbk0nOlU30W2FIIErmXx3WMF10iGCh044JjDzxqGTjUVsdgETVxzSFKhtd4GDvsdOC=w1920-h1080-k-no,,"[{""day"":""Monday"",""times"":[""11 am-11:30 pm""]},{""day"":""Tuesday"",""times"":[""11 am-11:30 pm""]},{""day"":""Wednesday"",""times"":[""11 am-11:30 pm""]},{""day"":""Thursday"",""times"":[""11 am-11:30 pm""]},{""day"":""Friday"",""times"":[""11 am-11:30 pm""]},{""day"":""Saturday"",""times"":[""11 am-11:30 pm""]},{""day"":""Sunday"",""times"":[""11 am-11:30 pm""]}]"
ChIJixSF1lpN4DsRVkdLi2tOwFM,/g/11h_x9cxr7,Shankar Chinese Fast Food & Ice Cream,Chinese restaurant,"[""Chinese restaurant"",""Ice cream shop""]",4.4,64,094082 53807,,"Shop No. 1 vibrant mall, Near, Madhuvan Cir, opp. Abhinandan Apartment, Adajan Gam, Surat, Gujarat 395009","{""ward"":""Adajan Gam, Adajan"",""street"":""Shop No. 1 vibrant mall, Near, Madhuvan Cir, opp. Abhinandan Apartment"",""city"":""Surat"",""postal_code"":""395009"",""state"":""Gujarat"",""country_code"":""IN""}","{""latitude"":21.191606,""longitude"":72.7908422}",https://www.google.com/maps/place/Shankar+Chinese+Fast+Food+%26+Ice+Cream/data=!4m7!3m6!1s0x3be04d5ad685148b:0x53c04e6b8b4b4756!8m2!3d21.191606!4d72.7908422!16s%2Fg%2F11h_x9cxr7!19sChIJixSF1lpN4DsRVkdLi2tOwFM?authuser=0&hl=en&g_ep=EgoyMDI2MDgxOS4wIJJjKgBIAVAD&rclk=1,,[],https://lh3.googleusercontent.com/gps-cs-s/AHRPTWmQ7ry0RvsYDSJJWyzQ004N8_j4Ubyd6lcSr833r9GgK4i-dFv_gPafTfDq1ogPNk1jsbqY9Bv2grCoYANZNixcXXemEG3GNtPJHf1HmPQTJXibbs6a5KlDqudcPYAHPGRYaQvv=w1920-h1080-k-no,1-200,"[{""day"":""Monday"",""times"":[""5-11:45 pm""]},{""day"":""Tuesday"",""times"":[""5-11:45 pm""]},{""day"":""Wednesday"",""times"":[""5-11:45 pm""]},{""day"":""Thursday"",""times"":[""5-11:45 pm""]},{""day"":""Friday"",""times"":[""5-11:45 pm""]},{""day"":""Saturday"",""times"":[""5-11:45 pm""]},{""day"":""Sunday"",""times"":[""5-11:45 pm""]}]"
ChIJH8itKR1N4DsRQrlJUIM1bow,/g/11fl0wvzhd,Bhavin's Maggi,Food court,"[""Food court""]",4.9,63,098245 35254,,"Marvella Business Hub, Hazira Rd, opp. New RTO, Adajan Gam, Pal Gam, Surat, Gujarat 394510","{""ward"":""Adajan Gam, Pal Gam"",""street"":""Marvella Business Hub, Hazira Rd, opp. New RTO"",""city"":""Surat"",""postal_code"":""394510"",""state"":""Gujarat"",""country_code"":""IN""}","{""latitude"":21.1833167,""longitude"":72.78307749999999}",https://www.google.com/maps/place/Bhavin's+Maggi/data=!4m7!3m6!1s0x3be04d1d29adc81f:0x8c6e35835049b942!8m2!3d21.1833167!4d72.7830775!16s%2Fg%2F11fl0wvzhd!19sChIJH8itKR1N4DsRQrlJUIM1bow?authuser=0&hl=en&g_ep=EgoyMDI2MDgxOS4wIJJjKgBIAVAD&rclk=1,,[],https://lh3.googleusercontent.com/gps-cs-s/AHRPTWmXPPgbslEvvY9tGhJP9mW1bz8meSYNK-5HqRTxxEbNqxU41u0y-VrGn7vGVOa-f3iRz2MR8ACQbzKo2wxFF-kBtqTabwzdEl7OmUdt9AkfLN21iLXkY-ywtuSyzG_REGSc78c=w1920-h1080-k-no,,"[{""day"":""Monday"",""times"":[""5-11:30 pm""]},{""day"":""Tuesday"",""times"":[""5-11:30 pm""]},{""day"":""Wednesday"",""times"":[""5 am-11:30 pm""]},{""day"":""Thursday"",""times"":[""5 am-11:30 pm""]},{""day"":""Friday"",""times"":[""5 am-11:30 pm""]},{""day"":""Saturday"",""times"":[""5 am-11:30 pm""]},{""day"":""Sunday"",""times"":[""5-11:30 pm""]}]"
ChIJBX5wVN1N4DsRKvWsU53wQB0,/g/11b6gm7xs8,Tiku khaman house,Fast food restaurant,"[""Fast food restaurant""]",4.4,62,098251 30625,,"Swastik Apartment, Shri Shakti Nagar Society, Umra Gam, Athwa, Surat, Gujarat 395007","{""ward"":""Shri Shakti Nagar Society, Umra Gam, Athwa"",""street"":""Swastik Apartment"",""city"":""Surat"",""postal_code"":""395007"",""state"":""Gujarat"",""country_code"":""IN""}","{""latitude"":21.176040099999998,""longitude"":72.7940543}",https://www.google.com/maps/place/Tiku+khaman+house/data=!4m7!3m6!1s0x3be04ddd54707e05:0x1d40f09d53acf52a!8m2!3d21.1760401!4d72.7940543!16s%2Fg%2F11b6gm7xs8!19sChIJBX5wVN1N4DsRKvWsU53wQB0?authuser=0&hl=en&g_ep=EgoyMDI2MDgxOS4wIJJjKgBIAVAD&rclk=1,,[],https://lh3.googleusercontent.com/gps-cs-s/AHRPTWldr_cS_jyc3PXniIfi5Q55BV1nXLHcXJVhz2-QL4aV2xCBDj40YLCWgBTV3cncm0W5ErA-X46jkY5DX9P5sp-KlNzX0rIdi7Z9ou7ai_gpg_2CdsezPuhyWIflm2GPZplggTAo6QB_L5s=w1920-h1080-k-no,,"[{""day"":""Monday"",""times"":[""7:30 am-1:30 pm""]},{""day"":""Tuesday"",""times"":[""7:30 am-1:30 pm""]},{""day"":""Wednesday"",""times"":[""7:30 am-1:30 pm""]},{""day"":""Thursday"",""times"":[""7:30 am-1:30 pm""]},{""day"":""Friday"",""times"":[""7:30 am-1:30 pm""]},{""day"":""Saturday"",""times"":[""7:30 am-1:30 pm""]},{""day"":""Sunday"",""times"":[""7:30 am-1:30 pm""]}]"
ChIJE27g0fVN4DsRwSeH1CugsxM,/g/11xp8cw1wl,"Ajay's Cafe Palanpur Jakatnaka, Surat",Fast food restaurant,"[""Fast food restaurant""]",4.8,61,093278 90690,https://www.ajays.co.in/,"SHOP NO. G-2, RAJ ORION COMPLEX, opp. GOPAL PARK SOCIETY, Sandhyavandan Society, Palanpur Jakatnaka, Surat, Gujarat 395009","{""ward"":""Sandhyavandan Society, Palanpur Jakatnaka"",""street"":""SHOP NO. G-2, RAJ ORION COMPLEX, opp. GOPAL PARK SOCIETY"",""city"":""Surat"",""postal_code"":""395009"",""state"":""Gujarat"",""country_code"":""IN""}","{""latitude"":21.208880399999998,""longitude"":72.7784921}","https://www.google.com/maps/place/Ajay%E2%80%99s+Caf%C3%A9+Palanpur+Jakatnaka,+Surat/data=!4m7!3m6!1s0x3be04df5d1e06e13:0x13b3a02bd48727c1!8m2!3d21.2088804!4d72.7784921!16s%2Fg%2F11xp8cw1wl!19sChIJE27g0fVN4DsRwSeH1CugsxM?authuser=0&rclk=1&hl=en","{""link"":""https://ajays.co.in/menu/"",""source"":""ajays.co.in""}",[],https://lh3.googleusercontent.com/gps-cs-s/AHRPTWlWdc2OZviw17QrgwY87gWytn1tk4SFzQoPsSZW0JA6Kk3tB4l6-GD3HHD8B4bmoDt82NzfrOvtkl10tX3elmr6wRmh2hlGfEKnGGTYVDJdO1B17Qma8N1zsnR4guyYS5J8DFJzt0SldaOC=w1920-h1080-k-no,1-400,"[{""day"":""Monday"",""times"":[""10:30 am-12 am""]},{""day"":""Tuesday"",""times"":[""10:30 am-12 am""]},{""day"":""Wednesday"",""times"":[""10:30 am-12 am""]},{""day"":""Thursday"",""times"":[""10:30 am-12 am""]},{""day"":""Friday"",""times"":[""10:30 am-12 am""]},{""day"":""Saturday"",""times"":[""10:30 am-12 am""]},{""day"":""Sunday"",""times"":[""10:30 am-12 am""]}]"
ChIJnbMUB9lN4DsRejKoFph_9K8,/g/11n48k52cy,The Grand Galaxy Restaurant & Banquet,Restaurant,"[""Restaurant""]",4,60,090815 29000,,"5th & 6th Floor, Zircon Arena, Bhatpor Road, near Haveli, Bhatha, Surat, Gujarat 394510","{""ward"":""Bhatha"",""street"":""5th & 6th Floor, Zircon Arena, Bhatpor Road, near Haveli"",""city"":""Surat"",""postal_code"":""394510"",""state"":""Gujarat"",""country_code"":""IN""}","{""latitude"":21.1812738,""longitude"":72.7678158}",https://www.google.com/maps/place/The+Grand+Galaxy+Restaurant+%26+Banquet/data=!4m7!3m6!1s0x3be04dd90714b39d:0xaff47f9816a8327a!8m2!3d21.1812738!4d72.7678158!16s%2Fg%2F11n48k52cy!19sChIJnbMUB9lN4DsRejKoFph_9K8?authuser=0&rclk=1&hl=en,,"[{""link"":""https://www.swiggy.com/restaurants/the-grand-galaxy-bhatha-koramangala-surat-1338843/dineout?is_retargeting=true&media_source=GoogleReserve&utm_campaign=GoogleMap&utm_source=GoogleReserve"",""source"":""swiggy.com""}]",https://lh3.googleusercontent.com/gps-cs-s/AHRPTWkP_0XIjTdzUdLWdLiKV7XsTtR6iUwgsMIYG_PBiN2lFgFn10WQjg5vhBHlimkz_bhwr2hYZ6JCew1It43fOomgFMuCttAGUuZpf4ysNjq_evVgWDCVHDVAvYccm-Uso6RES_lQQEbt4uoA=w1920-h1080-k-no,400-600,"[{""day"":""Monday"",""times"":[""11:30 am-2:30 pm"",""6:30-11 pm""]},{""day"":""Tuesday"",""times"":[""11:30 am-2:30 pm"",""6:30-11 pm""]},{""day"":""Wednesday"",""times"":[""11:30 am-2:30 pm"",""6:30-11 pm""]},{""day"":""Thursday"",""times"":[""11:30 am-2:30 pm"",""6:30-11 pm""]},{""day"":""Friday"",""times"":[""11:30 am-2:30 pm"",""6:30-11 pm""]},{""day"":""Saturday"",""times"":[""11:30 am-2:30 pm"",""6:30-11 pm""]},{""day"":""Sunday"",""times"":[""11:30 am-2:30 pm"",""6:30-11 pm""]}]"
ChIJ07uFdeFN4DsRwmayrvmVjOg,/g/11wpbc67l9,THE AUTHENTIC SOUTH CAFE,Restaurant,"[""Restaurant""]",4.6,59,070968 29157,,"Shop No 1, Foodies Corner, Bagban Cricle, Gaurav Path Road, Pal Gam, Surat, Gujarat 394510","{""ward"":""Pal Gam"",""street"":""Shop No 1, Foodies Corner, Bagban Cricle, Gaurav Path Road"",""city"":""Surat"",""postal_code"":""394510"",""state"":""Gujarat"",""country_code"":""IN""}","{""latitude"":21.1897117,""longitude"":72.7722093}",https://www.google.com/maps/place/THE+AUTHENTIC+SOUTH+CAFE/data=!4m7!3m6!1s0x3be04de17585bbd3:0xe88c95f9aeb266c2!8m2!3d21.1897117!4d72.7722093!16s%2Fg%2F11wpbc67l9!19sChIJ07uFdeFN4DsRwmayrvmVjOg?authuser=0&rclk=1&hl=en,,[],https://lh3.googleusercontent.com/gps-cs-s/AHRPTWnJ2cvBqjmsTxS8ycDlyjAgrzMSz1x4dY8dAL0j0dGdYbk0LeJsgBM-nTyrKTe-m0XvCipr78oM7LIfFDSKm-RxtmzO0GTw0Co0Qt0pHDRcJB8tzEWP89OHtZU3HYfvE0GsfWkS-hHN13tG=w1920-h1080-k-no,"1-1,000","[{""day"":""Monday"",""times"":[""12 pm-1 am""]},{""day"":""Tuesday"",""times"":[""12 pm-1 am""]},{""day"":""Wednesday"",""times"":[""12 pm-1 am""]},{""day"":""Thursday"",""times"":[""12 pm-1 am""]},{""day"":""Friday"",""times"":[""12 pm-1 am""]},{""day"":""Saturday"",""times"":[""12 pm-1 am""]},{""day"":""Sunday"",""times"":[""12 pm-1 am""]}]"
ChIJEXizbCVN4DsRHIYsmH4imHg,/g/11ycy5cxqg,Madhav Foods - Adajan,Restaurant,"[""Restaurant"",""Chinese takeaway"",""Gujarati restaurant"",""Meal delivery"",""Takeout restaurant"",""Punjabi restaurant""]",4.7,58,,,"Shop 16, Gate-2, Adajan Hazira Road, nr. Adajan Gam Circle, opp. Samarth Park, Ahura Nagar Soc, Adajan Gam, Adajan, Surat, Gujarat 395009","{""ward"":""Ahura Nagar Soc, Adajan Gam, Adajan"",""street"":""Shop 16, Gate-2, Adajan Hazira Road, nr. Adajan Gam Circle, opp. Samarth Park"",""city"":""Surat"",""postal_code"":""395009"",""state"":""Gujarat"",""country_code"":""IN""}","{""latitude"":21.1905181,""longitude"":72.7973557}",https://www.google.com/maps/place/Orma+Foods+-+Adajan/data=!4m7!3m6!1s0x3be04d256cb37811:0x7898227e982c861c!8m2!3d21.1905181!4d72.7973557!16s%2Fg%2F11ycy5cxqg!19sChIJEXizbCVN4DsRHIYsmH4imHg?authuser=0&rclk=1&hl=en,,[],https://lh3.googleusercontent.com/gps-cs-s/AHRPTWmTS08KQ2WmJM3hpsAQFULVlR2lPpbw352K_EKKmJkrGHzTTSjg5bFW0R1TZBmeshGe8ND5z84iIHxKRQYul16WpZ2mcXRkxtoCQB1lEGmqq2dsv6M4gNW82NQGwwkrMHhQp_G6knC8IenL=w1920-h1080-k-no,1-200,[]
ChIJI70m66dN4DsRjZGQsASRkns,/g/11qfhgt35j,Jay Jalaram Aloopuri & Fafda,Breakfast restaurant,"[""Breakfast restaurant""]",4.3,56,084698 83773,,"6Q4F+QC9, 27, Palanpur Canal Rd, near Mini Virpur, Palanpur, Surat, Gujarat 395009","{""ward"":""Palanpur"",""street"":""6Q4F+QC9, 27, Palanpur Canal Rd, near Mini Virpur"",""city"":""Surat"",""postal_code"":""395009"",""state"":""Gujarat"",""country_code"":""IN""}","{""latitude"":21.2069688,""longitude"":72.773612}",https://www.google.com/maps/place/Jay+Jalaram+Aloopuri+%26+Fafda/data=!4m7!3m6!1s0x3be04da7eb26bd23:0x7b929104b090918d!8m2!3d21.2069688!4d72.773612!16s%2Fg%2F11qfhgt35j!19sChIJI70m66dN4DsRjZGQsASRkns?authuser=0&hl=en&g_ep=EgoyMDI2MDgxOS4wIJJjKgBIAVAD&rclk=1,,[],https://lh3.googleusercontent.com/gps-cs-s/AHRPTWkJJu8s73msf6F-ji1rgHAsMErXhgDPlDFPgmDP1vf1X-fNNoDqbPE4XdsVtbixG4YBt8a452gNJVaRh693BwJVs-lZ2B7xo8W4Q2gS7gFKQ2vczB3cXunRRc09lQnhV4r_8bigrw=w1920-h1080-k-no,1-200,"[{""day"":""Monday"",""times"":[""7 am-11 pm""]},{""day"":""Tuesday"",""times"":[""7 am-11 pm""]},{""day"":""Wednesday"",""times"":[""7 am-11 pm""]},{""day"":""Thursday"",""times"":[""7 am-11 pm""]},{""day"":""Friday"",""times"":[""7 am-11 pm""]},{""day"":""Saturday"",""times"":[""7 am-11 pm""]},{""day"":""Sunday"",""times"":[""7 am-11 pm""]}]"
ChIJseoXmT1N4DsRVuC5vMIvBiY,/g/11mtrc4lnz,N.K. Bhandari's Spicy Palace,Restaurant,"[""Restaurant""]",4.7,56,093165 38533,,"SHOP NO.G-2,OM SAI APPARTMENT,MASJID ROAD, Adajan Gam, Adajan, Surat, Gujarat 395009","{""ward"":""Adajan Gam, Adajan"",""street"":""SHOP NO.G-2,OM SAI APPARTMENT,MASJID ROAD"",""city"":""Surat"",""postal_code"":""395009"",""state"":""Gujarat"",""country_code"":""IN""}","{""latitude"":21.1922729,""longitude"":72.7936745}",https://www.google.com/maps/place/N.K.+Bhandari's+Spicy+Palace/data=!4m7!3m6!1s0x3be04d3d9917eab1:0x26062fc2bcb9e056!8m2!3d21.1922729!4d72.7936745!16s%2Fg%2F11mtrc4lnz!19sChIJseoXmT1N4DsRVuC5vMIvBiY?authuser=0&hl=en&g_ep=EgoyMDI2MDgxOS4wIJJjKgBIAVAD&rclk=1,,[],https://lh3.googleusercontent.com/gps-cs-s/AHRPTWk_-agKD47DaTLbYNXLIXapdjwaCiuKIEXUdeCXc7hYbf94jD4ID8rJOQwvZxarK3cUrYy7KVakkSE2gVESnPETv-ltEAqZS00G7sOMBC3tnUdRojwyakxqrLJKJUD-9k5Tmo0Z=w1920-h1080-k-no,200-400,"[{""day"":""Monday"",""times"":[""7:30-11 pm""]},{""day"":""Tuesday"",""times"":[""7:30-11 pm""]},{""day"":""Wednesday"",""times"":[""7:30-11 pm""]},{""day"":""Thursday"",""times"":[""Closed""]},{""day"":""Friday"",""times"":[""7:30-11 pm""]},{""day"":""Saturday"",""times"":[""7:30-11 pm""]},{""day"":""Sunday"",""times"":[""7:30-11 pm""]}]"
ChIJyUrI899N4DsRfSXyfj2gALI,/g/11xcczfd5g,SouthTadka -- The Taste Of South,South Indian restaurant,"[""South Indian restaurant""]",4.2,56,092270 01517,,"SHOP NO 6,7 ,LA MELA FOOD COURT BHAGBAN CIRCLE, Gaurav Path Road, Pal Gam, Surat, Gujarat 394510","{""ward"":""Pal Gam"",""street"":""SHOP NO 6,7 ,LA MELA FOOD COURT BHAGBAN CIRCLE, Gaurav Path Road"",""city"":""Surat"",""postal_code"":""394510"",""state"":""Gujarat"",""country_code"":""IN""}","{""latitude"":21.1894712,""longitude"":72.7715928}",https://www.google.com/maps/place/SouthTadka+%E2%80%94+The+Taste+Of+South/data=!4m7!3m6!1s0x3be04ddff3c84ac9:0xb200a03d7ef2257d!8m2!3d21.1894712!4d72.7715928!16s%2Fg%2F11xcczfd5g!19sChIJyUrI899N4DsRfSXyfj2gALI?authuser=0&hl=en&g_ep=EgoyMDI2MDgxOS4wIJJjKgBIAVAD&rclk=1,,[],https://lh3.googleusercontent.com/gps-cs-s/AHRPTWkPvfOFcxWeWziCy7UpWOqK4KbbfPxYQtA-xjcYfhdyu1U-DgQrsy65V-FCmMPRPLAdEA2JhOUqfMDLMEjd0k62SZLqayjith7_hxWrOYXgBnz2hK1qteHJfyr-EmaBNLRKM5lhANULYnI=w1920-h1080-k-no,1-200,"[{""day"":""Monday"",""times"":[""5:30 pm-12:30 am""]},{""day"":""Tuesday"",""times"":[""5:30 pm-12:30 am""]},{""day"":""Wednesday"",""times"":[""5:30 pm-12:30 am""]},{""day"":""Thursday"",""times"":[""5:30 pm-12:30 am""]},{""day"":""Friday"",""times"":[""5:30 pm-12:30 am""]},{""day"":""Saturday"",""times"":[""5:30 pm-12:30 am""]},{""day"":""Sunday"",""times"":[""5:30 pm-12:30 am""]}]"
ChIJk5xtix9N4DsRZsCTLooUxmU,/g/11hdz2v35h,Night Food Service,Fast food restaurant,"[""Fast food restaurant""]",4.6,53,099132 34270,,"Shop No 3 Vibrant Mall, Near, Madhuvan Cir, opp. Abhinandan Apparment, Adajan, Surat, Gujarat 395009","{""ward"":""Adajan Gam, Adajan"",""street"":""Shop No 3 Vibrant Mall, Near, Madhuvan Cir, opp. Abhinandan Apparment"",""city"":""Surat"",""postal_code"":""395009"",""state"":""Gujarat"",""country_code"":""IN""}","{""latitude"":21.1913996,""longitude"":72.7907311}",https://www.google.com/maps/place/Night+Food+Service/data=!4m7!3m6!1s0x3be04d1f8b6d9c93:0x65c6148a2e93c066!8m2!3d21.1913996!4d72.7907311!16s%2Fg%2F11hdz2v35h!19sChIJk5xtix9N4DsRZsCTLooUxmU?authuser=0&hl=en&g_ep=EgoyMDI2MDgxOS4wIJJjKgBIAVAD&rclk=1,"{""link"":""https://d-nightfoodservice.dotpe.in/"",""source"":""d-nightfoodservice.dotpe.in""}",[],https://lh3.googleusercontent.com/gps-cs-s/AHRPTWkyDOc-Jk7M3deIHN2ZtKLGicLkDJSO4U_Kpbj3Wszb_eoaa643INU0xBfw5I-xVJ8hNieRwo_YJlqwMlLUoi3kbD2TZ0Di1KOjx9rN3rI8XadsfDUrb4QA3NwUT_7TTwsS94YkDw=w1920-h1080-k-no,,"[{""day"":""Monday"",""times"":[""11 pm-3 am""]},{""day"":""Tuesday"",""times"":[""11 pm-3 am""]},{""day"":""Wednesday"",""times"":[""11 pm-3 am""]},{""day"":""Thursday"",""times"":[""11 pm-3 am""]},{""day"":""Friday"",""times"":[""11 pm-3 am""]},{""day"":""Saturday"",""times"":[""11 pm-3 am""]},{""day"":""Sunday"",""times"":[""11 pm-3 am""]}]"
ChIJu3EwwVZP4DsRslijBxPaRCs,/g/11vry4445_,Amritsar Se - Athwa,Fast food restaurant,"[""Fast food restaurant""]",4.2,52,077779 46567,,"Shilp Apartment, near Gokulam Dairy Road, Adarsh Society, Athwa, Surat, Gujarat 395001","{""ward"":""Adarsh Society, Athwa"",""street"":""Shilp Apartment, near Gokulam Dairy Road"",""city"":""Surat"",""postal_code"":""395001"",""state"":""Gujarat"",""country_code"":""IN""}","{""latitude"":21.1786379,""longitude"":72.81105819999999}",https://www.google.com/maps/place/Amritsar+Se+-+Athwa/data=!4m7!3m6!1s0x3be04f56c13071bb:0x2b44da1307a358b2!8m2!3d21.1786379!4d72.8110582!16s%2Fg%2F11vry4445_!19sChIJu3EwwVZP4DsRslijBxPaRCs?authuser=0&hl=en&g_ep=EgoyMDI2MDgxOS4wIJJjKgBIAVAD&rclk=1,,[],https://lh3.googleusercontent.com/gps-cs-s/AHRPTWkbg1uZ_637ObFPpplCvtGHCdpxJa3R9cY2fkXj_pLwsxUBiTgVDfBjlZm-nx9PE-3T0cbQeh-47g9tLYiVctxsnj45YTp-b-3WXo7LtTEaEpRHKI49miAN0rNRq60-m2Ejygne=w1920-h1080-k-no,1-200,"[{""day"":""Monday"",""times"":[""Open 24 hours""]},{""day"":""Tuesday"",""times"":[""Open 24 hours""]},{""day"":""Wednesday"",""times"":[""Open 24 hours""]},{""day"":""Thursday"",""times"":[""Open 24 hours""]},{""day"":""Friday"",""times"":[""Open 24 hours""]},{""day"":""Saturday"",""times"":[""Open 24 hours""]},{""day"":""Sunday"",""times"":[""Open 24 hours""]}]"
ChIJu6znyjhM4DsRryYJD6cGTqQ,/g/11ggm3v64s,Chotiwala Restaurant,Restaurant,"[""Restaurant""]",4.6,52,075674 93146,,"Shop no. 24, Ugat Rd, Vivekanand Twp, Palanpur Jakatnaka, Surat, Gujarat 395005","{""ward"":""Vivekanand Township, Palanpur Jakatnaka"",""street"":""Shop no. 24, Ugat Rd"",""city"":""Surat"",""postal_code"":""395005"",""state"":""Gujarat"",""country_code"":""IN""}","{""latitude"":21.2118033,""longitude"":72.7822568}",https://www.google.com/maps/place/Chotiwala+Restaurant/data=!4m7!3m6!1s0x3be04c38cae7acbb:0xa44e06a70f0926af!8m2!3d21.2118033!4d72.7822568!16s%2Fg%2F11ggm3v64s!19sChIJu6znyjhM4DsRryYJD6cGTqQ?authuser=0&hl=en&g_ep=EgoyMDI2MDgxOS4wIJJjKgBIAVAD&rclk=1,,[],https://lh3.googleusercontent.com/gps-cs-s/AHRPTWlyH5rR9DJuRpuKusgwueG4Q4OIYLbIGXvth6paabIXVKHKXfHpM1cDE3qIe64zgwIT-PbRu_paARPC9zmB0jaQnVaZ15b1XM8okTMP2kkIKJl-b0XCDashaL9n6frtiYf6QbydOA=w1920-h1080-k-no,1-200,"[{""day"":""Monday"",""times"":[""11 am-2:30 pm"",""7-9:45 pm""]},{""day"":""Tuesday"",""times"":[""11 am-2:30 pm"",""7-9:45 pm""]},{""day"":""Wednesday"",""times"":[""11 am-2:30 pm"",""7-9:45 pm""]},{""day"":""Thursday"",""times"":[""11 am-2:30 pm"",""7-9:45 pm""]},{""day"":""Friday"",""times"":[""11 am-2:30 pm"",""7-9:45 pm""]},{""day"":""Saturday"",""times"":[""11 am-2:30 pm"",""7-9:45 pm""]},{""day"":""Sunday"",""times"":[""11 am-2:30 pm"",""7-9:45 pm""]}]"
ChIJDTcNRwBN4DsRJLjXQEOM3vQ,/g/11vyx6x16q,Indian Express Restaurant,Restaurant,"[""Restaurant""]",4.5,51,099131 63763,http://www.indianexpress.in/,"G-12, Riddhi Residency, Pal Gam Rd, Soham Park, Adajan Gam, Adajan, Surat, Gujarat 395009","{""ward"":""Soham Park, Adajan Gam, Adajan"",""street"":""G-12, Riddhi Residency, Pal Gam Rd"",""city"":""Surat"",""postal_code"":""395009"",""state"":""Gujarat"",""country_code"":""IN""}","{""latitude"":21.1963671,""longitude"":72.78456659999999}",https://www.google.com/maps/place/Indian+Express+Restaurant/data=!4m7!3m6!1s0x3be04d00470d370d:0xf4de8c4340d7b824!8m2!3d21.1963671!4d72.7845666!16s%2Fg%2F11vyx6x16q!19sChIJDTcNRwBN4DsRJLjXQEOM3vQ?authuser=0&hl=en&g_ep=EgoyMDI2MDgxOS4wIJJjKgBIAVAD&rclk=1,,[],https://lh3.googleusercontent.com/gps-cs-s/AHRPTWmAbhi6aXLNYTIuq-bCElb0vzXrhq1lH895g5qa27YxGW3d1uuoU8Pel3s34u0yPghE67IYtDA5U7iEZQHA_c0W4um7ugYOmas61SgfShhGQwsxwC46pwShstatySnSXC8j5Z84=w1920-h1080-k-no,1-200,"[{""day"":""Monday"",""times"":[""5 pm-12 am""]},{""day"":""Tuesday"",""times"":[""12 am-12 pm"",""5 pm-12 am""]},{""day"":""Wednesday"",""times"":[""12 am-12 pm"",""5-11:30 pm""]},{""day"":""Thursday"",""times"":[""5-11:30 pm""]},{""day"":""Friday"",""times"":[""5-11:30 pm""]},{""day"":""Saturday"",""times"":[""5-11:30 pm""]},{""day"":""Sunday"",""times"":[""5-11:30 pm""]}]"
ChIJNbGmmW1N4DsRQwZl1kQikPo,/g/11gv14wj6t,Premvati AC Dining Hall,Family restaurant,"[""Family restaurant"",""Gujarati restaurant""]",4,50,098250 96965,http://www.baps.org/,"5RQ3+82V, Swaminarayan Rd, Janak Park Society, Adajan Gam, Adajan, Surat, Gujarat 395009","{""ward"":""Janak Park Society, Adajan Gam, Adajan"",""street"":""5RQ3+82V, Swaminarayan Rd"",""city"":""Surat"",""postal_code"":""395009"",""state"":""Gujarat"",""country_code"":""IN""}","{""latitude"":21.1883692,""longitude"":72.8025529}",https://www.google.com/maps/place/Premvati+AC+Dining+Hall/data=!4m7!3m6!1s0x3be04d6d99a6b135:0xfa902244d6650643!8m2!3d21.1883692!4d72.8025529!16s%2Fg%2F11gv14wj6t!19sChIJNbGmmW1N4DsRQwZl1kQikPo?authuser=0&rclk=1&hl=en,,[],https://lh3.googleusercontent.com/gps-cs-s/AHRPTWnB4a47lpV166ZC8ZRD5mMpr-qDyeJncMCf-XB5ZdPlF-xVfPIsqWTIbsfZUQaXgWqHMkjBUk3-oigYbYRGVsXLml1EScvwhDJPVUiw4_JrAugyisBEJ41hLxSxA5rm5_teWCJK=w1920-h1080-k-no,,"[{""day"":""Monday"",""times"":[""10 am-2 pm"",""5-10 pm""]},{""day"":""Tuesday"",""times"":[""10 am-2 pm"",""5-10 pm""]},{""day"":""Wednesday"",""times"":[""10 am-2 pm"",""5-10 pm""]},{""day"":""Thursday"",""times"":[""10 am-2 pm"",""5-10 pm""]},{""day"":""Friday"",""times"":[""10 am-2 pm"",""5-10 pm""]},{""day"":""Saturday"",""times"":[""10 am-2 pm"",""5-10 pm""]},{""day"":""Sunday"",""times"":[""10 am-2 pm"",""5-10 pm""]}]"
ChIJA6CHeNFN4DsRPlLDH-DgCu0,/g/11hcsp0l_j,Bhandari Nonveg Center,Non Vegetarian Restaurant,"[""Non Vegetarian Restaurant""]",4.1,50,092279 10044,,"5QQW+W6F, Guru Ram Pavan Bhumi, Adajan Gam, Adajan, Surat, Gujarat 395009","{""ward"":""Guru Ram Pavan Bhumi, Adajan Gam, Adajan"",""street"":""5QQW+W6F"",""city"":""Surat"",""postal_code"":""395009"",""state"":""Gujarat"",""country_code"":""IN""}","{""latitude"":21.189823699999998,""longitude"":72.79555909999999}",https://www.google.com/maps/place/Bhandari+Nonveg+Center/data=!4m7!3m6!1s0x3be04dd17887a003:0xed0ae0e01fc3523e!8m2!3d21.1898237!4d72.7955591!16s%2Fg%2F11hcsp0l_j!19sChIJA6CHeNFN4DsRPlLDH-DgCu0?authuser=0&hl=en&g_ep=EgoyMDI2MDgxOS4wIJJjKgBIAVAD&rclk=1,,[],https://lh3.googleusercontent.com/gps-cs-s/AHRPTWkxXOODdpkTkArAHpaigKpytrxs5nhUslxUPq_UHPXPii3rJ0ZxvcQ_yoQhFMlEHwfEhHfLX9-66CimnPOAITl8jAXCUYy_Es4WzCS8h0Q6Ug6dy4rbwAD93FxyA8j_tNOYiHrG=w1920-h1080-k-no,1-400,"[{""day"":""Monday"",""times"":[""7-11 pm""]},{""day"":""Tuesday"",""times"":[""7-11 pm""]},{""day"":""Wednesday"",""times"":[""7-11 pm""]},{""day"":""Thursday"",""times"":[""7-11 pm""]},{""day"":""Friday"",""times"":[""7-11 pm""]},{""day"":""Saturday"",""times"":[""7-11 pm""]},{""day"":""Sunday"",""times"":[""7-11 pm""]}]"
ChIJF_1L32ZN4DsRD7upRuWfyYU,/g/11kq45rmwh,Grill Zone Fast Food,Pizza restaurant,"[""Pizza restaurant""]",4.3,50,098794 16911,,"Rio Empire, Near, Pal - Umra Bridge, opp. Reliance Smart Bazar, Adajan Gam, Pal Gam, Surat, Gujarat 394510","{""ward"":""Adajan Gam, Pal Gam"",""street"":""Rio Empire, Near, Pal - Umra Bridge, opp. Reliance Smart Bazar"",""city"":""Surat"",""postal_code"":""394510"",""state"":""Gujarat"",""country_code"":""IN""}","{""latitude"":21.1833091,""longitude"":72.7798846}",https://www.google.com/maps/place/Grill+Zone+Fast+Food/data=!4m7!3m6!1s0x3be04d66df4bfd17:0x85c99fe546a9bb0f!8m2!3d21.1833091!4d72.7798846!16s%2Fg%2F11kq45rmwh!19sChIJF_1L32ZN4DsRD7upRuWfyYU?authuser=0&hl=en&g_ep=EgoyMDI2MDgxOS4wIJJjKgBIAVAD&rclk=1,,[],https://lh3.googleusercontent.com/gps-cs-s/AHRPTWmjD21keXYZnEelQBADZiemca6LfhQ38g0mozTgdQZtMcrXu_-Be0lY5BMi73xGlstnCUiKTyfG34hCTpxy7-n4EgshXWie-MtjBv6yB1tp29XtHE5_-l0dOvXtHGX8u0YarJvwrrrwGZI=w1920-h1080-k-no,1-200,"[{""day"":""Monday"",""times"":[""12-11:30 pm""]},{""day"":""Tuesday"",""times"":[""12-11:30 pm""]},{""day"":""Wednesday"",""times"":[""12-11:30 pm""]},{""day"":""Thursday"",""times"":[""12-11:30 pm""]},{""day"":""Friday"",""times"":[""12-11:30 pm""]},{""day"":""Saturday"",""times"":[""12-11:30 pm""]},{""day"":""Sunday"",""times"":[""12-11:30 pm""]}]"
